SubmissionDate,starttime,endtime,deviceid,subscriberid,simserial,phonenumber,username,duration,duration_min,caseid,audio_audit,text_audit,q001a,q001b,q001,q001c,q010a,q010b,q011a,q011b,q012a,q012b,siteid,surveyid,geo-Latitude,geo-Longitude,geo-Altitude,geo-Accuracy,qmois,qannee,index_0_4ans_h,index_0_4ans_f,index_5_14ans_h,index_5_14ans_f,index_15plus_h,index_15plus_f,index_total_h,index_total_f,index_total,index_investigue_h,index_investigue_f,index_total_investigue,pourcent_index_investig,cf_rep_0_4ans_h,cf_rep_0_4ans_f,cf_rep_5_14ans_h,cf_rep_5_14ans_f,cf_rep_15plus_h,cf_rep_15plus_f,cf_rep_total_h,cf_rep_total_f,cf_rep_total,cf_inv_0_4ans_h,cf_inv_0_4ans_f,cf_inv_5_14ans_h,cf_inv_5_14ans_f,cf_inv_15plus_h,cf_inv_15plus_f,cf_inv_total_h,cf_inv_total_f,cf_inv_total,cf_pct_0_4ans_h,cf_pct_0_4ans_f,cf_pct_5_14ans_h,cf_pct_5_14ans_f,cf_pct_15plus_h,cf_pct_15plus_f,cf_pct_total_h,cf_pct_total_f,cf_pct_total,cf_vih_pos_h,cf_vih_pos_f,cf_vih_neg_h,cf_vih_neg_f,cf_vih_total_h,cf_vih_total_f,cf_vih_total,tb_presume_0_4ans_h,tb_presume_0_4ans_f,tb_presume_5_14ans_h,tb_presume_5_14ans_f,tb_presume_15plus_h,tb_presume_15plus_f,tb_presume_total_h,tb_presume_total_f,tb_presume_total,tb_presume_pct_total_h,tb_presume_pct_total_f,tb_presume_pct_total,tb_oriente_cdt_0_4ans_h,tb_oriente_cdt_0_4ans_f,tb_oriente_cdt_5_14ans_h,tb_oriente_cdt_5_14ans_f,tb_oriente_cdt_15plus_h,tb_oriente_cdt_15plus_f,tb_oriente_cdt_total_h,tb_oriente_cdt_total_f,tb_oriente_cdt_total,tb_oriente_pct_total_h,tb_oriente_pct_total_f,tb_oriente_pct_total,cf_conf_tb_0_4ans_h,cf_conf_tb_0_4ans_f,cf_conf_tb_5_14ans_h,cf_conf_tb_5_14ans_f,cf_conf_tb_15plus_h,cf_conf_tb_15plus_f,cf_conf_tb_total_h,cf_conf_tb_total_f,cf_conf_tb_total,cf_conf_tb_pct_0_4ans_h,cf_conf_tb_pct_total_h,cf_conf_tb_pct_total_f,cf_conf_tb_pct_total,cf_conf_trait_0_4ans_h,cf_conf_trait_0_4ans_f,cf_conf_trait_5_14ans_h,cf_conf_trait_5_14ans_f,cf_conf_trait_15plus_h,cf_conf_trait_15plus_f,cf_conf_trait_total_h,cf_conf_trait_total_f,cf_conf_trait_total,cf_tpt_elig_0_4ans_h,cf_tpt_elig_0_4ans_f,cf_tpt_elig_5_14ans_h,cf_tpt_elig_5_14ans_f,cf_tpt_elig_15plus_h,cf_tpt_elig_15plus_f,cf_tpt_elig_total_h,cf_tpt_elig_total_f,cf_tpt_elig_total,cf_tpt_init_0_4ans_h,cf_tpt_init_0_4ans_f,cf_tpt_init_5_14ans_h,cf_tpt_init_5_14ans_f,cf_tpt_init_15plus_h,cf_tpt_init_15plus_f,cf_tpt_init_total_h,cf_tpt_init_total_f,cf_tpt_init_total,cf_tpt_pct_total_h,cf_tpt_pct_total_f,cf_tpt_pct_total,tb_conf_trait6m_0_4ans_h,tb_conf_trait6m_0_4ans_f,tb_conf_trait6m_5_14ans_h,tb_conf_trait6m_5_14ans_f,tb_conf_trait6m_15plus_h,tb_conf_trait6m_15plus_f,tb_conf_trait6m_total_h,tb_conf_trait6m_total_f,tb_conf_trait6m_total,tpt_3m_0_4ans_h,tpt_3m_0_4ans_f,tpt_3m_5_14ans_h,tpt_3m_5_14ans_f,tpt_3m_15plus_h,tpt_3m_15plus_f,tpt_3m_total_h,tpt_3m_total_f,tpt_3m_total,tpt_termine_0_4ans_h,tpt_termine_0_4ans_f,tpt_termine_5_14ans_h,tpt_termine_5_14ans_f,tpt_termine_15plus_h,tpt_termine_15plus_f,tpt_termine_total_h,tpt_termine_total_f,tpt_termine_total,tpt_pct_total_h,tpt_pct_total_f,tpt_pct_total,tb_gueris_0_4ans_h,tb_gueris_0_4ans_f,tb_gueris_5_14ans_h,tb_gueris_5_14ans_f,tb_gueris_15plus_h,tb_gueris_15plus_f,tb_gueris_total_h,tb_gueris_total_f,tb_gueris_total,instanceID,instanceName,formdef_version,KEY
10 août 2026 15:04:33,10 août 2026 13:26:03,10 août 2026 14:38:09,76ac26ff62648e44,,,,posaf2026,4178,69.63333333333334,,,https://posaf.surveycto.com/view/submission-attachment/?uuid=uuid%3Af39755f8-5609-408e-914a-fbb19b0c7817&file=TA_f39755f8-5609-408e-914a-fbb19b0c7817.csv,10 août 2026,13:26:32,1,Kapemb muin-muamb,6,lm Lomami,106,lm Kalenda,494,lm Tshilomba Centre de Santé,6-106-494,6-106-494-FA,-7.045025,23.5309983,0.0,3200.0,mois_7,an2026,0,0,0,1,4,3,4,4,8,4,4,8,100,4,3,4,2,32,38,40,43,83,4,3,4,2,32,38,40,43,83,100,100,100,100,100,100,100,100,100,0,0,0,0,0,0,0,4,3,3,2,14,10,21,15,36,52.5,34.883720930232556,43.373493975903614,4,2,3,2,14,10,21,14,35,100,93.33333333333333,97.22222222222221,0,0,0,0,0,0,0,0,0,0,0,0,0,0,0,0,0,0,0,0,0,0,1,1,0,1,1,1,2,3,5,0,0,0,0,0,0,0,0,0,0,0,0,0,0,0,0,0,0,0,0,0,1,1,0,0,1,1,2,2,4,0,0,0,0,0,0,0,0,0,0,0,0,0,0,0,0,6,3,6,3,9,uuid:f39755f8-5609-408e-914a-fbb19b0c7817,6-106-494-FA,2685538,uuid:f39755f8-5609-408e-914a-fbb19b0c7817
11 août 2026 11:10:27,11 août 2026 11:00:26,11 août 2026 11:07:55,6a2f2306c32f0c56,,,,posaf2026,449,7.483333333333333,,,https://posaf.surveycto.com/view/submission-attachment/?uuid=uuid%3Aa9be5135-2add-449b-8f3d-ed43bca2efd5&file=TA_a9be5135-2add-449b-8f3d-ed43bca2efd5.csv,10 août 2026,11:00:36,1,Pascal SANGWA YA LWAMBA,9,tn Tanganyika,174,tn Kongolo,799,tn Keba Centre de Santé,9-174-799,9-174-799-FA,-5.3493934,27.0296514,582.1,5.0,mois_7,an2026,4,7,0,0,0,0,4,7,11,0,0,0,0,0,0,0,0,0,0,0,0,0,0,0,0,0,0,0,0,0,0,,,,,,,,,,0,0,0,0,0,0,0,0,0,0,0,0,0,0,0,0,,,,0,0,0,0,0,0,0,0,0,,,,0,0,0,0,0,0,0,0,0,,,,,0,0,0,0,0,0,0,0,0,0,0,0,0,0,0,0,0,0,0,0,0,0,0,0,0,0,0,,,,0,0,0,0,0,0,0,0,0,0,0,0,0,0,0,0,0,0,0,0,0,0,0,0,0,0,0,,,,0,0,0,0,0,0,0,0,0,uuid:a9be5135-2add-449b-8f3d-ed43bca2efd5,9-174-799-FA,2685538,uuid:a9be5135-2add-449b-8f3d-ed43bca2efd5
11 août 2026 14:53:11,11 août 2026 14:11:09,11 août 2026 14:52:40,6a3bfdc89e6515a9,,,,posaf2026,2491,41.516666666666666,,,https://posaf.surveycto.com/view/submission-attachment/?uuid=uuid%3Ac4e4ddbf-d615-4bf3-8d30-f92a5570de85&file=TA_c4e4ddbf-d615-4bf3-8d30-f92a5570de85.csv,7 août 2026,08:29:48,1,Annette Tambabiebe,4,kr Kasai Central,70,kr Demba,329,kr Demba Cité Centre de Santé,4-70-329,4-70-329-FA,-5.4971063,22.270629,0.0,100.0,mois_7,an2026,3,4,2,2,12,9,17,15,32,12,9,21,65.625,9,11,10,10,71,79,90,100,190,6,7,10,10,41,30,57,47,104,66.66666666666666,63.63636363636363,100,100,57.74647887323944,37.9746835443038,63.33333333333333,47,54.736842105263165,0,2,0,0,0,2,2,0,0,2,2,35,30,37,32,69,41.11111111111111,32,36.31578947368421,0,0,2,2,30,30,32,32,64,86.48648648648648,100,92.7536231884058,0,0,0,0,5,3,5,3,8,0,8.771929824561402,6.382978723404255,7.6923076923076925,0,0,0,0,5,3,5,3,8,5,5,0,0,0,0,5,5,10,0,0,0,0,0,0,0,0,0,0,0,0,0,0,0,0,5,0,5,0,5,5,5,0,0,0,0,5,5,10,0,0,0,0,0,0,0,0,0,0,0,0,0,0,0,0,0,0,0,0,0,uuid:c4e4ddbf-d615-4bf3-8d30-f92a5570de85,4-70-329-FA,2685538,uuid:c4e4ddbf-d615-4bf3-8d30-f92a5570de85
12 août 2026 09:24:59,7 août 2026 11:14:46,11 août 2026 14:20:27,4b9735389e0dceb1,,,,posaf2026,1170,19.5,,,https://posaf.surveycto.com/view/submission-attachment/?uuid=uuid%3A6024d4bd-d950-407f-bbdd-146136acc5bd&file=TA_6024d4bd-d950-407f-bbdd-146136acc5bd.csv,7 août 2026,11:14:13,1,MUGANZA,9,tn Tanganyika,179,tn Nyunzu,828,tn Kabeya May Centre de Santé,9-179-828,9-179-828-FA,-5.9502941,28.0210791,727.3,4.7,mois_6,an2026,0,0,0,0,3,3,3,3,6,3,3,6,100,7,3,0,0,9,13,16,16,32,0,0,0,0,2,5,2,5,7,0,0,,,22.22222222222222,38.46153846153847,12.5,31.25,21.875,0,0,0,0,0,0,0,0,0,0,0,1,2,1,2,3,6.25,12.5,9.375,0,0,0,0,1,2,1,2,3,100,100,100,0,0,0,0,1,2,1,2,3,,50,40,42.857142857142854,0,0,0,0,1,2,1,2,3,0,0,0,0,1,2,1,2,3,0,0,0,0,1,2,1,2,3,100,100,100,0,0,0,0,1,2,1,2,3,0,0,0,0,1,2,1,2,3,0,0,0,0,1,2,1,2,3,100,100,100,0,0,0,0,1,2,1,2,3,uuid:6024d4bd-d950-407f-bbdd-146136acc5bd,9-179-828-FA,2685538,uuid:6024d4bd-d950-407f-bbdd-146136acc5bd
12 août 2026 18:06:53,12 août 2026 17:30:30,12 août 2026 18:06:43,52d37719c4060701,,,,posaf2026,1514,25.233333333333334,,,https://posaf.surveycto.com/view/submission-attachment/?uuid=uuid%3Afd2c0849-34c0-405e-b8c3-ada3e1dca3bc&file=TA_fd2c0849-34c0-405e-b8c3-ada3e1dca3bc.csv,12 août 2026,17:30:42,1,,,,,,,,--,---FA,,,,,mois_7,an2026,0,0,3,3,4,12,7,15,22,4,12,16,72.72727272727273,39,39,6,6,22,25,67,70,137,0,0,4,3,22,25,26,28,54,0,0,66.66666666666666,50,100,100,38.80597014925373,40,39.416058394160586,0,0,0,0,0,0,0,0,0,2,3,10,15,12,18,30,17.91044776119403,25.71428571428571,21.897810218978105,0,0,2,1,2,2,4,3,7,33.33333333333333,16.666666666666664,23.333333333333332,0,0,2,2,5,6,7,8,15,,26.923076923076923,28.57142857142857,27.77777777777778,0,0,2,2,5,5,7,7,14,0,0,0,0,2,2,2,2,4,0,0,0,0,0,0,0,0,0,0,0,0,0,0,0,0,0,0,0,0,0,0,0,0,0,0,0,0,0,0,0,0,0,0,8,0,8,0,8,Infinity,,Infinity,0,0,0,0,0,0,0,0,0,uuid:fd2c0849-34c0-405e-b8c3-ada3e1dca3bc,---FA,2685538,uuid:fd2c0849-34c0-405e-b8c3-ada3e1dca3bc
12 août 2026 21:21:40,12 août 2026 18:24:54,12 août 2026 21:21:14,cf88b275d0b04ae9,,,,posaf2026,907,15.116666666666667,,,https://posaf.surveycto.com/view/submission-attachment/?uuid=uuid%3Aa2f36b55-48fa-4c17-82c1-7e12a3d0b866&file=TA_a2f36b55-48fa-4c17-82c1-7e12a3d0b866.csv,12 août 2026,18:24:57,1,Ilunga tshebwe shalom,9,tn Tanganyika,174,tn Kongolo,,,9-174-,9-174--FA,,,,,mois_7,an2026,18,12,21,12,10,10,49,34,83,10,10,20,24.096385542168676,0,0,0,0,0,0,0,0,0,0,0,0,0,0,0,0,0,0,,,,,,,,,,0,0,0,0,0,0,0,0,0,0,0,0,0,0,0,0,,,,0,0,0,0,0,0,0,0,0,,,,0,0,0,0,0,0,0,0,0,,,,,0,0,0,0,0,0,0,0,0,0,0,0,0,0,0,0,0,0,0,0,0,0,0,0,0,0,0,,,,0,0,0,0,0,0,0,0,0,0,0,0,0,0,0,0,0,0,0,0,0,0,0,0,0,0,0,,,,0,0,0,0,0,0,0,0,0,uuid:a2f36b55-48fa-4c17-82c1-7e12a3d0b866,9-174--FA,2685538,uuid:a2f36b55-48fa-4c17-82c1-7e12a3d0b866
12 août 2026 22:06:58,12 août 2026 21:55:44,12 août 2026 22:06:46,8ee8df448c23ddf4,,,,posaf2026,662,11.033333333333333,,,https://posaf.surveycto.com/view/submission-attachment/?uuid=uuid%3A9043effd-5c94-4580-b283-01fa18ee18b3&file=TA_9043effd-5c94-4580-b283-01fa18ee18b3.csv,12 août 2026,21:55:57,4,Samuel MUKAMBA,7,sk Sud Kivu,148,sk Nyantende,666,sk Mumosho Centre de Santé,7-148-666,7-148-666-FA,-2.5259857,28.854926,1570.3,5.0,mois_7,an2026,0,0,0,0,1,0,1,0,1,1,0,1,100,0,0,0,2,4,2,4,4,8,0,0,0,0,0,0,0,0,0,,,,0,0,0,0,0,0,0,0,0,0,0,0,0,0,0,0,0,0,0,0,0,0,0,0,0,0,0,0,0,0,0,0,0,0,,,,0,0,0,0,0,0,0,0,0,,,,,0,0,0,0,0,0,0,0,0,0,0,0,0,0,0,0,0,0,0,0,0,0,0,0,0,0,0,,,,0,0,0,0,0,0,0,0,0,0,0,0,0,0,0,0,0,0,0,0,0,0,0,0,0,0,0,,,,0,0,0,0,0,0,0,0,0,uuid:9043effd-5c94-4580-b283-01fa18ee18b3,7-148-666-FA,2685538,uuid:9043effd-5c94-4580-b283-01fa18ee18b3
13 août 2026 08:46:22,13 août 2026 07:43:48,13 août 2026 07:59:14,e71fb0d271263ecc,,,,POSAF2026,839,13.983333333333333,,,https://posaf.surveycto.com/view/submission-attachment/?uuid=uuid%3A344d1871-44c5-46ae-a936-adb1e3ebdaf9&file=TA_344d1871-44c5-46ae-a936-adb1e3ebdaf9.csv,30 juin 2026,07:44:53,1,SINDA LUKULWA PIERRE,9,tn Tanganyika,178,tn Nyemba,826,tn Tabac Congo Centre de Santé,9-178-826,9-178-826-FA,-5.8871447,29.2162773,0.0,500.0,mois_6,an2026,0,1,1,2,4,3,5,6,11,5,6,11,100,6,7,4,8,16,18,26,33,59,6,7,4,8,16,18,26,33,59,100,100,100,100,100,100,100,100,100,0,0,0,0,0,0,0,0,0,1,2,3,4,4,6,10,15.384615384615385,18.181818181818183,16.94915254237288,0,0,1,2,3,4,4,6,10,100,100,100,0,0,0,0,0,0,0,0,0,0,0,0,0,0,0,0,0,0,0,0,0,0,6,7,0,0,0,0,6,7,13,6,7,0,0,0,0,6,7,13,100,100,100,0,0,0,0,0,0,0,0,0,6,6,0,0,0,0,6,6,12,6,6,0,0,0,0,6,6,12,100,100,100,0,0,0,0,0,0,0,0,0,uuid:344d1871-44c5-46ae-a936-adb1e3ebdaf9,9-178-826-FA,2685538,uuid:344d1871-44c5-46ae-a936-adb1e3ebdaf9
13 août 2026 08:46:51,13 août 2026 08:30:50,13 août 2026 08:45:36,e71fb0d271263ecc,,,,POSAF2026,886,14.766666666666667,,,https://posaf.surveycto.com/view/submission-attachment/?uuid=uuid%3A211c2728-8857-45a5-86ff-62267dfb1436&file=TA_211c2728-8857-45a5-86ff-62267dfb1436.csv,31 juil. 2026,08:31:07,1,SINDA LUKULWA PIERRE,9,tn Tanganyika,178,tn Nyemba,826,tn Tabac Congo Centre de Santé,9-178-826,9-178-826-FA,-5.8871447,29.2162773,0.0,500.0,mois_7,an2026,1,0,1,0,5,3,7,3,10,7,3,10,100,5,8,6,7,14,19,25,34,59,5,8,3,7,14,19,22,34,56,100,100,50,100,100,100,88,100,94.91525423728814,0,0,0,0,0,0,0,1,2,2,3,6,7,9,12,21,36,35.294117647058826,35.59322033898305,1,2,2,3,6,7,9,12,21,100,100,100,0,0,0,0,0,0,0,0,0,0,0,0,0,0,0,0,0,0,0,0,0,0,5,8,2,3,0,0,7,11,18,0,0,0,0,0,0,0,0,0,0,0,0,0,0,0,0,0,0,0,0,0,0,0,0,0,0,0,0,0,0,0,0,0,0,0,0,0,0,0,,,,0,0,0,0,0,0,0,0,0,uuid:211c2728-8857-45a5-86ff-62267dfb1436,9-178-826-FA,2685538,uuid:211c2728-8857-45a5-86ff-62267dfb1436
14 août 2026 10:37:08,11 août 2026 13:43:10,14 août 2026 10:25:58,50ec27ea5a160f81,,,,posaf2026,1882,31.366666666666667,,,https://posaf.surveycto.com/view/submission-attachment/?uuid=uuid%3Aa8b8e1cb-13ad-4af8-a124-c524dabb3885&file=TA_a8b8e1cb-13ad-4af8-a124-c524dabb3885.csv,11 août 2026,13:45:48,1,BANDIBABUSIRE MIRINDI,9,tn Tanganyika,178,tn Nyemba,825,tn Rugumba Centre de Santé,9-178-825,9-178-825-FA,-5.3342514,29.2105132,774.8,4.3,mois_7,an2026,0,0,0,0,0,0,0,0,0,0,0,0,,0,0,0,0,0,0,0,0,0,0,0,0,0,0,0,0,0,0,,,,,,,,,,0,0,0,0,0,0,0,0,0,0,0,0,0,0,0,0,,,,0,0,0,0,0,0,0,0,0,,,,0,0,0,0,0,0,0,0,0,,,,,0,0,0,0,0,0,0,0,0,0,0,0,0,0,0,0,0,0,0,0,0,0,0,0,0,0,0,,,,0,0,0,0,0,0,0,0,0,0,0,0,0,0,0,0,0,0,0,0,0,0,0,0,0,0,0,,,,0,0,0,0,0,0,0,0,0,uuid:a8b8e1cb-13ad-4af8-a124-c524dabb3885,9-178-825-FA,2685538,uuid:a8b8e1cb-13ad-4af8-a124-c524dabb3885
14 août 2026 18:31:03,14 août 2026 18:17:49,14 août 2026 18:30:39,53eecef27e3e56d1,,,,posaf2026,770,12.833333333333334,,,https://posaf.surveycto.com/view/submission-attachment/?uuid=uuid%3A57128f14-affb-4f63-ba6c-8b30e7354f44&file=TA_57128f14-affb-4f63-ba6c-8b30e7354f44.csv,13 juil. 2026,09:23:03,1,Alain Biduaya,4,kr Kasai Central,70,kr Demba,327,kr Bakua Mpika Centre de Santé,4-70-327,4-70-327-FA,-5.5017883,22.2619004,556.8,4.9,mois_7,an2026,0,0,0,0,4,1,4,1,5,4,1,5,100,0,0,0,0,20,13,20,13,33,0,0,0,0,20,13,20,13,33,,,,,100,100,100,100,100,0,0,0,0,0,0,0,0,0,0,0,20,13,20,13,33,100,100,100,0,0,0,0,20,13,20,13,33,100,100,100,0,0,0,0,4,1,4,1,5,,20,7.6923076923076925,15.151515151515152,0,0,0,0,4,1,4,1,5,0,0,0,0,0,0,0,0,0,0,0,0,0,0,0,0,0,0,,,,0,0,0,0,0,0,0,0,0,0,0,0,0,0,0,0,0,0,0,0,0,0,0,0,0,0,0,,,,0,0,0,0,3,1,3,1,4,uuid:57128f14-affb-4f63-ba6c-8b30e7354f44,4-70-327-FA,2685538,uuid:57128f14-affb-4f63-ba6c-8b30e7354f44
14 août 2026 20:36:46,14 août 2026 16:07:35,14 août 2026 16:14:59,9a2fb0b3487e2e77,,,,posaf2026,440,7.333333333333333,,,https://posaf.surveycto.com/view/submission-attachment/?uuid=uuid%3A95844ae2-9ab5-4514-8f10-6c037e38072f&file=TA_95844ae2-9ab5-4514-8f10-6c037e38072f.csv,14 août 2026,16:07:39,1,MAWAZO MUYUMBA JOSEPH,9,tn Tanganyika,174,tn Kongolo,796,tn Kabwe Centre de Santé,9-174-796,9-174-796-FA,-5.3805376,26.9908752,576.0,4.9,mois_7,an2026,0,0,0,0,3,2,3,2,5,3,2,5,100,6,5,2,3,2,2,10,10,20,6,5,2,3,2,2,10,10,20,100,100,100,100,100,100,100,100,100,0,0,0,0,0,0,0,2,2,0,0,2,1,4,3,7,40,30,35,2,2,0,0,2,1,4,3,7,100,100,100,0,0,0,0,0,0,0,0,0,0,0,0,0,0,0,0,0,0,0,0,0,0,6,5,0,0,0,0,6,5,11,0,0,0,0,0,0,0,0,0,0,0,0,0,0,0,0,0,0,0,0,0,3,2,0,0,0,0,3,2,5,3,2,0,0,0,0,3,2,5,100,100,100,0,0,0,0,3,2,3,2,5,uuid:95844ae2-9ab5-4514-8f10-6c037e38072f,9-174-796-FA,2685538,uuid:95844ae2-9ab5-4514-8f10-6c037e38072f
14 août 2026 21:10:12,14 août 2026 10:24:19,14 août 2026 10:53:06,486c7123f8ee84ce,,,,posaf2026,1714,28.566666666666666,,,https://posaf.surveycto.com/view/submission-attachment/?uuid=uuid%3Acab05b7f-4c5d-4fc9-a898-14f2addd15bb&file=TA_cab05b7f-4c5d-4fc9-a898-14f2addd15bb.csv,30 juil. 2026,17:19:48,1,NGALULA TSHILEMBI PATIENT,9,tn Tanganyika,174,tn Kongolo,798,tn Katea Centre de Santé,9-174-798,9-174-798-FA,-5.6304967,26.2335282,689.5,4.9,mois_7,an2026,0,0,0,0,10,1,10,1,11,10,1,11,100,3,4,11,15,0,0,14,19,33,3,4,11,15,0,0,14,19,33,100,100,100,100,,,100,100,100,0,0,0,0,0,0,0,3,4,11,14,0,0,14,18,32,100,94.73684210526315,96.96969696969697,3,4,11,12,0,0,14,16,30,100,88.88888888888889,93.75,0,0,5,6,0,0,5,6,11,0,35.714285714285715,31.57894736842105,33.33333333333333,0,0,5,6,0,0,5,6,11,3,4,11,15,0,0,14,19,33,3,4,11,15,0,0,14,19,33,100,100,100,0,0,5,6,0,0,5,6,11,3,4,11,15,0,0,14,19,33,0,0,0,0,0,0,0,0,0,0,0,0,0,0,0,0,0,0,0,0,0,uuid:cab05b7f-4c5d-4fc9-a898-14f2addd15bb,9-174-798-FA,2685538,uuid:cab05b7f-4c5d-4fc9-a898-14f2addd15bb
15 août 2026 12:54:32,15 août 2026 11:32:51,15 août 2026 11:46:59,7555ab064ff66706,,,+243110500373360,posaf2026,821,13.683333333333334,,,https://posaf.surveycto.com/view/submission-attachment/?uuid=uuid%3Afafba2b3-98c3-4c71-a64a-7cbdd072abee&file=TA_fafba2b3-98c3-4c71-a64a-7cbdd072abee.csv,15 août 2026,11:32:55,4,Sumaili ngongo,9,tn Tanganyika,178,tn Nyemba,824,tn Mahila Centre de Santé,9-178-824,9-178-824-FA,-5.0908259,28.8956384,1000.5,2.2,mois_8,an2026,0,0,0,0,6,3,6,3,9,0,0,0,0,0,0,0,0,0,0,0,0,0,0,0,0,0,0,0,0,0,0,,,,,,,,,,0,0,0,0,0,0,0,0,0,0,0,0,0,0,0,0,,,,0,0,0,0,0,0,0,0,0,,,,0,0,0,0,0,0,0,0,0,,,,,0,0,0,0,0,0,0,0,0,0,0,0,0,0,0,0,0,0,0,0,0,0,0,0,0,0,0,,,,0,0,0,0,0,0,0,0,0,0,0,0,0,0,0,0,0,0,0,0,0,0,0,0,0,0,0,,,,0,0,0,0,0,0,0,0,0,uuid:fafba2b3-98c3-4c71-a64a-7cbdd072abee,9-178-824-FA,2685538,uuid:fafba2b3-98c3-4c71-a64a-7cbdd072abee
15 août 2026 13:41:08,15 août 2026 13:27:44,15 août 2026 13:39:56,c21bd4c7d21d53a7,,,+243110610756686,posaf2026,732,12.2,,,https://posaf.surveycto.com/view/submission-attachment/?uuid=uuid%3A58b58e8d-174c-427f-badf-092e65c2f1f2&file=TA_58b58e8d-174c-427f-badf-092e65c2f1f2.csv,15 août 2026,13:27:56,4,Pacifique Masudi Dunia,7,sk Sud Kivu,143,sk Mulungu,651,sk Kigulube Hôpital Général de Référence,7-143-651,7-143-651-FA,-2.6676174,27.9914694,850.6,4.6,mois_7,an2026,0,0,0,1,6,4,6,5,11,4,3,7,63.63636363636363,2,1,16,11,8,7,26,19,45,2,1,6,4,3,2,11,7,18,100,100,37.5,36.36363636363637,37.5,28.57142857142857,42.30769230769231,36.84210526315789,40,0,0,0,0,0,0,0,0,0,2,4,1,2,3,6,9,11.538461538461538,31.57894736842105,20,0,0,2,1,1,2,3,3,6,100,50,66.66666666666666,0,0,0,1,2,2,2,3,5,0,18.181818181818183,42.857142857142854,27.77777777777778,0,0,0,1,1,2,1,3,4,0,0,0,0,0,0,0,0,0,0,0,0,0,0,0,0,0,0,,,,0,0,0,0,0,0,0,0,0,0,0,0,0,0,0,0,0,0,0,0,0,0,0,0,0,0,0,,,,0,0,0,0,14,7,14,7,21,uuid:58b58e8d-174c-427f-badf-092e65c2f1f2,7-143-651-FA,2685538,uuid:58b58e8d-174c-427f-badf-092e65c2f1f2
15 août 2026 13:59:14,15 août 2026 13:41:40,15 août 2026 13:59:11,c21bd4c7d21d53a7,,,+243110610756686,posaf2026,1051,17.516666666666666,,,https://posaf.surveycto.com/view/submission-attachment/?uuid=uuid%3A11990045-38da-48cf-a7e1-a201148593a5&file=TA_11990045-38da-48cf-a7e1-a201148593a5.csv,15 août 2026,13:41:44,4,Masudi Dunia Pacifique,7,sk Sud Kivu,143,sk Mulungu,652,sk Mulungu Centre Hospitalier,7-143-652,7-143-652-FA,-2.6677858,27.9914566,850.6,4.7,mois_7,an2026,0,0,0,0,6,5,6,5,11,4,3,7,63.63636363636363,1,2,5,6,23,12,29,20,49,0,0,2,3,12,8,14,11,25,0,0,40,50,52.17391304347826,66.66666666666666,48.275862068965516,55,51.02040816326531,0,0,0,0,0,0,0,0,0,2,3,12,8,14,11,25,48.275862068965516,55,51.02040816326531,0,0,2,2,8,6,10,8,18,71.42857142857143,72.72727272727273,72,0,0,0,3,6,5,6,8,14,,42.857142857142854,72.72727272727273,56,0,0,0,1,0,0,0,1,1,0,0,0,0,0,0,0,0,0,0,0,0,0,0,0,0,0,0,,,,0,0,0,0,6,5,6,5,11,0,0,0,0,0,0,0,0,0,0,0,0,0,0,0,0,0,0,,,,0,0,0,0,10,6,10,6,16,uuid:11990045-38da-48cf-a7e1-a201148593a5,7-143-652-FA,2685538,uuid:11990045-38da-48cf-a7e1-a201148593a5
15 août 2026 14:13:29,15 août 2026 12:01:01,15 août 2026 12:11:30,5aed9c63cdc65fbb,,,,posaf2026,624,10.4,,,https://posaf.surveycto.com/view/submission-attachment/?uuid=uuid%3Aaf0b5b1e-ff97-41c1-b1f7-789f82f6da79&file=TA_af0b5b1e-ff97-41c1-b1f7-789f82f6da79.csv,15 août 2026,12:01:20,4,DAVID MUNTAMBWA,1,hk Haut Katanga,23,hk Pweto,88,hk Mwenge Centre de Santé de Référence,1-23-88,1-23-88-FA,-8.46976,28.9017293,0.0,600.0,mois_7,an2026,0,0,1,0,15,14,16,14,30,4,4,8,26.666666666666668,4,4,0,0,4,4,8,8,16,4,4,0,0,4,4,8,8,16,100,100,,,100,100,100,100,100,0,0,4,4,4,4,8,0,0,0,0,0,0,0,0,0,0,0,0,0,0,0,0,0,0,0,0,0,,,,0,0,0,0,0,0,0,0,0,0,0,0,0,0,0,0,0,0,0,0,0,0,4,4,0,0,0,0,4,4,8,4,4,0,0,0,0,4,4,8,100,100,100,0,0,0,0,0,0,0,0,0,4,4,0,0,0,0,4,4,8,6,6,0,0,0,0,6,6,12,150,150,150,0,0,0,0,12,16,12,16,28,uuid:af0b5b1e-ff97-41c1-b1f7-789f82f6da79,1-23-88-FA,2685538,uuid:af0b5b1e-ff97-41c1-b1f7-789f82f6da79
15 août 2026 14:13:29,15 août 2026 12:17:46,15 août 2026 12:31:13,5aed9c63cdc65fbb,,,,posaf2026,683,11.383333333333333,,,https://posaf.surveycto.com/view/submission-attachment/?uuid=uuid%3A9bdf65fe-d801-42b4-aaca-14976b16b9cb&file=TA_9bdf65fe-d801-42b4-aaca-14976b16b9cb.csv,15 août 2026,12:17:51,4,DAVID MUNTAMBWA,1,hk Haut Katanga,23,hk Pweto,88,hk Mwenge Centre de Santé de Référence,1-23-88,1-23-88-FA,,,,,mois_6,an2026,0,0,0,0,13,17,13,17,30,9,4,13,43.333333333333336,5,4,0,0,0,0,5,4,9,5,4,0,0,0,0,5,4,9,100,100,,,,,100,100,100,0,0,5,4,5,4,9,0,0,0,0,0,0,0,0,0,0,0,0,0,0,0,0,0,0,0,0,0,,,,0,0,0,0,0,0,0,0,0,0,0,0,0,0,0,0,0,0,0,0,0,0,5,4,0,0,0,0,5,4,9,5,4,0,0,0,0,5,4,9,100,100,100,0,0,0,0,0,0,0,0,0,5,4,0,0,0,0,5,4,9,4,6,0,0,0,0,4,6,10,80,150,111.11111111111111,0,0,0,0,9,13,9,13,22,uuid:9bdf65fe-d801-42b4-aaca-14976b16b9cb,1-23-88-FA,2685538,uuid:9bdf65fe-d801-42b4-aaca-14976b16b9cb
15 août 2026 14:42:14,15 août 2026 14:30:02,15 août 2026 14:42:04,5aed9c63cdc65fbb,,,,posaf2026,698,11.633333333333333,,,https://posaf.surveycto.com/view/submission-attachment/?uuid=uuid%3A7bb62b2d-7b92-4555-b780-15c38506ae77&file=TA_7bb62b2d-7b92-4555-b780-15c38506ae77.csv,15 août 2026,14:30:12,4,DAVID MUNTAMBWA,1,hk Haut Katanga,23,hk Pweto,84,hk Chamfubu Hôpital,1-23-84,1-23-84-FA,,,,,mois_6,an2026,9,0,0,1,1,2,10,3,13,7,1,8,61.53846153846154,6,1,0,0,0,0,6,1,7,6,1,0,0,0,0,6,1,7,100,100,,,,,100,100,100,0,0,0,0,0,0,0,0,0,0,0,0,0,0,0,0,0,0,0,0,0,0,0,0,0,0,0,0,,,,0,0,0,0,0,0,0,0,0,0,0,0,0,0,0,0,0,0,0,0,0,0,6,1,0,0,0,0,6,1,7,6,1,0,0,0,0,6,1,7,100,100,100,0,0,0,0,0,0,0,0,0,5,1,0,0,0,0,5,1,6,4,12,0,0,0,0,4,12,16,80,1200,266.66666666666663,0,0,0,0,1,3,1,3,4,uuid:7bb62b2d-7b92-4555-b780-15c38506ae77,1-23-84-FA,2685538,uuid:7bb62b2d-7b92-4555-b780-15c38506ae77
15 août 2026 14:50:17,15 août 2026 14:42:20,15 août 2026 14:50:07,5aed9c63cdc65fbb,,,,posaf2026,457,7.616666666666666,,,https://posaf.surveycto.com/view/submission-attachment/?uuid=uuid%3Ab6eb16e8-e268-4204-a45d-74fded0120eb&file=TA_b6eb16e8-e268-4204-a45d-74fded0120eb.csv,15 août 2026,14:42:24,4,DAVID MUNTAMBWA,1,hk Haut Katanga,23,hk Pweto,84,hk Chamfubu Hôpital,1-23-84,1-23-84-FA,,,,,mois_7,an2026,0,0,0,2,5,1,5,3,8,1,1,2,25,1,1,0,0,0,0,1,1,2,1,1,0,0,0,0,1,1,2,100,100,,,,,100,100,100,0,0,0,0,0,0,0,0,0,0,0,0,0,0,0,0,0,0,0,0,0,0,0,0,0,0,0,0,,,,0,0,0,0,0,0,0,0,0,0,0,0,0,0,0,0,0,0,0,0,0,0,1,1,0,0,0,0,1,1,2,1,1,0,0,0,0,1,1,2,100,100,100,0,0,0,0,0,0,0,0,0,1,1,0,0,0,0,1,1,2,2,2,0,0,0,0,2,2,4,200,200,200,0,0,0,0,6,5,6,5,11,uuid:b6eb16e8-e268-4204-a45d-74fded0120eb,1-23-84-FA,2685538,uuid:b6eb16e8-e268-4204-a45d-74fded0120eb
16 août 2026 11:43:30,16 août 2026 10:23:33,16 août 2026 10:45:21,f4dc89db1194a429,,,,posaf2026,1072,17.866666666666667,,,https://posaf.surveycto.com/view/submission-attachment/?uuid=uuid%3A3ded7377-e565-4fd3-a86e-7b39490a5ab2&file=TA_3ded7377-e565-4fd3-a86e-7b39490a5ab2.csv,16 août 2026,10:23:45,1,Malipizi kibaba rigobert,9,tn Tanganyika,179,tn Nyunzu,831,tn Lwizi Centre de Santé,9-179-831,9-179-831-FA,-6.0375734,27.4767438,0.0,1800.0,mois_6,an2026,0,0,0,1,9,7,9,8,17,9,8,17,100,0,0,0,1,9,7,9,8,17,0,0,0,1,9,7,9,8,17,,,,100,100,100,100,100,100,0,0,0,0,0,0,0,0,0,0,1,9,7,9,8,17,100,100,100,0,0,0,1,9,7,9,8,17,100,100,100,0,0,0,1,9,7,9,8,17,,100,100,100,0,0,0,1,9,7,9,8,17,0,0,0,0,0,0,0,0,0,0,0,0,0,0,0,0,0,0,,,,0,0,0,1,9,7,9,8,17,0,0,0,0,0,0,0,0,0,0,0,0,0,0,0,0,0,0,,,,0,0,0,0,0,0,0,0,0,uuid:3ded7377-e565-4fd3-a86e-7b39490a5ab2,9-179-831-FA,2685538,uuid:3ded7377-e565-4fd3-a86e-7b39490a5ab2
16 août 2026 11:43:34,16 août 2026 11:33:50,16 août 2026 11:41:42,f4dc89db1194a429,,,,posaf2026,472,7.866666666666666,,,https://posaf.surveycto.com/view/submission-attachment/?uuid=uuid%3Ab64cf287-c393-407c-b1c3-d87568261bc3&file=TA_b64cf287-c393-407c-b1c3-d87568261bc3.csv,16 août 2026,11:33:54,1,Malipizi kibaba rigobert,9,tn Tanganyika,179,tn Nyunzu,831,tn Lwizi Centre de Santé,9-179-831,9-179-831-FA,,,,,mois_7,an2026,0,0,0,0,3,8,3,8,11,3,8,11,100,0,0,7,5,3,8,10,13,23,0,0,7,5,3,8,10,13,23,,,100,100,100,100,100,100,100,0,0,3,8,3,8,11,0,0,7,5,3,8,10,13,23,100,100,100,0,0,7,5,3,8,10,13,23,100,100,100,0,0,0,0,3,8,3,8,11,,30,61.53846153846154,47.82608695652174,0,0,0,0,3,8,3,8,11,0,0,7,5,0,0,7,5,12,0,0,7,5,0,0,7,5,12,100,100,100,0,0,0,0,3,8,3,8,11,0,0,7,5,0,0,7,5,12,0,0,0,0,0,0,0,0,0,0,0,0,0,0,0,0,0,0,0,0,0,uuid:b64cf287-c393-407c-b1c3-d87568261bc3,9-179-831-FA,2685538,uuid:b64cf287-c393-407c-b1c3-d87568261bc3
16 août 2026 15:42:06,16 août 2026 15:24:11,16 août 2026 15:32:33,7555ab064ff66706,,,+243110500373360,posaf2026,501,8.35,,,https://posaf.surveycto.com/view/submission-attachment/?uuid=uuid%3A9051a757-c4a5-41f3-a7b3-4626e1181833&file=TA_9051a757-c4a5-41f3-a7b3-4626e1181833.csv,16 août 2026,15:24:24,1,Assani mwamba,9,tn Tanganyika,178,tn Nyemba,824,tn Mahila Centre de Santé,9-178-824,9-178-824-FA,-5.090701,28.8956486,1007.4,2.3,mois_8,an2026,0,0,0,0,0,0,0,0,0,0,0,0,,0,0,0,0,3,2,3,2,5,0,0,0,0,1,1,1,1,2,,,,,33.33333333333333,50,33.33333333333333,50,40,0,0,0,0,0,0,0,0,0,0,0,1,1,1,1,2,33.33333333333333,50,40,0,0,0,0,0,0,0,0,0,0,0,0,0,0,0,0,0,0,0,0,0,,0,0,0,0,0,0,0,0,0,0,0,0,0,0,0,0,0,0,0,0,0,0,0,0,0,0,0,0,0,0,,,,0,0,0,0,0,0,0,0,0,0,0,0,0,0,0,0,0,0,0,0,0,0,0,0,0,0,0,,,,0,0,0,0,0,0,0,0,0,uuid:9051a757-c4a5-41f3-a7b3-4626e1181833,9-178-824-FA,2685538,uuid:9051a757-c4a5-41f3-a7b3-4626e1181833
17 août 2026 07:11:47,16 août 2026 09:40:32,16 août 2026 09:47:42,50ec27ea5a160f81,,,,posaf2026,429,7.15,,,https://posaf.surveycto.com/view/submission-attachment/?uuid=uuid%3A863d0ff9-d073-473a-872e-d1a747b0812c&file=TA_863d0ff9-d073-473a-872e-d1a747b0812c.csv,16 août 2026,08:40:03,1,BANDIBABUSIRE MIRINDI,9,tn Tanganyika,178,tn Nyemba,825,tn Rugumba Centre de Santé,9-178-825,9-178-825-FA,-5.3340248,29.2103525,766.5,4.8,mois_7,an2026,0,0,0,0,0,0,0,0,0,0,0,0,,0,0,0,0,0,0,0,0,0,0,0,0,0,0,0,0,0,0,,,,,,,,,,0,0,0,0,0,0,0,0,0,0,0,0,0,0,0,0,,,,0,0,0,0,0,0,0,0,0,,,,0,0,0,0,0,0,0,0,0,,,,,0,0,0,0,0,0,0,0,0,0,0,0,0,0,0,0,0,0,0,0,0,0,0,0,0,0,0,,,,0,0,0,0,0,0,0,0,0,0,0,0,0,0,0,0,0,0,0,0,0,0,0,0,0,0,0,,,,0,0,0,0,0,0,0,0,0,uuid:863d0ff9-d073-473a-872e-d1a747b0812c,9-178-825-FA,2685538,uuid:863d0ff9-d073-473a-872e-d1a747b0812c
17 août 2026 11:26:38,11 août 2026 14:01:12,11 août 2026 15:45:19,88fbda855c95167c,,,,posaf2026,3275,54.583333333333336,,,https://posaf.surveycto.com/view/submission-attachment/?uuid=uuid%3A35e7a831-76d1-42d9-a265-fdbd94c3f9af&file=TA_35e7a831-76d1-42d9-a265-fdbd94c3f9af.csv,11 août 2026,14:01:22,1,Baleke,4,kr Kasai Central,87,kr Tshikaji,402,kr St Therese Centre de Santé,4-87-402,4-87-402-FA,,,,,mois_7,an2027,0,0,3,1,10,5,13,6,19,13,6,19,100,3,3,4,5,47,42,54,50,104,3,3,4,5,47,42,54,50,104,100,100,100,100,100,100,100,100,100,0,0,47,42,47,42,89,0,0,3,4,30,35,33,39,72,61.111111111111114,78,69.23076923076923,0,0,3,4,30,35,33,39,72,100,100,100,0,0,2,1,10,3,12,4,16,0,22.22222222222222,8,15.384615384615385,0,0,2,1,10,3,12,4,16,0,1,3,2,0,0,3,3,6,0,0,0,0,0,0,0,0,0,0,0,0,0,0,2,1,10,3,12,4,16,0,1,3,2,0,0,3,3,6,0,0,1,0,0,0,1,0,1,33.33333333333333,0,16.666666666666664,0,0,0,0,2,0,2,0,2,uuid:35e7a831-76d1-42d9-a265-fdbd94c3f9af,4-87-402-FA,2685538,uuid:35e7a831-76d1-42d9-a265-fdbd94c3f9af
17 août 2026 11:30:12,17 août 2026 11:08:05,17 août 2026 11:18:27,5aed9c63cdc65fbb,,,,posaf2026,622,10.366666666666667,,,https://posaf.surveycto.com/view/submission-attachment/?uuid=uuid%3A2c0d56ed-7b9c-4c4a-8bcf-dd1e37c46bd7&file=TA_2c0d56ed-7b9c-4c4a-8bcf-dd1e37c46bd7.csv,17 août 2026,11:08:16,1,MUKABWA WAKYEBBWA CHRISTIAN,1,hk Haut Katanga,23,hk Pweto,86,hk Katabe Hôpital Général de Référence,1-23-86,1-23-86-FA,,,,,mois_6,an2026,4,1,0,0,0,3,4,4,8,0,0,0,0,0,0,0,0,0,0,0,0,0,0,0,0,0,0,0,0,0,0,,,,,,,,,,0,0,0,0,0,0,0,0,0,0,0,0,0,0,0,0,,,,0,0,0,0,0,0,0,0,0,,,,0,0,0,0,0,0,0,0,0,,,,,0,0,0,0,0,0,0,0,0,0,0,0,0,0,0,0,0,0,0,0,0,0,0,0,0,0,0,,,,0,0,0,0,0,0,0,0,0,0,0,0,0,0,0,0,0,0,0,0,0,0,0,0,0,0,0,,,,0,0,0,0,0,0,0,0,0,uuid:2c0d56ed-7b9c-4c4a-8bcf-dd1e37c46bd7,1-23-86-FA,2685538,uuid:2c0d56ed-7b9c-4c4a-8bcf-dd1e37c46bd7
17 août 2026 12:36:53,17 août 2026 11:46:39,17 août 2026 12:36:39,1a8281c4900e1cf2,,,,posaf2026,3000,50,,,https://posaf.surveycto.com/view/submission-attachment/?uuid=uuid%3A655dd1ff-448d-4b70-b925-08c6ad41fc18&file=TA_655dd1ff-448d-4b70-b925-08c6ad41fc18.csv,17 août 2026,11:46:44,2,François Ngalamulume,4,kr Kasai Central,87,kr Tshikaji,400,kr Nkonko Tshiela Centre de Santé,4-87-400,4-87-400-FA,-5.9805893,22.4632926,675.8,4.2,mois_7,an2026,0,0,1,0,13,22,14,22,36,14,22,36,100,10,9,24,31,65,60,99,100,199,10,9,24,31,65,60,99,100,199,100,100,100,100,100,100,100,100,100,0,0,0,0,0,0,0,10,9,24,31,65,60,99,100,199,100,100,100,10,9,24,31,65,60,99,100,199,100,100,100,0,0,1,1,4,5,5,6,11,0,5.05050505050505,6,5.527638190954774,0,0,1,1,1,1,2,2,4,10,9,5,9,0,0,15,18,33,10,9,0,0,0,0,10,9,19,66.66666666666666,50,57.57575757575758,0,0,1,1,1,1,2,2,4,10,9,5,9,0,0,15,18,33,0,0,0,0,0,0,0,0,0,0,0,0,0,0,1,1,1,1,2,2,4,uuid:655dd1ff-448d-4b70-b925-08c6ad41fc18,4-87-400-FA,2685538,uuid:655dd1ff-448d-4b70-b925-08c6ad41fc18
17 août 2026 13:10:31,17 août 2026 12:28:08,17 août 2026 13:10:18,f64f046d16287899,,,,posaf2026,2530,42.166666666666664,,,https://posaf.surveycto.com/view/submission-attachment/?uuid=uuid%3A2742b063-7831-459a-ab63-9e72b01a72f8&file=TA_2742b063-7831-459a-ab63-9e72b01a72f8.csv,30 juil. 2026,12:28:57,1,MUKADI MULANGU GASTON,6,lm Lomami,106,lm Kalenda,492,lm Mulundu Centre de Santé,6-106-492,6-106-492-FA,-7.3447163,23.6204134,861.7,3.9,mois_7,an2026,0,0,1,1,4,3,5,4,9,3,2,5,55.55555555555556,5,4,9,4,1,1,15,9,24,5,4,9,4,1,1,15,9,24,100,100,100,100,100,100,100,100,100,0,0,0,0,0,0,0,3,3,5,4,1,1,9,8,17,60,88.88888888888889,70.83333333333334,0,0,0,0,1,1,1,1,2,11.11111111111111,12.5,11.76470588235294,0,0,0,0,1,1,1,1,2,0,6.666666666666667,11.11111111111111,8.333333333333332,0,0,0,0,1,1,1,1,2,5,4,0,0,0,0,5,4,9,5,4,0,0,0,0,5,4,9,100,100,100,0,0,0,0,1,1,1,1,2,5,4,0,0,0,0,5,4,9,2,1,0,0,0,0,2,1,3,40,25,33.33333333333333,0,0,1,1,3,4,4,5,9,uuid:2742b063-7831-459a-ab63-9e72b01a72f8,6-106-492-FA,2685538,uuid:2742b063-7831-459a-ab63-9e72b01a72f8
17 août 2026 13:24:50,17 août 2026 13:11:51,17 août 2026 13:24:37,f64f046d16287899,,,,posaf2026,747,12.45,,,https://posaf.surveycto.com/view/submission-attachment/?uuid=uuid%3A37490980-79d5-492f-81d9-4fad41599d41&file=TA_37490980-79d5-492f-81d9-4fad41599d41.csv,29 juin 2026,16:14:16,1,MUKADI MULANGU GASTON,6,lm Lomami,106,lm Kalenda,492,lm Mulundu Centre de Santé,6-106-492,6-106-492-FA,-7.3446628,23.6205024,871.3,0.9,mois_6,an2026,0,0,0,1,4,4,4,5,9,4,5,9,100,0,0,8,12,5,7,13,19,32,0,0,8,5,3,3,11,8,19,,,100,41.66666666666667,60,42.857142857142854,84.61538461538461,42.10526315789473,59.375,0,0,0,0,0,0,0,0,0,5,3,2,3,7,6,13,53.84615384615385,31.57894736842105,40.625,0,0,2,3,2,3,4,6,10,57.14285714285714,100,76.92307692307693,0,0,1,0,0,1,1,1,2,,9.090909090909092,12.5,10.526315789473683,0,0,1,0,0,1,1,1,2,0,0,0,0,0,0,0,0,0,0,0,0,0,0,0,0,0,0,,,,0,0,1,0,0,1,1,1,2,0,0,0,0,0,0,0,0,0,1,2,1,0,0,0,2,2,4,Infinity,Infinity,Infinity,0,0,2,1,3,1,5,2,7,uuid:37490980-79d5-492f-81d9-4fad41599d41,6-106-492-FA,2685538,uuid:37490980-79d5-492f-81d9-4fad41599d41
17 août 2026 15:53:51,17 août 2026 15:40:46,17 août 2026 15:53:04,2b86603517fc1cec,,,,posaf2026,739,12.316666666666666,,,https://posaf.surveycto.com/view/submission-attachment/?uuid=uuid%3Ad1fcf18b-fddf-4232-885a-bb4bbd8b3fa1&file=TA_d1fcf18b-fddf-4232-885a-bb4bbd8b3fa1.csv,17 août 2026,15:40:49,1,Yuma Djuku Dieudonné,9,tn Tanganyika,177,tn Moba,816,tn Kasenga Centre de Santé,9-177-816,9-177-816-FA,-7.2702718,29.7492868,1615.8,4.7,mois_7,an2026,0,0,0,0,2,1,2,1,3,1,1,2,66.66666666666666,1,2,2,3,3,4,6,9,15,1,2,2,3,3,4,6,9,15,100,100,100,100,100,100,100,100,100,0,0,0,0,0,0,0,0,0,0,0,0,0,0,0,0,0,0,0,0,0,0,0,0,0,0,0,0,,,,0,0,0,0,0,0,0,0,0,0,0,0,0,0,0,0,0,0,0,0,0,0,1,2,0,0,0,0,1,2,3,1,2,0,0,0,0,1,2,3,100,100,100,0,0,0,0,0,0,0,0,0,0,0,0,0,0,0,0,0,0,0,0,0,0,0,0,0,0,0,,,,0,0,0,0,1,1,1,1,2,uuid:d1fcf18b-fddf-4232-885a-bb4bbd8b3fa1,9-177-816-FA,2685538,uuid:d1fcf18b-fddf-4232-885a-bb4bbd8b3fa1
17 août 2026 16:00:34,17 août 2026 15:19:20,17 août 2026 15:26:42,695fd2d53c196046,,,,posaf2026,442,7.366666666666666,,,https://posaf.surveycto.com/view/submission-attachment/?uuid=uuid%3A9f604114-1b3f-462d-99f2-f8e57b75fc99&file=TA_9f604114-1b3f-462d-99f2-f8e57b75fc99.csv,17 août 2026,15:19:29,1,NDONDO KASEYA EXAVIER,9,tn Tanganyika,176,tn Mbulula,814,tn Yenga Centre de Santé,9-176-814,9-176-814-FA,,,,,mois_7,an2026,0,0,0,0,2,4,2,4,6,2,4,6,100,0,0,0,0,0,0,0,0,0,0,0,0,0,0,0,0,0,0,,,,,,,,,,0,0,0,0,0,0,0,0,0,0,0,0,0,0,0,0,,,,0,0,0,0,0,0,0,0,0,,,,0,0,0,0,0,0,0,0,0,,,,,0,0,0,0,0,0,0,0,0,0,0,0,0,0,0,0,0,0,0,0,0,0,0,0,0,0,0,,,,0,0,0,0,0,0,0,0,0,0,0,0,0,0,0,0,0,0,0,0,0,0,0,0,0,0,0,,,,0,0,0,0,1,1,1,1,2,uuid:9f604114-1b3f-462d-99f2-f8e57b75fc99,9-176-814-FA,2685538,uuid:9f604114-1b3f-462d-99f2-f8e57b75fc99
19 août 2026 16:48:58,19 août 2026 16:10:50,19 août 2026 16:48:45,eb36cf15beea617e,,,+243110638655507,posaf2026,1977,32.95,,,https://posaf.surveycto.com/view/submission-attachment/?uuid=uuid%3A0f24262f-12c2-47dc-97dc-cbc57ce0d721&file=TA_0f24262f-12c2-47dc-97dc-cbc57ce0d721.csv,19 août 2026,16:10:56,4,Jacques KABIDU,7,sk Sud Kivu,126,sk Kabare,602,sk Mukongola Hôpital Général de Référence,7-126-602,7-126-602-FA,,,,,mois_7,an2026,2,0,0,0,6,3,8,3,11,6,3,9,81.81818181818183,3,4,2,5,3,2,8,11,19,3,4,2,5,3,2,8,11,19,100,100,100,100,100,100,100,100,100,0,0,0,0,0,0,0,2,2,2,2,0,2,4,6,10,50,54.54545454545454,52.63157894736842,2,2,0,2,0,0,2,4,6,50,66.66666666666666,60,1,0,0,0,0,0,1,0,1,33.33333333333333,12.5,0,5.263157894736842,1,0,0,0,0,0,1,0,1,1,1,1,1,0,0,2,2,4,1,1,1,1,0,0,2,2,4,100,100,100,1,0,0,0,0,0,1,0,1,1,1,0,1,0,0,1,2,3,0,1,1,0,0,0,1,1,2,100,50,66.66666666666666,0,0,0,0,9,0,9,0,9,uuid:0f24262f-12c2-47dc-97dc-cbc57ce0d721,7-126-602-FA,2685538,uuid:0f24262f-12c2-47dc-97dc-cbc57ce0d721
19 août 2026 17:23:45,19 août 2026 17:15:59,19 août 2026 17:23:37,eb36cf15beea617e,,,+243110638655507,posaf2026,456,7.6,,,https://posaf.surveycto.com/view/submission-attachment/?uuid=uuid%3A906f1763-a080-4a22-8b2c-e278124910b4&file=TA_906f1763-a080-4a22-8b2c-e278124910b4.csv,19 août 2026,17:16:03,4,Jacques KABIDU,7,sk Sud Kivu,126,sk Kabare,602,sk Mukongola Hôpital Général de Référence,7-126-602,7-126-602-FA,,,,,mois_7,an2026,1,0,0,2,7,6,8,8,16,5,5,10,62.5,2,1,5,5,19,18,26,24,50,2,1,5,5,19,18,26,24,50,100,100,100,100,100,100,100,100,100,0,0,0,0,0,0,0,0,0,0,0,1,0,1,0,1,3.8461538461538463,0,2,0,0,0,0,0,0,0,0,0,0,,0,0,0,0,0,5,5,5,5,10,0,19.230769230769234,20.833333333333336,20,0,0,0,0,0,0,0,0,0,0,0,0,0,0,0,0,0,0,0,0,0,0,0,0,0,0,0,,,,0,0,0,0,5,5,5,5,10,0,0,0,0,0,0,0,0,0,0,0,0,0,0,0,0,0,0,,,,0,0,0,0,4,4,4,4,8,uuid:906f1763-a080-4a22-8b2c-e278124910b4,7-126-602-FA,2685538,uuid:906f1763-a080-4a22-8b2c-e278124910b4
19 août 2026 18:58:26,18 août 2026 12:39:14,18 août 2026 12:49:53,dad94626e8f646f8,,,,posaf2026,639,10.65,,,https://posaf.surveycto.com/view/submission-attachment/?uuid=uuid%3Af63b84fa-ef69-4e28-a731-27540c9e59d4&file=TA_f63b84fa-ef69-4e28-a731-27540c9e59d4.csv,18 août 2026,12:39:21,4,Ndaile kilinda Donatien,9,tn Tanganyika,172,tn Kansimba,790,tn Notre Dame de Fatima Centre de Santé de Référence,9-172-790,9-172-790-FA,-7.1768982,29.6460838,1319.2,2.1,mois_6,an2026,2,0,0,0,5,2,7,2,9,5,2,7,77.77777777777779,2,0,0,0,2,2,4,2,6,2,0,0,0,2,2,4,2,6,100,,,,100,100,100,100,100,0,0,0,0,0,0,0,1,0,0,0,0,0,1,0,1,25,0,16.666666666666664,0,0,0,0,0,0,0,0,0,0,,0,1,0,0,0,0,0,1,0,1,50,25,0,16.666666666666664,1,0,0,0,0,0,1,0,1,0,0,0,0,0,0,0,0,0,0,0,0,0,0,0,0,0,0,,,,0,0,0,0,0,0,0,0,0,0,0,0,0,0,0,0,0,0,0,0,0,0,0,0,0,0,0,,,,0,0,0,0,0,0,0,0,0,uuid:f63b84fa-ef69-4e28-a731-27540c9e59d4,9-172-790-FA,2685538,uuid:f63b84fa-ef69-4e28-a731-27540c9e59d4
19 août 2026 18:58:28,18 août 2026 13:32:46,18 août 2026 13:48:46,dad94626e8f646f8,,,,posaf2026,960,16,,,https://posaf.surveycto.com/view/submission-attachment/?uuid=uuid%3A3b87e091-6ac4-4a46-8771-8f823d96afff&file=TA_3b87e091-6ac4-4a46-8771-8f823d96afff.csv,18 août 2026,13:32:50,4,Ndaile kilinda Donatien,9,tn Tanganyika,172,tn Kansimba,790,tn Notre Dame de Fatima Centre de Santé de Référence,9-172-790,9-172-790-FA,-7.1769445,29.6460155,1314.6,1.4,mois_7,an2026,1,0,1,0,4,4,6,4,10,6,4,10,100,2,0,0,0,0,0,2,0,2,2,0,0,0,0,0,2,0,2,100,,,,,,100,,100,0,0,0,0,0,0,0,0,0,0,0,0,0,0,0,0,0,,0,0,0,0,0,0,0,0,0,0,,,,0,0,0,0,0,0,0,0,0,0,0,,0,0,0,0,0,0,0,0,0,0,2,0,0,0,0,0,2,0,2,2,0,0,0,0,0,2,0,2,100,,100,0,0,0,0,0,0,0,0,0,0,0,0,0,0,0,0,0,0,0,0,0,0,0,0,0,0,0,,,,0,0,0,0,0,0,0,0,0,uuid:3b87e091-6ac4-4a46-8771-8f823d96afff,9-172-790-FA,2685538,uuid:3b87e091-6ac4-4a46-8771-8f823d96afff
19 août 2026 19:38:55,19 août 2026 07:30:57,19 août 2026 07:41:49,9ef485d0b1258ae9,,,,posaf2026,643,10.716666666666667,,,https://posaf.surveycto.com/view/submission-attachment/?uuid=uuid%3Ad30e7503-8523-48a4-b389-4f84ae6469f1&file=TA_d30e7503-8523-48a4-b389-4f84ae6469f1.csv,19 août 2026,07:31:13,1,Kabamba ebeli,9,tn Tanganyika,179,tn Nyunzu,832,tn Ngombe Mwana Centre de Santé,9-179-832,9-179-832-FA,,,,,mois_7,an2026,0,0,0,0,0,1,0,1,1,0,0,0,0,0,0,0,0,2,2,2,2,4,0,0,0,0,0,0,0,0,0,,,,,0,0,0,0,0,0,0,0,0,0,0,0,0,0,0,0,0,0,0,0,0,0,0,0,0,0,0,0,0,0,0,0,0,,,,0,0,0,0,0,0,0,0,0,,,,,0,0,0,0,0,0,0,0,0,0,0,0,0,0,0,0,0,0,0,0,0,0,0,0,0,0,0,,,,0,0,0,0,0,0,0,0,0,0,0,0,0,0,0,0,0,0,0,0,0,0,0,0,0,0,0,,,,0,0,0,0,2,4,2,4,6,uuid:d30e7503-8523-48a4-b389-4f84ae6469f1,9-179-832-FA,2685538,uuid:d30e7503-8523-48a4-b389-4f84ae6469f1
19 août 2026 19:38:55,12 août 2026 06:20:40,12 août 2026 06:36:10,9ef485d0b1258ae9,,,,posaf2026,930,15.5,,,https://posaf.surveycto.com/view/submission-attachment/?uuid=uuid%3Acbae97d1-31d4-4eaf-9ceb-ae0ae7d168e3&file=TA_cbae97d1-31d4-4eaf-9ceb-ae0ae7d168e3.csv,12 août 2026,06:21:09,1,Kabamba ebeli,9,tn Tanganyika,179,tn Nyunzu,832,tn Ngombe Mwana Centre de Santé,9-179-832,9-179-832-FA,-5.9547465,28.0216989,728.5,4.7,mois_7,an2026,0,0,0,0,2,4,2,4,6,2,4,6,100,6,8,0,0,3,5,9,13,22,0,0,0,0,3,5,3,5,8,0,0,,,100,100,33.33333333333333,38.46153846153847,36.36363636363637,0,0,2,4,2,4,6,0,0,0,0,3,4,3,4,7,33.33333333333333,30.76923076923077,31.818181818181817,0,0,0,0,3,4,3,4,7,100,100,100,0,0,0,0,2,4,2,4,6,,66.66666666666666,80,75,0,0,0,0,2,4,2,4,6,0,0,0,0,0,0,0,0,0,0,0,0,0,0,0,0,0,0,,,,0,0,0,0,2,4,2,4,6,0,0,0,0,0,0,0,0,0,0,0,0,0,0,0,0,0,0,,,,0,0,0,2,2,3,2,5,7,uuid:cbae97d1-31d4-4eaf-9ceb-ae0ae7d168e3,9-179-832-FA,2685538,uuid:cbae97d1-31d4-4eaf-9ceb-ae0ae7d168e3
20 août 2026 07:11:11,19 août 2026 11:44:12,19 août 2026 11:50:31,0d1d655d6c79ba2e,,,,posaf2026,379,6.316666666666666,,,https://posaf.surveycto.com/view/submission-attachment/?uuid=uuid%3A035db969-542d-4cff-aaa3-2c906126a0a7&file=TA_035db969-542d-4cff-aaa3-2c906126a0a7.csv,19 août 2026,11:44:21,1,Mbayo,9,tn Tanganyika,171,tn Kalemie,782,tn Nyemba Centre de Santé de Référence,9-171-782,9-171-782-FA,-5.9606531,28.4182284,744.0,4.5,mois_6,an2026,0,0,0,0,0,0,0,0,0,0,0,0,,0,0,0,0,0,0,0,0,0,0,0,0,0,0,0,0,0,0,,,,,,,,,,0,0,0,0,0,0,0,0,0,0,0,0,0,0,0,0,,,,0,0,0,0,0,0,0,0,0,,,,0,0,0,0,0,0,0,0,0,,,,,0,0,0,0,0,0,0,0,0,0,0,0,0,0,0,0,0,0,0,0,0,0,0,0,0,0,0,,,,0,0,0,0,0,0,0,0,0,0,0,0,0,0,0,0,0,0,0,0,0,0,0,0,0,0,0,,,,0,0,0,0,0,0,0,0,0,uuid:035db969-542d-4cff-aaa3-2c906126a0a7,9-171-782-FA,2685538,uuid:035db969-542d-4cff-aaa3-2c906126a0a7
20 août 2026 10:30:21,18 août 2026 15:34:46,18 août 2026 16:19:58,1970e12e3d69f7ae,,,+243110630886323,posaf2026,1881,31.35,,,https://posaf.surveycto.com/view/submission-attachment/?uuid=uuid%3A905e45c3-c0da-45fe-a9a8-f42dc3969cff&file=TA_905e45c3-c0da-45fe-a9a8-f42dc3969cff.csv,18 août 2026,15:34:52,1,Adrien MBOKA MWAMBA,9,tn Tanganyika,174,tn Kongolo,797,tn Kaseya Centre de Santé,9-174-797,9-174-797-FA,-5.5508827,26.7980581,606.8,4.5,mois_7,an2026,0,0,0,1,4,4,4,5,9,3,3,6,66.66666666666666,5,7,3,6,10,21,18,34,52,5,7,3,6,10,21,18,34,52,100,100,100,100,100,100,100,100,100,0,0,0,0,0,0,0,0,0,1,1,4,4,5,5,10,27.77777777777778,14.705882352941178,19.230769230769234,0,0,1,1,4,4,5,5,10,100,100,100,0,0,0,0,2,1,2,1,3,0,11.11111111111111,2.941176470588235,5.769230769230769,0,0,0,0,2,1,2,1,3,5,7,0,0,0,0,5,7,12,0,0,0,0,0,0,0,0,0,0,0,0,0,0,0,0,0,0,0,0,0,0,0,0,0,0,0,0,0,0,0,0,0,0,0,0,0,0,0,,,,1,0,0,0,0,5,1,5,6,uuid:905e45c3-c0da-45fe-a9a8-f42dc3969cff,9-174-797-FA,2685538,uuid:905e45c3-c0da-45fe-a9a8-f42dc3969cff
20 août 2026 10:39:01,17 août 2026 19:41:04,18 août 2026 11:31:43,642274e73b7ba88a,,,,posaf2026,1939,32.31666666666667,,,https://posaf.surveycto.com/view/submission-attachment/?uuid=uuid%3A60d5b337-e69f-4ce0-b5ae-b48e01892b3f&file=TA_60d5b337-e69f-4ce0-b5ae-b48e01892b3f.csv,18 août 2026,11:03:20,1,Ilunga ngoyi,6,lm Lomami,110,lm Kanda Kanda,515,lm Kamanda Kadila Centre de Santé,6-110-515,6-110-515-FA,-6.9146545,23.9125683,0.0,900.0,mois_7,an2026,0,0,3,0,8,3,11,3,14,11,3,14,100,0,0,26,32,62,44,88,76,164,0,0,26,32,62,44,88,76,164,,,100,100,100,100,100,100,100,0,0,0,0,0,0,0,0,0,26,32,62,44,88,76,164,100,100,100,0,0,26,32,62,44,88,76,164,100,100,100,0,0,0,0,8,3,8,3,11,,9.090909090909092,3.9473684210526314,6.707317073170732,0,0,0,0,8,3,8,3,11,0,0,16,12,0,0,16,12,28,0,0,16,12,0,0,16,12,28,100,100,100,0,0,0,0,8,3,8,3,11,0,0,16,12,0,0,16,12,28,0,0,8,6,0,0,8,6,14,50,50,50,1,0,1,1,7,4,9,5,14,uuid:60d5b337-e69f-4ce0-b5ae-b48e01892b3f,6-110-515-FA,2685538,uuid:60d5b337-e69f-4ce0-b5ae-b48e01892b3f
20 août 2026 10:39:02,18 août 2026 11:33:40,18 août 2026 12:03:52,642274e73b7ba88a,,,,posaf2026,1041,17.35,,,https://posaf.surveycto.com/view/submission-attachment/?uuid=uuid%3A01c3e946-5633-43ae-b8d5-ad74b883d223&file=TA_01c3e946-5633-43ae-b8d5-ad74b883d223.csv,18 août 2026,11:33:04,1,Ilunga ngoyi innocent,6,lm Lomami,110,lm Kanda Kanda,515,lm Kamanda Kadila Centre de Santé,6-110-515,6-110-515-FA,,,,,mois_6,an2026,0,0,2,1,8,2,10,3,13,8,2,10,76.92307692307693,0,0,30,38,59,37,89,75,164,0,0,30,38,59,37,89,75,164,,,100,100,100,100,100,100,100,0,0,0,0,0,0,0,0,0,30,38,59,37,89,75,164,100,100,100,0,0,30,38,59,37,89,75,164,100,100,100,0,0,0,0,8,2,8,2,10,,8.98876404494382,2.666666666666667,6.097560975609756,0,0,0,0,8,2,8,2,10,0,0,10,6,0,0,10,6,16,0,0,10,6,0,0,10,6,16,100,100,100,0,0,0,0,8,2,8,2,10,0,0,6,5,0,0,6,5,11,0,0,4,0,0,0,4,0,4,66.66666666666666,0,36.36363636363637,0,0,0,0,8,5,8,5,13,uuid:01c3e946-5633-43ae-b8d5-ad74b883d223,6-110-515-FA,2685538,uuid:01c3e946-5633-43ae-b8d5-ad74b883d223
20 août 2026 10:56:33,19 août 2026 12:17:49,19 août 2026 12:40:57,8a30a9d5edd66169,,,,posaf2026,1293,21.55,,,https://posaf.surveycto.com/view/submission-attachment/?uuid=uuid%3Aa24c2e34-0974-460d-b747-955d893bcf56&file=TA_a24c2e34-0974-460d-b747-955d893bcf56.csv,19 août 2026,12:17:58,4,Geneviève KAIMBA,1,hk Haut Katanga,10,hk Kikula,35,hk Daco Hôpital Général de Référence,1-10-35,1-10-35-FA,,,,,mois_6,an2026,1,0,4,2,18,25,23,27,50,9,10,19,38,10,7,10,5,32,52,52,64,116,10,7,10,5,32,52,52,64,116,100,100,100,100,100,100,100,100,100,0,0,0,0,0,0,0,1,0,4,4,4,11,9,15,24,17.307692307692307,23.4375,20.689655172413794,1,0,4,4,4,11,9,15,24,100,100,100,1,0,4,4,4,11,9,15,24,10,17.307692307692307,23.4375,20.689655172413794,1,0,4,4,4,11,9,15,24,9,7,6,1,28,41,43,49,92,9,7,0,0,0,0,9,7,16,20.930232558139537,14.285714285714285,17.391304347826086,0,0,0,0,1,0,1,0,1,9,7,0,0,0,0,9,7,16,4,8,0,0,0,0,4,8,12,44.44444444444444,114.28571428571428,75,0,0,0,0,12,3,12,3,15,uuid:a24c2e34-0974-460d-b747-955d893bcf56,1-10-35-FA,2685538,uuid:a24c2e34-0974-460d-b747-955d893bcf56
20 août 2026 10:56:34,19 août 2026 13:29:25,19 août 2026 14:46:09,8a30a9d5edd66169,,,,posaf2026,4253,70.88333333333334,,,https://posaf.surveycto.com/view/submission-attachment/?uuid=uuid%3A24d94f90-ebc8-4b03-8063-490aa5a5bc5d&file=TA_24d94f90-ebc8-4b03-8063-490aa5a5bc5d.csv,19 août 2026,13:29:29,4,Geneviève KAIMBA,1,hk Haut Katanga,10,hk Kikula,35,hk Daco Hôpital Général de Référence,1-10-35,1-10-35-FA,,,,,mois_7,an2026,1,0,4,4,25,21,30,25,55,19,7,26,47.27272727272727,6,10,10,8,57,61,73,79,152,6,10,10,8,57,61,73,79,152,100,100,100,100,100,100,100,100,100,0,0,0,0,0,0,0,1,0,3,2,5,13,9,15,24,12.32876712328767,18.9873417721519,15.789473684210526,1,0,3,2,5,13,9,15,24,100,100,100,1,0,3,2,5,13,9,15,24,16.666666666666664,12.32876712328767,18.9873417721519,15.789473684210526,1,0,3,2,5,13,9,15,24,5,10,7,6,52,48,64,64,128,5,10,0,0,0,0,5,10,15,7.8125,15.625,11.71875,0,0,0,0,0,1,0,1,1,5,10,0,0,0,0,5,10,15,9,11,0,0,0,0,9,11,20,180,110,133.33333333333331,0,0,1,0,10,6,11,6,17,uuid:24d94f90-ebc8-4b03-8063-490aa5a5bc5d,1-10-35-FA,2685538,uuid:24d94f90-ebc8-4b03-8063-490aa5a5bc5d
20 août 2026 10:56:34,18 août 2026 12:50:35,18 août 2026 13:02:01,8a30a9d5edd66169,,,,posaf2026,686,11.433333333333334,,,https://posaf.surveycto.com/view/submission-attachment/?uuid=uuid%3Ad2b985bb-2681-4c03-9f49-dac7349de6ab&file=TA_d2b985bb-2681-4c03-9f49-dac7349de6ab.csv,18 août 2026,12:50:43,4,Geneviève KAIMBA,1,hk Haut Katanga,10,hk Kikula,38,hk Petwe Centre de Santé,1-10-38,1-10-38-FA,,,,,mois_7,an2026,0,0,0,0,5,3,5,3,8,4,3,7,87.5,1,2,2,11,6,9,9,22,31,1,2,2,11,6,9,9,22,31,100,100,100,100,100,100,100,100,100,0,0,0,0,0,0,0,0,0,0,0,0,0,0,0,0,0,0,0,0,0,0,0,0,0,0,0,0,,,,0,0,0,0,0,0,0,0,0,0,0,0,0,0,0,0,0,0,0,0,0,0,1,2,2,11,6,9,9,22,31,1,2,0,0,0,0,1,2,3,11.11111111111111,9.090909090909092,9.67741935483871,0,0,0,0,0,0,0,0,0,1,2,0,0,0,0,1,2,3,1,4,0,0,0,0,1,4,5,100,200,166.66666666666669,0,0,0,0,0,1,0,1,1,uuid:d2b985bb-2681-4c03-9f49-dac7349de6ab,1-10-38-FA,2685538,uuid:d2b985bb-2681-4c03-9f49-dac7349de6ab
20 août 2026 10:56:35,18 août 2026 13:09:30,18 août 2026 15:12:06,8a30a9d5edd66169,,,,posaf2026,1492,24.866666666666667,,,https://posaf.surveycto.com/view/submission-attachment/?uuid=uuid%3Ad75c73cb-666f-42db-999d-974837d4c70c&file=TA_d75c73cb-666f-42db-999d-974837d4c70c.csv,18 août 2026,13:09:36,4,Geneviève KAIMBA,1,hk Haut Katanga,10,hk Kikula,38,hk Petwe Centre de Santé,1-10-38,1-10-38-FA,,,,,mois_6,an2026,0,2,2,0,6,6,8,8,16,7,6,13,81.25,2,5,5,9,11,13,18,27,45,2,5,5,9,11,13,18,27,45,100,100,100,100,100,100,100,100,100,0,0,0,0,0,0,0,0,1,1,0,0,0,1,1,2,5.555555555555555,3.7037037037037033,4.444444444444445,0,1,1,0,0,0,1,1,2,100,100,100,0,1,1,0,0,0,1,1,2,0,5.555555555555555,3.7037037037037033,4.444444444444445,0,1,1,0,0,0,1,1,2,2,4,4,9,11,13,17,26,43,2,4,0,0,0,0,2,4,6,11.76470588235294,15.384615384615385,13.953488372093023,0,0,0,0,0,0,0,0,0,2,4,0,0,0,0,2,4,6,2,0,0,0,0,0,2,0,2,100,0,33.33333333333333,0,0,0,0,3,0,3,0,3,uuid:d75c73cb-666f-42db-999d-974837d4c70c,1-10-38-FA,2685538,uuid:d75c73cb-666f-42db-999d-974837d4c70c
20 août 2026 11:55:53,20 août 2026 10:14:12,20 août 2026 10:43:42,6b2c59495760a19b,,,,posaf2026,1449,24.15,,,https://posaf.surveycto.com/view/submission-attachment/?uuid=uuid%3Acc57fa08-b971-4726-86c0-2e7a5595410f&file=TA_cc57fa08-b971-4726-86c0-2e7a5595410f.csv,20 août 2026,10:15:07,1,Vincent MBUYU,1,hk Haut Katanga,12,hk Kilwa,42,hk Kasongo Mwana Centre de Santé,1-12-42,1-12-42-FA,-8.7291083,27.8575467,1172.3,4.5,mois_7,an2026,0,0,0,0,10,6,10,6,16,0,0,0,0,0,0,0,0,0,0,0,0,0,0,0,0,0,0,0,0,0,0,,,,,,,,,,0,0,0,0,0,0,0,0,0,0,0,0,0,0,0,0,,,,0,0,0,0,0,0,0,0,0,,,,0,0,0,0,0,0,0,0,0,,,,,0,0,0,0,0,0,0,0,0,0,0,0,0,0,0,0,0,0,0,0,0,0,0,0,0,0,0,,,,0,0,0,0,0,0,0,0,0,0,0,0,0,0,0,0,0,0,0,0,0,0,0,0,0,0,0,,,,0,0,0,0,6,6,6,6,12,uuid:cc57fa08-b971-4726-86c0-2e7a5595410f,1-12-42-FA,2685538,uuid:cc57fa08-b971-4726-86c0-2e7a5595410f
20 août 2026 11:59:00,20 août 2026 10:57:05,20 août 2026 11:54:53,8a30a9d5edd66169,,,,posaf2026,650,10.833333333333334,,,https://posaf.surveycto.com/view/submission-attachment/?uuid=uuid%3A5cf541e2-3b6b-4592-a2ce-4ce2162aba07&file=TA_5cf541e2-3b6b-4592-a2ce-4ce2162aba07.csv,20 août 2026,10:57:11,4,Geneviève KAIMBA,1,hk Haut Katanga,10,hk Kikula,37,hk Nkolomoni Centre de Santé,1-10-37,1-10-37-FA,-10.9650708,26.7230762,1087.3,4.9,mois_6,an2026,5,2,2,3,16,13,23,18,41,6,4,10,24.390243902439025,6,5,3,4,20,11,29,20,49,6,5,3,4,20,11,29,20,49,100,100,100,100,100,100,100,100,100,0,0,0,0,0,0,0,0,0,0,0,0,0,0,0,0,0,0,0,0,0,0,0,0,0,0,0,0,,,,0,0,0,0,0,0,0,0,0,0,0,0,0,0,0,0,0,0,0,0,0,0,6,5,3,4,20,11,29,20,49,6,5,0,0,0,0,6,5,11,20.689655172413794,25,22.448979591836736,0,0,0,0,0,0,0,0,0,6,4,0,0,0,0,6,4,10,6,4,0,0,0,0,6,4,10,100,100,100,0,0,0,0,3,1,3,1,4,uuid:5cf541e2-3b6b-4592-a2ce-4ce2162aba07,1-10-37-FA,2685538,uuid:5cf541e2-3b6b-4592-a2ce-4ce2162aba07
20 août 2026 11:59:02,20 août 2026 11:40:28,20 août 2026 11:55:18,8a30a9d5edd66169,,,,posaf2026,628,10.466666666666667,,,https://posaf.surveycto.com/view/submission-attachment/?uuid=uuid%3A53f817b7-2532-46e0-8f42-e89be1bfd96d&file=TA_53f817b7-2532-46e0-8f42-e89be1bfd96d.csv,20 août 2026,11:40:34,4,Geneviève KAIMBA,1,hk Haut Katanga,10,hk Kikula,37,hk Nkolomoni Centre de Santé,1-10-37,1-10-37-FA,-10.9646917,26.7236333,1283.0,5.0,mois_7,an2026,1,1,3,1,19,18,23,20,43,8,9,17,39.53488372093023,15,13,20,10,28,19,63,42,105,15,13,20,10,28,19,63,42,105,100,100,100,100,100,100,100,100,100,0,0,0,0,0,0,0,0,0,0,0,1,1,1,1,2,1.5873015873015872,2.380952380952381,1.9047619047619049,0,0,0,0,1,1,1,1,2,100,100,100,0,0,0,0,1,1,1,1,2,0,1.5873015873015872,2.380952380952381,1.9047619047619049,0,0,0,0,1,1,1,1,2,15,13,20,10,27,18,62,41,103,15,13,0,0,0,0,15,13,28,24.193548387096776,31.70731707317073,27.184466019417474,0,0,0,0,0,0,0,0,0,15,5,0,0,0,0,15,5,20,15,5,0,0,0,0,15,5,20,100,100,100,0,0,0,1,4,0,4,1,5,uuid:53f817b7-2532-46e0-8f42-e89be1bfd96d,1-10-37-FA,2685538,uuid:53f817b7-2532-46e0-8f42-e89be1bfd96d
20 août 2026 12:48:08,20 août 2026 12:17:43,20 août 2026 12:47:44,d9754b0057ab614e,,,,posaf2026,1801,30.016666666666666,,,https://posaf.surveycto.com/view/submission-attachment/?uuid=uuid%3Aa29aec54-7e53-46eb-b2e3-248db6bb6e9c&file=TA_a29aec54-7e53-46eb-b2e3-248db6bb6e9c.csv,20 août 2026,12:17:46,1,Kongolo bilonda,6,lm Lomami,,,,,6--,6---FA,,,,,mois_6,an2026,0,0,0,0,5,7,5,7,12,5,7,12,100,3,4,4,5,10,17,17,26,43,3,4,4,5,10,17,17,26,43,100,100,100,100,100,100,100,100,100,0,0,0,0,0,0,0,2,4,4,5,10,17,16,26,42,94.11764705882352,100,97.67441860465115,2,3,3,4,10,17,15,24,39,93.75,92.3076923076923,92.85714285714286,0,0,0,0,5,7,5,7,12,0,29.411764705882355,26.923076923076923,27.906976744186046,0,0,0,0,5,7,5,7,12,1,2,2,1,0,0,3,3,6,1,2,2,1,0,0,3,3,6,100,100,100,0,0,0,0,0,0,0,0,0,1,2,2,1,0,0,3,3,6,2,2,0,0,0,0,2,2,4,66.66666666666666,66.66666666666666,66.66666666666666,0,0,0,1,7,5,7,6,13,uuid:a29aec54-7e53-46eb-b2e3-248db6bb6e9c,6---FA,2685538,uuid:a29aec54-7e53-46eb-b2e3-248db6bb6e9c
20 août 2026 13:04:14,20 août 2026 12:31:43,20 août 2026 12:48:18,5a05e267f1e8f371,,,,posaf2026,995,16.583333333333332,,,https://posaf.surveycto.com/view/submission-attachment/?uuid=uuid%3Afc66162f-4cf2-465a-836d-05156a7e42c8&file=TA_fc66162f-4cf2-465a-836d-05156a7e42c8.csv,20 août 2026,12:32:06,1,Mutonji Bukasa Robert,6,lm Lomami,106,lm Kalenda,495,lm Tshilundu Centre de Santé,6-106-495,6-106-495-FA,-7.0097846,23.4449628,0.0,700.0,mois_6,an2026,0,0,1,1,3,4,4,5,9,4,5,9,100,8,12,5,3,4,8,17,23,40,8,12,5,3,4,8,17,23,40,100,100,100,100,100,100,100,100,100,0,0,17,23,17,23,40,8,12,5,3,4,8,17,23,40,100,100,100,8,12,5,3,4,8,17,23,40,100,100,100,0,0,0,0,2,4,2,4,6,0,11.76470588235294,17.391304347826086,15,0,0,0,0,2,4,2,4,6,8,12,5,3,0,0,13,15,28,8,12,5,3,0,0,13,15,28,100,100,100,0,0,0,0,2,4,2,4,6,3,2,2,2,0,0,5,4,9,3,2,2,2,0,0,5,4,9,100,100,100,0,0,1,2,5,3,6,5,11,uuid:fc66162f-4cf2-465a-836d-05156a7e42c8,6-106-495-FA,2685538,uuid:fc66162f-4cf2-465a-836d-05156a7e42c8
20 août 2026 13:04:14,20 août 2026 12:48:26,20 août 2026 13:01:57,5a05e267f1e8f371,,,,posaf2026,811,13.516666666666667,,,https://posaf.surveycto.com/view/submission-attachment/?uuid=uuid%3A7089cf18-a560-4f64-85af-10341820c983&file=TA_7089cf18-a560-4f64-85af-10341820c983.csv,20 août 2026,12:48:33,1,Mutonji Bukasa Robert,6,lm Lomami,106,lm Kalenda,495,lm Tshilundu Centre de Santé,6-106-495,6-106-495-FA,-7.1388075,23.3346192,877.1,3.4,mois_7,an2026,0,0,1,0,4,3,5,3,8,5,3,8,100,13,16,20,3,1,1,34,20,54,13,16,20,3,1,1,34,20,54,100,100,100,100,100,100,100,100,100,0,0,34,20,34,20,54,13,16,20,3,1,1,34,20,54,100,100,100,13,16,20,3,1,1,34,20,54,100,100,100,0,0,0,0,1,1,1,1,2,0,2.941176470588235,5,3.7037037037037033,0,0,0,0,1,1,1,1,2,13,16,20,3,0,0,33,19,52,13,16,20,3,0,0,33,19,52,100,100,100,0,0,0,0,0,0,0,0,0,13,16,20,3,0,0,33,19,52,6,10,20,3,0,0,26,13,39,78.78787878787878,68.42105263157895,75,0,0,0,1,3,2,3,3,6,uuid:7089cf18-a560-4f64-85af-10341820c983,6-106-495-FA,2685538,uuid:7089cf18-a560-4f64-85af-10341820c983
20 août 2026 14:12:43,20 août 2026 13:54:38,20 août 2026 14:12:20,d9754b0057ab614e,,,,posaf2026,1063,17.716666666666665,,,https://posaf.surveycto.com/view/submission-attachment/?uuid=uuid%3Ade0b1706-6f2e-4be9-9c60-a2bf80791c7a&file=TA_de0b1706-6f2e-4be9-9c60-a2bf80791c7a.csv,20 août 2026,13:54:04,1,Kongolo bilonda,6,lm Lomami,114,lm Makota,545,lm Saint Martin Centre de Santé,6-114-545,6-114-545-FA,,,,,mois_7,an2026,0,0,0,1,5,7,5,8,13,0,8,8,61.53846153846154,6,4,5,7,17,14,28,25,53,6,4,5,7,17,14,28,25,53,100,100,100,100,100,100,100,100,100,0,0,0,0,0,0,0,0,1,5,7,17,14,22,22,44,78.57142857142857,88,83.01886792452831,0,1,5,4,17,14,22,19,41,100,86.36363636363636,93.18181818181817,0,0,1,0,4,8,5,8,13,0,17.857142857142858,32,24.528301886792452,0,0,1,0,4,8,5,8,13,0,0,1,0,0,0,1,0,1,0,0,1,0,0,0,1,0,1,100,,100,0,0,1,0,4,8,5,8,13,0,0,0,0,0,0,0,0,0,0,0,1,1,0,0,1,1,2,Infinity,Infinity,Infinity,0,0,0,2,6,5,6,7,13,uuid:de0b1706-6f2e-4be9-9c60-a2bf80791c7a,6-114-545-FA,2685538,uuid:de0b1706-6f2e-4be9-9c60-a2bf80791c7a
20 août 2026 16:58:02,20 août 2026 16:12:28,20 août 2026 16:28:23,0dab29b0cea34108,,,,posaf2026,955,15.916666666666666,,,https://posaf.surveycto.com/view/submission-attachment/?uuid=uuid%3Aebb1625a-ff1f-4e1f-af31-1e4e57ddb8a4&file=TA_ebb1625a-ff1f-4e1f-af31-1e4e57ddb8a4.csv,20 août 2026,16:12:38,1,KAYEMBA KABUYA,6,lm Lomami,110,lm Kanda Kanda,519,lm Mutembue Centre de Santé,6-110-519,6-110-519-FA,-7.0218133,23.4484467,835.0,5.0,mois_6,an2026,0,1,0,2,5,7,5,10,15,0,3,3,20,6,9,12,14,8,12,26,35,61,6,9,12,14,8,12,26,35,61,100,100,100,100,100,100,100,100,100,0,0,6,9,6,9,15,4,6,5,8,0,0,9,14,23,34.61538461538461,40,37.704918032786885,4,6,5,8,0,0,9,14,23,100,100,100,0,0,0,0,0,0,0,0,0,0,0,0,0,0,0,0,0,0,0,0,0,0,4,6,0,0,0,0,4,6,10,4,6,0,0,0,0,4,6,10,100,100,100,0,0,0,0,0,0,0,0,0,4,6,0,0,0,0,4,6,10,0,0,0,0,0,0,0,0,0,0,0,0,0,0,0,0,0,0,0,0,0,uuid:ebb1625a-ff1f-4e1f-af31-1e4e57ddb8a4,6-110-519-FA,2685538,uuid:ebb1625a-ff1f-4e1f-af31-1e4e57ddb8a4
20 août 2026 16:58:02,20 août 2026 16:29:48,20 août 2026 16:39:30,0dab29b0cea34108,,,,posaf2026,582,9.7,,,https://posaf.surveycto.com/view/submission-attachment/?uuid=uuid%3A701c8112-4a8b-4c24-8df1-796eb170e9a5&file=TA_701c8112-4a8b-4c24-8df1-796eb170e9a5.csv,20 août 2026,16:29:59,1,KAYEMBA KABUYA,6,lm Lomami,110,lm Kanda Kanda,519,lm Mutembue Centre de Santé,6-110-519,6-110-519-FA,-7.0216682,23.4485517,937.8,4.7,mois_7,an2026,0,0,2,1,6,4,8,5,13,2,1,3,23.076923076923077,0,0,2,1,6,4,8,5,13,0,0,2,1,6,4,8,5,13,,,100,100,100,100,100,100,100,0,0,8,5,8,5,13,0,0,2,1,6,4,8,5,13,100,100,100,0,0,2,1,6,4,8,5,13,100,100,100,0,0,2,1,6,4,8,5,13,,100,100,100,0,0,2,1,6,4,8,5,13,0,0,2,1,0,0,2,1,3,0,0,2,1,0,0,2,1,3,100,100,100,0,0,2,1,6,4,8,5,13,0,0,2,1,0,0,2,1,3,0,0,0,0,0,0,0,0,0,0,0,0,0,0,0,0,0,0,0,0,0,uuid:701c8112-4a8b-4c24-8df1-796eb170e9a5,6-110-519-FA,2685538,uuid:701c8112-4a8b-4c24-8df1-796eb170e9a5
20 août 2026 21:16:50,17 août 2026 20:37:46,17 août 2026 20:51:56,5aed9c63cdc65fbb,,,,posaf2026,798,13.3,,,https://posaf.surveycto.com/view/submission-attachment/?uuid=uuid%3Adf8f1d4d-f48e-4ffa-9939-654b46a883e8&file=TA_df8f1d4d-f48e-4ffa-9939-654b46a883e8.csv,17 août 2026,20:38:14,4,DAVID MUNTAMBWA,1,hk Haut Katanga,23,hk Pweto,89,hk Nzwiba Centre de Santé,1-23-89,1-23-89-FA,,,,,mois_6,an2026,1,0,0,0,0,1,1,1,2,1,1,2,100,0,0,1,0,0,2,1,2,3,0,0,1,0,0,2,1,2,3,,,100,,,100,100,100,100,0,0,0,0,0,0,0,0,0,0,0,0,0,0,0,0,0,0,0,0,0,0,0,0,0,0,0,0,,,,0,0,0,0,0,0,0,0,0,,0,0,0,0,0,0,0,0,0,0,0,0,0,0,0,0,0,0,0,0,0,0,0,0,0,0,0,0,0,0,,,,0,0,0,0,0,0,0,0,0,0,0,0,0,0,0,0,0,0,0,0,0,0,0,0,0,0,0,,,,0,0,0,0,1,3,1,3,4,uuid:df8f1d4d-f48e-4ffa-9939-654b46a883e8,1-23-89-FA,2685538,uuid:df8f1d4d-f48e-4ffa-9939-654b46a883e8
20 août 2026 21:16:50,17 août 2026 20:51:59,17 août 2026 21:00:32,5aed9c63cdc65fbb,,,,posaf2026,507,8.45,,,https://posaf.surveycto.com/view/submission-attachment/?uuid=uuid%3Ad9ba8022-1a8e-4790-8047-b07957ef1d73&file=TA_d9ba8022-1a8e-4790-8047-b07957ef1d73.csv,17 août 2026,20:52:03,4,DAVID MUNTAMBWA,1,hk Haut Katanga,23,hk Pweto,89,hk Nzwiba Centre de Santé,1-23-89,1-23-89-FA,,,,,mois_7,an2026,0,0,0,1,0,1,0,2,2,0,2,2,100,0,0,0,0,2,2,2,2,4,0,0,0,0,2,2,2,2,4,,,,,100,100,100,100,100,0,0,0,0,0,0,0,0,0,0,0,0,0,0,0,0,0,0,0,0,0,0,0,0,0,0,0,0,,,,0,0,0,0,0,0,0,0,0,,0,0,0,0,0,0,0,0,0,0,0,0,0,0,0,0,2,2,2,2,4,0,0,0,0,0,0,0,0,0,0,0,0,0,0,0,0,0,0,0,0,0,0,0,0,0,0,0,0,0,0,0,0,0,0,0,0,0,0,0,,,,0,0,0,0,0,0,0,0,0,uuid:d9ba8022-1a8e-4790-8047-b07957ef1d73,1-23-89-FA,2685538,uuid:d9ba8022-1a8e-4790-8047-b07957ef1d73
21 août 2026 07:29:28,20 août 2026 08:11:40,20 août 2026 08:19:25,dad94626e8f646f8,,,,posaf2026,465,7.75,,,https://posaf.surveycto.com/view/submission-attachment/?uuid=uuid%3A27f8eaef-2007-414e-9819-5cf30e9b24a6&file=TA_27f8eaef-2007-414e-9819-5cf30e9b24a6.csv,20 août 2026,08:11:44,4,Ndaile kilinda Donatien,9,tn Tanganyika,172,tn Kansimba,785,tn Kavukwa Centre de Santé,9-172-785,9-172-785-FA,-7.4572379,29.5114411,1520.7,3.7,mois_6,an2026,0,0,0,0,0,0,0,0,0,0,0,0,,0,0,0,0,0,0,0,0,0,0,0,0,0,0,0,0,0,0,,,,,,,,,,0,0,0,0,0,0,0,0,0,0,0,0,0,0,0,0,,,,0,0,0,0,0,0,0,0,0,,,,0,0,0,0,0,0,0,0,0,,,,,0,0,0,0,0,0,0,0,0,0,0,0,0,0,0,0,0,0,0,0,0,0,0,0,0,0,0,,,,0,0,0,0,0,0,0,0,0,0,0,0,0,0,0,0,0,0,0,0,0,0,0,0,0,0,0,,,,0,0,0,0,0,0,0,0,0,uuid:27f8eaef-2007-414e-9819-5cf30e9b24a6,9-172-785-FA,2685538,uuid:27f8eaef-2007-414e-9819-5cf30e9b24a6
21 août 2026 07:29:29,20 août 2026 08:38:05,20 août 2026 08:51:52,dad94626e8f646f8,,,,posaf2026,828,13.8,,,https://posaf.surveycto.com/view/submission-attachment/?uuid=uuid%3Abd941d43-efc3-49f4-b271-ac8fe193cf58&file=TA_bd941d43-efc3-49f4-b271-ac8fe193cf58.csv,20 août 2026,08:38:08,4,Ndaile kilinda Donatien,9,tn Tanganyika,172,tn Kansimba,785,tn Kavukwa Centre de Santé,9-172-785,9-172-785-FA,-7.4572181,29.5115304,1519.4,3.7,mois_7,an2026,0,0,0,0,2,0,2,0,2,2,0,2,100,0,0,0,0,0,0,0,0,0,0,0,0,0,0,0,0,0,0,,,,,,,,,,0,0,0,0,0,0,0,0,0,0,0,0,0,0,0,0,,,,0,0,0,0,0,0,0,0,0,,,,0,0,0,0,0,0,0,0,0,,,,,0,0,0,0,0,0,0,0,0,0,0,0,0,0,0,0,0,0,0,0,0,0,0,0,0,0,0,,,,0,0,0,0,0,0,0,0,0,0,0,0,0,0,0,0,0,0,0,0,0,0,0,0,0,0,0,,,,0,0,0,0,0,0,0,0,0,uuid:bd941d43-efc3-49f4-b271-ac8fe193cf58,9-172-785-FA,2685538,uuid:bd941d43-efc3-49f4-b271-ac8fe193cf58
21 août 2026 08:51:16,20 août 2026 10:19:45,20 août 2026 10:41:15,ee30e763a5a08130,,,,posaf2026,1232,20.533333333333335,,,https://posaf.surveycto.com/view/submission-attachment/?uuid=uuid%3A937205bc-70ee-4254-8a86-76eb72b0c30c&file=TA_937205bc-70ee-4254-8a86-76eb72b0c30c.csv,20 août 2026,10:19:54,1,Jean Claude mutombo,6,lm Lomami,116,lm Mweneditu,554,lm Emmaüs Centre Hospitalier,6-116-554,6-116-554-FA,-7.0155144,23.4713476,1004.7,4.0,mois_7,an2026,0,0,1,1,6,4,7,5,12,7,5,12,100,2,1,11,16,33,45,46,62,108,2,1,11,16,33,45,46,62,108,100,100,100,100,100,100,100,100,100,0,0,45,46,45,46,91,0,0,7,9,14,23,21,32,53,45.65217391304348,51.61290322580645,49.074074074074076,0,0,7,9,14,23,21,32,53,100,100,100,0,0,0,0,1,2,1,2,3,0,2.1739130434782608,3.225806451612903,2.7777777777777777,0,0,0,0,1,2,1,2,3,0,0,2,1,0,1,2,2,4,0,0,2,1,0,1,2,2,4,100,100,100,0,0,0,0,1,2,1,2,3,0,0,2,1,0,1,2,2,4,3,2,0,0,0,0,3,2,5,150,100,125,0,0,0,0,2,2,2,2,4,uuid:937205bc-70ee-4254-8a86-76eb72b0c30c,6-116-554-FA,2685538,uuid:937205bc-70ee-4254-8a86-76eb72b0c30c
21 août 2026 08:51:16,20 août 2026 10:44:30,20 août 2026 10:59:27,ee30e763a5a08130,,,,posaf2026,802,13.366666666666667,,,https://posaf.surveycto.com/view/submission-attachment/?uuid=uuid%3Af13c096a-ffc5-42a2-ac0b-ea88a0230966&file=TA_f13c096a-ffc5-42a2-ac0b-ea88a0230966.csv,11 août 2026,10:44:46,1,Jean Claude mutombo,6,lm Lomami,116,lm Mweneditu,554,lm Emmaüs Centre Hospitalier,6-116-554,6-116-554-FA,-7.0155829,23.47122,988.4,2.3,mois_6,an2026,0,0,1,3,2,4,3,7,10,3,7,10,100,0,0,10,10,6,8,16,18,34,0,0,10,10,6,8,16,18,34,,,100,100,100,100,100,100,100,0,0,16,18,16,18,34,0,0,0,2,4,6,4,8,12,25,44.44444444444444,35.294117647058826,0,0,0,2,4,6,4,8,12,100,100,100,0,0,0,0,1,0,1,0,1,,6.25,0,2.941176470588235,0,0,0,0,1,0,1,0,1,0,0,3,5,0,0,3,5,8,0,0,3,5,0,0,3,5,8,100,100,100,0,0,0,0,1,0,1,0,1,0,0,3,5,0,0,3,5,8,7,5,0,0,0,0,7,5,12,233.33333333333334,100,150,0,0,0,0,2,4,2,4,6,uuid:f13c096a-ffc5-42a2-ac0b-ea88a0230966,6-116-554-FA,2685538,uuid:f13c096a-ffc5-42a2-ac0b-ea88a0230966
21 août 2026 09:36:56,18 août 2026 09:20:06,18 août 2026 10:57:14,6b0802edb38eb3c6,,,,posaf2026,5104,85.06666666666666,,,https://posaf.surveycto.com/view/submission-attachment/?uuid=uuid%3Ac75f5201-899d-4945-a84b-a2b9ff7d62f6&file=TA_c75f5201-899d-4945-a84b-a2b9ff7d62f6.csv,17 sept. 2026,09:20:42,4,TUBONGE MASENGO,9,tn Tanganyika,173,tn Kiambi,791,tn Kiambi Hôpital Général de Référence,9-173-791,9-173-791-FA,-7.3262925,28.015982,605.4,3.2,mois_7,an2026,0,0,0,0,2,3,2,3,5,2,3,5,100,4,2,11,5,13,20,28,27,55,4,2,11,5,13,20,28,27,55,100,100,100,100,100,100,100,100,100,0,0,0,0,0,0,0,0,0,1,2,3,2,4,4,8,14.285714285714285,14.814814814814813,14.545454545454545,0,0,1,2,3,2,4,4,8,100,100,100,0,0,0,0,2,1,2,1,3,0,7.142857142857142,3.7037037037037033,5.454545454545454,0,0,0,0,2,1,2,1,3,4,2,11,5,11,19,26,26,52,4,2,0,0,0,0,4,2,6,15.384615384615385,7.6923076923076925,11.538461538461538,0,0,0,0,1,1,1,1,2,4,2,0,0,0,0,4,2,6,6,8,0,0,0,0,6,8,14,150,400,233.33333333333334,0,0,0,1,3,5,3,6,9,uuid:c75f5201-899d-4945-a84b-a2b9ff7d62f6,9-173-791-FA,2685538,uuid:c75f5201-899d-4945-a84b-a2b9ff7d62f6
21 août 2026 10:08:06,21 août 2026 09:35:52,21 août 2026 10:07:49,a8343ef1e8f254d8,,,,posaf2026,1913,31.883333333333333,,,https://posaf.surveycto.com/view/submission-attachment/?uuid=uuid%3Ac78b9dcb-3a23-4428-810d-cb3ead69b95c&file=TA_c78b9dcb-3a23-4428-810d-cb3ead69b95c.csv,21 août 2026,09:36:35,4,Nshiso kimankinda judes,2,hl Haut Lomami,34,hl Kaniama,136,MUTOYO,2-34-136,2-34-136-FA,-7.5135659,24.1644239,895.6,1.0,mois_7,an2026,1,0,1,1,5,4,7,5,12,7,5,12,100,4,6,3,5,14,13,21,24,45,4,6,3,5,14,13,21,24,45,100,100,100,100,100,100,100,100,100,0,0,0,0,0,0,0,4,6,3,5,14,13,21,24,45,100,100,100,4,6,3,5,14,13,21,24,45,100,100,100,1,0,1,1,5,5,7,6,13,25,33.33333333333333,25,28.888888888888886,1,0,1,1,5,5,7,6,13,4,6,3,5,14,13,21,24,45,4,6,3,5,14,13,21,24,45,100,100,100,1,0,1,1,5,5,7,6,13,4,6,3,5,14,13,21,24,45,0,0,0,0,0,0,0,0,0,0,0,0,0,0,1,1,3,1,4,2,6,uuid:c78b9dcb-3a23-4428-810d-cb3ead69b95c,2-34-136-FA,2685538,uuid:c78b9dcb-3a23-4428-810d-cb3ead69b95c
21 août 2026 12:46:12,20 août 2026 09:04:14,21 août 2026 11:58:36,073280fddd42a86b,,,,posaf2026,5161,86.01666666666667,,,https://posaf.surveycto.com/view/submission-attachment/?uuid=uuid%3A08536a3e-aafd-4ab0-8990-cc72ca48f28d&file=TA_08536a3e-aafd-4ab0-8990-cc72ca48f28d.csv,30 juin 2026,09:00:14,1,MUKADI SABUE Jean Bosco,6,lm Lomami,116,lm Mweneditu,553,lm Ciamala Hôpital Général de Référence,6-116-553,6-116-553-FA,,,,,mois_6,an2026,0,0,1,2,6,6,7,8,15,7,8,15,100,4,2,7,8,29,33,40,43,83,4,2,7,8,29,33,40,43,83,100,100,100,100,100,100,100,100,100,0,0,40,43,40,43,83,1,0,2,2,7,9,10,11,21,25,25.581395348837212,25.301204819277107,1,0,2,2,7,9,10,11,21,100,100,100,0,0,0,0,0,0,0,0,0,0,0,0,0,0,0,0,0,0,0,0,0,0,1,2,1,0,0,0,2,2,4,1,2,1,0,0,0,2,2,4,100,100,100,0,0,0,0,0,0,0,0,0,1,2,1,0,0,0,2,2,4,6,7,3,0,0,0,9,7,16,450,350,400,0,1,0,0,2,8,2,9,11,uuid:08536a3e-aafd-4ab0-8990-cc72ca48f28d,6-116-553-FA,2685538,uuid:08536a3e-aafd-4ab0-8990-cc72ca48f28d
21 août 2026 12:46:13,21 août 2026 12:04:30,21 août 2026 12:21:39,073280fddd42a86b,,,,posaf2026,1030,17.166666666666668,,,https://posaf.surveycto.com/view/submission-attachment/?uuid=uuid%3Ae08f1c2c-f8fa-4037-8b05-de7c87ef4939&file=TA_e08f1c2c-f8fa-4037-8b05-de7c87ef4939.csv,31 juil. 2026,10:00:58,1,MUKADI SABUE Jean Bosco,6,lm Lomami,116,lm Mweneditu,553,lm Ciamala Hôpital Général de Référence,6-116-553,6-116-553-FA,,,,,mois_7,an2026,0,0,1,1,6,6,7,7,14,7,7,14,100,3,2,11,12,18,25,32,39,71,3,2,11,12,18,25,32,39,71,100,100,100,100,100,100,100,100,100,0,0,0,0,0,0,0,1,1,6,3,5,4,12,8,20,37.5,20.51282051282051,28.169014084507044,1,1,6,3,5,4,12,8,20,100,100,100,0,0,0,0,0,0,0,0,0,0,0,0,0,0,0,0,0,0,0,0,0,0,3,2,11,11,0,0,14,13,27,3,2,11,11,0,0,14,13,27,100,100,100,0,0,0,0,0,0,0,0,0,3,2,11,11,0,0,14,13,27,10,7,2,4,0,0,12,11,23,85.71428571428571,84.61538461538461,85.18518518518519,1,0,3,2,6,7,10,9,19,uuid:e08f1c2c-f8fa-4037-8b05-de7c87ef4939,6-116-553-FA,2685538,uuid:e08f1c2c-f8fa-4037-8b05-de7c87ef4939
21 août 2026 16:31:26,21 août 2026 14:56:08,21 août 2026 15:39:11,43ac713d9587c035,,,+243973989531,POSAF2006 (not yet authenticated),2583,43.05,,,https://posaf.surveycto.com/view/submission-attachment/?uuid=uuid%3Ad7f6c698-ab4d-4712-b650-3d95663a7229&file=TA_d7f6c698-ab4d-4712-b650-3d95663a7229.csv,21 août 2026,14:56:22,4,Willy Ilunga,1,hk Haut Katanga,5,hk Kapolowe,15,hk Kapolowe Gare Hôpital Secondaire,1-5-15,1-5-15-FA,-11.0374071,26.9469199,1138.6,2.6,mois_7,an2026,0,0,0,0,4,2,4,2,6,0,0,0,0,6,1,6,6,6,4,18,11,29,5,1,6,6,6,4,17,11,28,83.33333333333334,100,100,100,100,100,94.44444444444444,100,96.55172413793103,0,0,0,0,0,0,0,0,0,0,0,1,0,1,0,1,5.555555555555555,0,3.4482758620689653,0,0,0,0,1,0,1,0,1,100,,100,0,0,0,0,0,0,0,0,0,0,0,0,0,0,0,0,0,0,0,0,0,0,5,1,5,6,6,4,16,11,27,5,1,0,0,0,0,5,1,6,31.25,9.090909090909092,22.22222222222222,0,0,0,0,0,0,0,0,0,0,0,0,0,0,0,0,0,0,0,2,0,0,0,0,0,2,2,,Infinity,Infinity,0,0,0,0,0,0,0,0,0,uuid:d7f6c698-ab4d-4712-b650-3d95663a7229,1-5-15-FA,2685538,uuid:d7f6c698-ab4d-4712-b650-3d95663a7229
21 août 2026 22:12:19,21 août 2026 21:30:52,21 août 2026 21:51:59,41151210ad6612d6,,,,posaf2026,1248,20.8,,,https://posaf.surveycto.com/view/submission-attachment/?uuid=uuid%3A1435df5a-9bc4-47dc-9a28-ffd6d603a978&file=TA_1435df5a-9bc4-47dc-9a28-ffd6d603a978.csv,21 août 2026,21:31:11,1,Kadishi bilamba,6,lm Lomami,106,lm Kalenda,490,lm Makena Centre de Santé,6-106-490,6-106-490-FA,-7.7162872,23.482318,1016.2,3.6,mois_6,an2026,0,0,1,0,5,3,6,3,9,6,3,9,100,2,0,1,3,10,18,13,21,34,2,0,1,3,10,18,13,21,34,100,,100,100,100,100,100,100,100,0,0,0,0,0,0,0,2,0,1,3,10,18,13,21,34,100,100,100,2,0,1,3,10,18,13,21,34,100,100,100,0,0,1,0,5,3,6,3,9,0,46.15384615384615,14.285714285714285,26.47058823529412,0,0,1,0,5,3,6,3,9,0,0,0,0,0,0,0,0,0,0,0,0,0,0,0,0,0,0,,,,0,0,1,0,5,3,6,3,9,0,0,0,0,0,0,0,0,0,0,0,0,0,0,0,0,0,0,,,,0,0,0,0,2,2,2,2,4,uuid:1435df5a-9bc4-47dc-9a28-ffd6d603a978,6-106-490-FA,2685538,uuid:1435df5a-9bc4-47dc-9a28-ffd6d603a978
21 août 2026 22:12:20,21 août 2026 22:01:19,21 août 2026 22:10:48,41151210ad6612d6,,,,posaf2026,569,9.483333333333333,,,https://posaf.surveycto.com/view/submission-attachment/?uuid=uuid%3Acf399958-3a3f-4a19-8149-c67678e51d3c&file=TA_cf399958-3a3f-4a19-8149-c67678e51d3c.csv,21 août 2026,22:01:25,1,Kadishi bilamba,6,lm Lomami,106,lm Kalenda,490,lm Makena Centre de Santé,6-106-490,6-106-490-FA,-7.7164893,23.4822174,958.9,1.0,mois_7,an2026,0,0,0,1,4,3,4,4,8,4,4,8,100,0,2,2,1,16,12,18,15,33,0,2,2,1,16,12,18,15,33,,100,100,100,100,100,100,100,100,0,0,0,0,0,0,0,0,2,2,1,16,12,18,15,33,100,100,100,0,2,2,1,16,12,18,15,33,100,100,100,0,0,0,1,4,3,4,4,8,,22.22222222222222,26.666666666666668,24.242424242424242,0,0,0,1,4,3,4,4,8,0,0,0,0,0,0,0,0,0,0,0,0,0,0,0,0,0,0,,,,0,0,0,1,4,3,4,4,8,0,0,0,0,0,0,0,0,0,0,0,0,0,0,0,0,0,0,,,,0,0,0,0,0,0,0,0,0,uuid:cf399958-3a3f-4a19-8149-c67678e51d3c,6-106-490-FA,2685538,uuid:cf399958-3a3f-4a19-8149-c67678e51d3c
22 août 2026 10:53:26,22 août 2026 11:29:00,22 août 2026 11:52:05,945931028aba3f80,,,,posaf2026,1290,21.5,,,https://posaf.surveycto.com/view/submission-attachment/?uuid=uuid%3A56e37d0a-0efd-4cf5-9b70-dc8199407fcd&file=TA_56e37d0a-0efd-4cf5-9b70-dc8199407fcd.csv,22 août 2026,11:29:44,4,KUMENYA KATETO LUCIEN,7,sk Sud Kivu,121,sk Bunyakiri,579,sk Bunyakiri Hôpital Général de Référence,7-121-579,7-121-579-FA,-2.0856921,28.5833065,1053.3,1.9,mois_7,an2026,0,0,0,0,4,1,4,1,5,4,1,5,100,1,0,1,2,3,2,5,4,9,1,0,1,2,3,2,5,4,9,100,,100,100,100,100,100,100,100,0,0,0,0,0,0,0,0,0,0,0,0,0,0,0,0,0,0,0,0,0,0,0,0,0,0,0,0,,,,0,0,0,0,3,2,3,2,5,0,60,50,55.55555555555556,0,0,0,0,0,0,0,0,0,0,0,0,0,0,0,0,0,0,0,0,0,0,0,0,0,0,0,,,,0,0,0,0,0,0,0,0,0,0,0,0,0,0,0,0,0,0,0,0,0,0,0,0,0,0,0,,,,0,0,3,2,3,2,6,4,10,uuid:56e37d0a-0efd-4cf5-9b70-dc8199407fcd,7-121-579-FA,2685538,uuid:56e37d0a-0efd-4cf5-9b70-dc8199407fcd
22 août 2026 11:20:18,22 août 2026 12:04:58,22 août 2026 12:19:15,945931028aba3f80,,,,posaf2026,857,14.283333333333333,,,https://posaf.surveycto.com/view/submission-attachment/?uuid=uuid%3A9920f726-b452-4a9b-8474-bc35e7353ff4&file=TA_9920f726-b452-4a9b-8474-bc35e7353ff4.csv,22 août 2026,12:05:33,4,KUMENYA KATETO LUCIEN,7,sk Sud Kivu,121,sk Bunyakiri,580,sk Irangi Centre de Santé,7-121-580,7-121-580-FA,-2.0860778,28.584092,1057.8,2.1,mois_7,an2026,0,0,0,0,3,0,3,0,3,3,0,3,100,0,0,0,0,0,0,0,0,0,0,0,0,0,0,0,0,0,0,,,,,,,,,,0,0,0,0,0,0,0,0,0,0,0,0,0,0,0,0,,,,0,0,0,0,0,0,0,0,0,,,,0,0,0,0,0,0,0,0,0,,,,,0,0,0,0,0,0,0,0,0,0,0,0,0,0,0,0,0,0,0,0,0,0,0,0,0,0,0,,,,0,0,0,0,0,0,0,0,0,0,0,0,0,0,0,0,0,0,0,0,0,0,0,0,0,0,0,,,,0,0,0,0,0,0,0,0,0,uuid:9920f726-b452-4a9b-8474-bc35e7353ff4,7-121-580-FA,2685538,uuid:9920f726-b452-4a9b-8474-bc35e7353ff4
22 août 2026 16:14:29,22 août 2026 15:54:23,22 août 2026 16:13:53,8addf5164514ed48,,,,posaf2026,1156,19.266666666666666,,,https://posaf.surveycto.com/view/submission-attachment/?uuid=uuid%3Afafc675c-3207-458d-b718-ed6ea71f617c&file=TA_fafc675c-3207-458d-b718-ed6ea71f617c.csv,21 août 2026,15:54:04,1,Martin nshimba,6,lm Lomami,104,lm Kabinda,480,lm Mulemayi Centre de Santé,6-104-480,6-104-480-FA,-6.1255006,24.4959932,813.2,4.8,mois_7,an2026,0,0,0,0,2,1,2,1,3,2,1,3,100,0,0,0,0,2,1,2,1,3,0,0,0,0,2,1,2,1,3,,,,,100,100,100,100,100,0,0,0,0,0,0,0,0,0,0,0,2,1,2,1,3,100,100,100,0,0,0,0,2,1,2,1,3,100,100,100,0,0,0,0,2,1,2,1,3,,100,100,100,0,0,0,0,2,1,2,1,3,0,0,0,0,2,1,2,1,3,0,0,0,0,0,0,0,0,0,0,0,0,0,0,0,0,0,1,0,1,1,0,0,0,0,0,0,0,0,0,0,0,0,0,0,0,0,0,0,,,,0,0,0,0,0,0,0,0,0,uuid:fafc675c-3207-458d-b718-ed6ea71f617c,6-104-480-FA,2685538,uuid:fafc675c-3207-458d-b718-ed6ea71f617c
22 août 2026 17:54:48,20 août 2026 11:02:23,20 août 2026 11:25:34,6b2c59495760a19b,,,,posaf2026,1020,17,,,https://posaf.surveycto.com/view/submission-attachment/?uuid=uuid%3A329dde11-b220-464f-9006-7f612ccf4f56&file=TA_329dde11-b220-464f-9006-7f612ccf4f56.csv,20 août 2026,11:02:26,1,Vincent MBUYU,1,hk Haut Katanga,12,hk Kilwa,42,hk Kasongo Mwana Centre de Santé,1-12-42,1-12-42-FA,-8.72909,27.8574767,1149.6,4.1,mois_5,an2026,0,0,0,0,6,8,6,8,14,0,3,3,21.428571428571427,1,2,0,0,0,0,1,2,3,1,2,0,0,0,0,1,2,3,100,100,,,,,100,100,100,0,0,0,0,0,0,0,0,0,0,0,0,0,0,0,0,0,0,0,0,0,0,0,0,0,0,0,0,,,,0,0,0,0,0,0,0,0,0,0,0,0,0,0,0,0,0,0,0,0,0,0,0,0,0,0,0,0,0,0,0,0,0,0,0,0,0,0,0,0,,,,0,0,0,0,0,0,0,0,0,0,0,0,0,0,0,0,0,0,0,0,0,0,0,0,0,0,0,,,,0,0,0,0,6,2,6,2,8,uuid:329dde11-b220-464f-9006-7f612ccf4f56,1-12-42-FA,2685538,uuid:329dde11-b220-464f-9006-7f612ccf4f56
22 août 2026 17:54:48,20 août 2026 11:25:39,20 août 2026 11:39:13,6b2c59495760a19b,,,,posaf2026,718,11.966666666666667,,,https://posaf.surveycto.com/view/submission-attachment/?uuid=uuid%3A40970980-f11f-42f4-982c-42287ca167f4&file=TA_40970980-f11f-42f4-982c-42287ca167f4.csv,20 août 2026,11:25:42,1,Vincent MBUYU,1,hk Haut Katanga,12,hk Kilwa,42,hk Kasongo Mwana Centre de Santé,1-12-42,1-12-42-FA,-8.7292467,27.8574,1184.4,4.7,mois_4,an2026,0,0,0,0,8,5,8,5,13,2,2,4,30.76923076923077,2,2,0,0,0,0,2,2,4,2,2,0,0,0,0,2,2,4,100,100,,,,,100,100,100,0,0,0,0,0,0,0,0,0,0,0,0,0,0,0,0,0,0,0,0,0,0,0,0,0,0,0,0,,,,0,0,0,0,0,0,0,0,0,0,0,0,0,0,0,0,0,0,0,0,0,0,2,2,0,0,0,0,2,2,4,0,0,0,0,0,0,0,0,0,0,0,0,0,0,0,0,0,0,0,0,0,0,0,0,0,0,0,0,0,0,0,0,0,0,0,0,0,0,0,,,,0,0,0,0,8,4,8,4,12,uuid:40970980-f11f-42f4-982c-42287ca167f4,1-12-42-FA,2685538,uuid:40970980-f11f-42f4-982c-42287ca167f4
22 août 2026 17:54:49,20 août 2026 11:39:57,20 août 2026 11:49:03,6b2c59495760a19b,,,,posaf2026,546,9.1,,,https://posaf.surveycto.com/view/submission-attachment/?uuid=uuid%3A5d3b9d03-9128-451f-a9fd-1e80264089e4&file=TA_5d3b9d03-9128-451f-a9fd-1e80264089e4.csv,20 août 2026,11:40:00,1,Vincent MBUYU,1,hk Haut Katanga,12,hk Kilwa,42,hk Kasongo Mwana Centre de Santé,1-12-42,1-12-42-FA,-8.7291167,27.8574733,1165.3,4.7,mois_3,an2026,0,0,0,0,8,4,8,4,12,3,1,4,33.33333333333333,2,1,0,0,0,0,2,1,3,2,1,0,0,0,0,2,1,3,100,100,,,,,100,100,100,0,0,0,0,0,0,0,0,0,0,0,0,0,0,0,0,0,0,0,0,0,0,0,0,0,0,0,0,,,,0,0,0,0,0,0,0,0,0,0,0,0,0,0,0,0,0,0,0,0,0,0,2,1,0,0,0,0,2,1,3,2,1,0,0,0,0,2,1,3,100,100,100,0,0,0,0,0,0,0,0,0,2,1,0,0,0,0,2,1,3,0,0,0,0,0,0,0,0,0,0,0,0,0,0,0,0,7,4,7,4,11,uuid:5d3b9d03-9128-451f-a9fd-1e80264089e4,1-12-42-FA,2685538,uuid:5d3b9d03-9128-451f-a9fd-1e80264089e4
22 août 2026 17:54:49,20 août 2026 11:50:59,20 août 2026 11:59:57,6b2c59495760a19b,,,,posaf2026,538,8.966666666666667,,,https://posaf.surveycto.com/view/submission-attachment/?uuid=uuid%3A967b9889-f20f-4e5a-af6d-d7b1966a21b5&file=TA_967b9889-f20f-4e5a-af6d-d7b1966a21b5.csv,20 août 2026,11:51:38,1,Vincent MBUYU,1,hk Haut Katanga,12,hk Kilwa,42,hk Kasongo Mwana Centre de Santé,1-12-42,1-12-42-FA,-8.7291467,27.8574883,1171.2,4.8,mois_2,an2026,0,0,0,0,9,5,9,5,14,3,0,3,21.428571428571427,0,0,0,0,1,2,1,2,3,0,0,0,0,1,2,1,2,3,,,,,100,100,100,100,100,0,0,0,0,0,0,0,0,0,0,0,0,0,0,0,0,0,0,0,0,0,0,0,0,0,0,0,0,,,,0,0,0,0,0,0,0,0,0,,0,0,0,0,0,0,0,0,0,0,0,0,0,0,0,0,1,2,1,2,3,0,0,0,0,1,2,1,2,3,100,100,100,0,0,0,0,0,0,0,0,0,0,0,0,0,1,2,1,2,3,0,0,0,0,0,0,0,0,0,0,0,0,0,0,0,0,2,9,2,9,11,uuid:967b9889-f20f-4e5a-af6d-d7b1966a21b5,1-12-42-FA,2685538,uuid:967b9889-f20f-4e5a-af6d-d7b1966a21b5
22 août 2026 17:54:50,20 août 2026 12:09:41,20 août 2026 12:16:50,6b2c59495760a19b,,,,posaf2026,428,7.133333333333334,,,https://posaf.surveycto.com/view/submission-attachment/?uuid=uuid%3A87db516c-01d6-44e2-b547-415102867e7f&file=TA_87db516c-01d6-44e2-b547-415102867e7f.csv,20 août 2026,12:09:46,1,Vincent MBUYU,1,hk Haut Katanga,12,hk Kilwa,42,hk Kasongo Mwana Centre de Santé,1-12-42,1-12-42-FA,-8.72915,27.8573956,1177.4,4.7,mois_2,an2026,0,0,0,0,9,5,9,5,14,2,1,3,21.428571428571427,0,0,0,0,3,0,3,0,3,0,0,0,0,3,0,3,0,3,,,,,100,,100,,100,0,0,0,0,0,0,0,0,0,0,0,0,0,0,0,0,0,,0,0,0,0,0,0,0,0,0,0,,,,0,0,0,0,0,0,0,0,0,,0,,0,0,0,0,0,0,0,0,0,0,0,0,0,0,3,0,3,0,3,0,0,0,0,3,0,3,0,3,100,,100,0,0,0,0,0,0,0,0,0,0,0,0,0,3,0,3,0,3,0,0,0,0,0,0,0,0,0,0,,0,0,0,0,0,2,9,2,9,11,uuid:87db516c-01d6-44e2-b547-415102867e7f,1-12-42-FA,2685538,uuid:87db516c-01d6-44e2-b547-415102867e7f
22 août 2026 17:54:50,20 août 2026 12:16:55,20 août 2026 12:26:50,6b2c59495760a19b,,,,posaf2026,596,9.933333333333334,,,https://posaf.surveycto.com/view/submission-attachment/?uuid=uuid%3A7f5b8998-f1be-4e3e-9e79-c8f73bed3a28&file=TA_7f5b8998-f1be-4e3e-9e79-c8f73bed3a28.csv,20 août 2026,12:17:10,1,Vincent MBUYU,1,hk Haut Katanga,12,hk Kilwa,42,hk Kasongo Mwana Centre de Santé,1-12-42,1-12-42-FA,-8.7291694,27.8574506,1155.1,4.6,mois_1,an2026,0,0,0,0,10,5,10,5,15,2,2,4,26.666666666666668,0,0,0,0,2,2,2,2,4,0,0,0,0,2,2,2,2,4,,,,,100,100,100,100,100,0,0,0,0,0,0,0,0,0,0,0,0,0,0,0,0,0,0,0,0,0,0,0,0,0,0,0,0,,,,0,0,0,0,0,0,0,0,0,,0,0,0,0,0,0,0,0,0,0,0,0,0,0,0,0,2,2,2,2,4,0,0,0,0,2,2,2,2,4,100,100,100,0,0,0,0,0,0,0,0,0,0,0,0,0,2,2,2,2,4,0,0,0,0,0,0,0,0,0,0,0,0,0,0,0,0,9,2,9,2,11,uuid:7f5b8998-f1be-4e3e-9e79-c8f73bed3a28,1-12-42-FA,2685538,uuid:7f5b8998-f1be-4e3e-9e79-c8f73bed3a28
22 août 2026 17:55:10,20 août 2026 10:46:25,20 août 2026 10:52:27,6b2c59495760a19b,,,,posaf2026,363,6.05,,,https://posaf.surveycto.com/view/submission-attachment/?uuid=uuid%3A871f8322-61da-458a-b98f-d6268c3b697a&file=TA_871f8322-61da-458a-b98f-d6268c3b697a.csv,20 août 2026,10:46:28,1,Vincent MBUYU,1,hk Haut Katanga,12,hk Kilwa,42,hk Kasongo Mwana Centre de Santé,1-12-42,1-12-42-FA,-8.7290917,27.8575183,1152.6,4.8,mois_6,an2026,0,0,0,0,8,7,8,7,15,0,0,0,0,0,0,0,0,0,0,0,0,0,0,0,0,0,0,0,0,0,0,,,,,,,,,,0,0,0,0,0,0,0,0,0,0,0,0,0,0,0,0,,,,0,0,0,0,0,0,0,0,0,,,,0,0,0,0,0,0,0,0,0,,,,,0,0,0,0,0,0,0,0,0,0,0,0,0,0,0,0,0,0,0,0,0,0,0,0,0,0,0,,,,0,0,0,0,0,0,0,0,0,0,0,0,0,0,0,0,0,0,0,0,0,0,0,0,0,0,0,,,,0,0,0,0,4,4,4,4,8,uuid:871f8322-61da-458a-b98f-d6268c3b697a,1-12-42-FA,2685538,uuid:871f8322-61da-458a-b98f-d6268c3b697a
22 août 2026 18:39:16,22 août 2026 18:27:34,22 août 2026 18:37:33,5d55125c5d011672,,,,posaf2026,598,9.966666666666667,,,https://posaf.surveycto.com/view/submission-attachment/?uuid=uuid%3Ac49a9c84-a863-4574-a96f-651e7a1f413b&file=TA_c49a9c84-a863-4574-a96f-651e7a1f413b.csv,22 août 2026,18:28:19,1,Vanda epenge André,8,sn Sankuru,163,sn Ototo,736,sn Kongo Centre de Santé,8-163-736,8-163-736-FA,,,,,mois_6,an2026,0,0,0,1,4,5,4,6,10,1,3,4,40,2,3,1,1,0,3,3,7,10,1,0,1,1,0,1,2,2,4,50,0,100,100,,33.33333333333333,66.66666666666666,28.57142857142857,40,0,0,0,0,0,0,0,0,0,1,1,0,1,1,2,3,33.33333333333333,28.57142857142857,30,0,0,0,0,0,1,0,1,1,0,50,33.33333333333333,0,0,0,0,0,0,0,0,0,0,0,0,0,0,0,0,0,0,0,0,0,0,0,0,0,0,0,0,0,0,0,0,0,0,0,0,0,0,0,0,,,,0,0,0,0,0,0,0,0,0,0,0,0,0,0,0,0,0,0,0,1,1,1,1,0,2,2,4,Infinity,Infinity,Infinity,0,0,1,2,2,3,3,5,8,uuid:c49a9c84-a863-4574-a96f-651e7a1f413b,8-163-736-FA,2685538,uuid:c49a9c84-a863-4574-a96f-651e7a1f413b
22 août 2026 19:51:02,22 août 2026 20:38:03,22 août 2026 20:49:11,a28857a6107b4ec7,,,,posaf2026,668,11.133333333333333,,,https://posaf.surveycto.com/view/submission-attachment/?uuid=uuid%3A406965e7-3c01-4fd2-87c4-8ee50d000d4a&file=TA_406965e7-3c01-4fd2-87c4-8ee50d000d4a.csv,22 août 2026,20:38:09,1,Ngoyi mbombo,6,lm Lomami,114,lm Makota,5672,Matshonyi,6-114-5672,6-114-5672-FA,-7.0051569,23.4532392,0.0,400.0,mois_6,an2026,0,0,0,0,1,1,1,1,2,1,1,2,100,0,0,0,0,7,6,7,6,13,0,0,0,0,7,6,7,6,13,,,,,100,100,100,100,100,0,0,7,6,7,6,13,0,0,0,0,7,6,7,6,13,100,100,100,0,0,0,0,7,6,7,6,13,100,100,100,0,0,0,0,0,0,0,0,0,,0,0,0,0,0,0,0,0,0,0,0,0,0,0,0,0,0,0,0,0,0,0,0,0,0,0,0,0,0,0,,,,0,0,0,0,0,0,0,0,0,0,0,0,0,0,0,0,0,0,0,0,0,0,0,0,0,0,0,,,,0,0,0,0,0,0,0,0,0,uuid:406965e7-3c01-4fd2-87c4-8ee50d000d4a,6-114-5672-FA,2685538,uuid:406965e7-3c01-4fd2-87c4-8ee50d000d4a
22 août 2026 19:57:01,22 août 2026 20:49:28,22 août 2026 20:55:10,a28857a6107b4ec7,,,,posaf2026,342,5.7,,,https://posaf.surveycto.com/view/submission-attachment/?uuid=uuid%3Ade34cb15-00b1-4b86-aa84-3f6353eb0681&file=TA_de34cb15-00b1-4b86-aa84-3f6353eb0681.csv,22 août 2026,20:49:32,1,Ngoyi mbombo,6,lm Lomami,114,lm Makota,5672,Matshonyi,6-114-5672,6-114-5672-FA,,,,,mois_7,an2026,0,0,0,0,1,2,1,2,3,1,2,3,100,0,0,0,0,12,19,12,19,31,0,0,0,0,12,19,12,19,31,,,,,100,100,100,100,100,0,0,12,19,12,19,31,0,0,0,0,3,3,3,3,6,25,15.789473684210526,19.35483870967742,0,0,0,0,3,3,3,3,6,100,100,100,0,0,0,0,0,0,0,0,0,,0,0,0,0,0,0,0,0,0,0,0,0,0,0,0,0,0,0,0,0,0,0,0,0,0,0,0,0,0,0,,,,0,0,0,0,0,0,0,0,0,0,0,0,0,0,0,0,0,0,0,0,0,0,0,0,0,0,0,,,,0,0,0,0,0,0,0,0,0,uuid:de34cb15-00b1-4b86-aa84-3f6353eb0681,6-114-5672-FA,2685538,uuid:de34cb15-00b1-4b86-aa84-3f6353eb0681
23 août 2026 07:47:07,23 août 2026 07:21:17,23 août 2026 07:38:51,c3046bf1ab370596,,,,posaf2026,1054,17.566666666666666,,,https://posaf.surveycto.com/view/submission-attachment/?uuid=uuid%3Afa05bbc9-39b3-4b0c-916a-292630db0973&file=TA_fa05bbc9-39b3-4b0c-916a-292630db0973.csv,5 juin 2026,13:25:42,1,NGONGO NTAMBUE CLEMENT,6,lm Lomami,104,lm Kabinda,479,lm Mbunda Centre de Santé,6-104-479,6-104-479-FA,-6.1421105,24.4663288,931.8,1.6,mois_6,an2026,0,0,0,1,3,1,3,2,5,1,1,2,40,0,0,0,1,2,1,2,2,4,0,0,0,0,2,1,2,1,3,,,,0,100,100,100,50,75,0,0,0,0,0,0,0,0,0,0,0,2,1,2,1,3,100,50,75,0,0,0,0,2,1,2,1,3,100,100,100,0,0,0,0,2,1,2,1,3,,100,100,100,0,0,0,0,0,0,0,0,0,0,0,0,0,0,0,0,0,0,0,0,0,0,0,0,0,0,0,,,,0,0,0,0,0,0,0,0,0,0,0,0,0,0,0,0,0,0,0,0,0,0,0,0,0,0,0,,,,0,0,0,0,0,0,0,0,0,uuid:fa05bbc9-39b3-4b0c-916a-292630db0973,6-104-479-FA,2685538,uuid:fa05bbc9-39b3-4b0c-916a-292630db0973
23 août 2026 07:47:07,23 août 2026 07:39:05,23 août 2026 07:45:24,c3046bf1ab370596,,,,posaf2026,379,6.316666666666666,,,https://posaf.surveycto.com/view/submission-attachment/?uuid=uuid%3Ac2e5f856-ea8b-4eed-b926-58da8322e9f0&file=TA_c2e5f856-ea8b-4eed-b926-58da8322e9f0.csv,5 août 2026,13:40:31,1,NGONGO NTAMBUE CLEMENT,6,lm Lomami,104,lm Kabinda,479,lm Mbunda Centre de Santé,6-104-479,6-104-479-FA,-6.1419745,24.4658007,832.5,2.5,mois_7,an2026,0,0,0,0,0,0,0,0,0,0,0,0,,0,0,0,2,2,2,2,4,6,0,0,0,0,0,0,0,0,0,,,,0,0,0,0,0,0,0,0,0,0,0,0,0,0,0,0,0,0,0,0,0,0,0,0,0,0,0,0,0,0,0,0,0,0,,,,0,0,0,0,0,0,0,0,0,,,,,0,0,0,0,0,0,0,0,0,0,0,0,0,0,0,0,0,0,0,0,0,0,0,0,0,0,0,,,,0,0,0,0,0,0,0,0,0,0,0,0,0,0,0,0,0,0,0,0,0,0,0,0,0,0,0,,,,0,0,0,0,0,0,0,0,0,uuid:c2e5f856-ea8b-4eed-b926-58da8322e9f0,6-104-479-FA,2685538,uuid:c2e5f856-ea8b-4eed-b926-58da8322e9f0
23 août 2026 14:32:43,23 août 2026 13:59:50,23 août 2026 14:30:53,4bead0c2919db780,,,,posaf2026,1863,31.05,,,https://posaf.surveycto.com/view/submission-attachment/?uuid=uuid%3Aff251f48-c189-402a-bdae-c291853083d7&file=TA_ff251f48-c189-402a-bdae-c291853083d7.csv,23 août 2026,14:00:19,4,TSHIBANDA KAZADI ALBAIN,6,lm Lomami,114,lm Makota,546,lm SNCC Centre Hospitalier,6-114-546,6-114-546-FA,,,,,mois_6,an2026,1,0,0,1,1,1,2,2,4,2,2,4,100,23,26,54,43,63,67,140,136,276,23,26,54,43,63,67,140,136,276,100,100,100,100,100,100,100,100,100,0,0,0,0,0,0,0,12,17,25,27,63,67,100,111,211,71.42857142857143,81.61764705882352,76.44927536231883,12,17,25,27,63,67,100,111,211,100,100,100,1,0,0,1,6,6,7,7,14,4.3478260869565215,5,5.147058823529411,5.072463768115942,1,0,0,1,6,6,7,7,14,1,0,0,1,2,2,3,3,6,1,0,0,1,2,2,3,3,6,100,100,100,1,0,0,1,6,6,7,7,14,1,0,0,1,1,1,2,2,4,0,0,0,0,0,0,0,0,0,0,0,0,0,0,0,0,0,0,0,0,0,uuid:ff251f48-c189-402a-bdae-c291853083d7,6-114-546-FA,2685538,uuid:ff251f48-c189-402a-bdae-c291853083d7
23 août 2026 14:40:43,22 août 2026 21:34:27,23 août 2026 14:40:14,4bead0c2919db780,,,,posaf2026,2332,38.86666666666667,,,https://posaf.surveycto.com/view/submission-attachment/?uuid=uuid%3A0a6d4c21-d358-4e33-ae90-399ade7dafff&file=TA_0a6d4c21-d358-4e33-ae90-399ade7dafff.csv,22 août 2026,21:34:34,4,TSHIBANDA KAZADI ALBAIN,6,lm Lomami,114,lm Makota,542,lm Katshisungu Centre de Santé,6-114-542,6-114-542-FA,,,,,mois_6,an2026,0,0,1,0,3,4,4,4,8,3,4,7,87.5,3,2,7,2,14,17,24,21,45,3,2,7,2,14,17,24,21,45,100,100,100,100,100,100,100,100,100,0,0,24,21,24,21,45,0,0,1,0,3,4,4,4,8,16.666666666666664,19.047619047619047,17.77777777777778,0,0,1,0,3,0,4,0,4,100,0,50,0,0,0,1,2,1,2,2,4,0,8.333333333333332,9.523809523809524,8.88888888888889,0,0,0,0,0,0,0,0,0,3,2,0,0,0,0,3,2,5,0,0,0,0,0,0,0,0,0,0,0,0,0,0,0,1,2,1,2,2,4,3,2,0,0,0,0,3,2,5,3,3,0,0,0,0,3,3,6,100,150,120,0,0,0,0,4,2,4,2,6,uuid:0a6d4c21-d358-4e33-ae90-399ade7dafff,6-114-542-FA,2685538,uuid:0a6d4c21-d358-4e33-ae90-399ade7dafff
23 août 2026 15:27:23,23 août 2026 15:01:53,23 août 2026 15:26:51,c70a931539d0c17f,,,,posaf2026,1499,24.983333333333334,,,https://posaf.surveycto.com/view/submission-attachment/?uuid=uuid%3Add2b5226-aeb8-4023-9288-ea10b720e19a&file=TA_dd2b5226-aeb8-4023-9288-ea10b720e19a.csv,23 août 2026,15:02:13,4,Camille NKUNDU MUANABUTE,6,lm Lomami,108,lm Kamana,502,lm Bakunda Centre de Santé,6-108-502,6-108-502-FA,,,,,mois_8,an2026,0,0,0,0,0,0,0,0,0,0,0,0,,0,0,0,0,0,0,0,0,0,0,0,0,0,0,0,0,0,0,,,,,,,,,,0,0,0,0,0,0,0,0,0,0,0,0,0,0,0,0,,,,0,0,0,0,0,0,0,0,0,,,,0,0,0,0,0,0,0,0,0,,,,,0,0,0,0,0,0,0,0,0,0,0,0,0,0,0,0,0,0,0,0,0,0,0,0,0,0,0,,,,0,0,0,0,0,0,0,0,0,0,0,0,0,0,0,0,0,0,0,0,0,0,0,0,0,0,0,,,,0,0,0,0,0,0,0,0,0,uuid:dd2b5226-aeb8-4023-9288-ea10b720e19a,6-108-502-FA,2685538,uuid:dd2b5226-aeb8-4023-9288-ea10b720e19a
23 août 2026 15:58:42,23 août 2026 06:31:35,23 août 2026 06:40:48,50ec27ea5a160f81,,,,posaf2026,553,9.216666666666667,,,https://posaf.surveycto.com/view/submission-attachment/?uuid=uuid%3A0cafeb6a-864c-473c-ad1b-892dff38ec30&file=TA_0cafeb6a-864c-473c-ad1b-892dff38ec30.csv,23 août 2026,06:31:21,1,BANDIBABUSIRE MIRINDI,9,tn Tanganyika,178,tn Nyemba,825,tn Rugumba Centre de Santé,9-178-825,9-178-825-FA,-5.3341589,29.2103924,764.3,4.4,mois_8,an2026,0,0,0,0,0,0,0,0,0,0,0,0,,0,0,0,0,0,0,0,0,0,0,0,0,0,0,0,0,0,0,,,,,,,,,,0,0,0,0,0,0,0,0,0,0,0,0,0,0,0,0,,,,0,0,0,0,0,0,0,0,0,,,,0,0,0,0,0,0,0,0,0,,,,,0,0,0,0,0,0,0,0,0,0,0,0,0,0,0,0,0,0,0,0,0,0,0,0,0,0,0,,,,0,0,0,0,0,0,0,0,0,0,0,0,0,0,0,0,0,0,0,0,0,0,0,0,0,0,0,,,,0,0,0,0,0,0,0,0,0,uuid:0cafeb6a-864c-473c-ad1b-892dff38ec30,9-178-825-FA,2685538,uuid:0cafeb6a-864c-473c-ad1b-892dff38ec30
23 août 2026 16:11:34,23 août 2026 15:17:03,23 août 2026 15:44:57,4bead0c2919db780,,,,posaf2026,1674,27.9,,,https://posaf.surveycto.com/view/submission-attachment/?uuid=uuid%3A709e3236-c113-4601-bc6a-4bc9d40b18b9&file=TA_709e3236-c113-4601-bc6a-4bc9d40b18b9.csv,23 août 2026,15:17:08,4,TSHIBANDA KAZADI ALBAIN,6,lm Lomami,114,lm Makota,546,lm SNCC Centre Hospitalier,6-114-546,6-114-546-FA,,,,,mois_7,an2026,0,0,1,1,2,3,3,4,7,3,4,7,100,1,1,11,26,39,94,51,121,172,0,0,11,26,39,94,50,120,170,0,0,100,100,100,100,98.0392156862745,99.17355371900827,98.83720930232558,0,0,0,0,0,0,0,0,0,11,26,39,94,50,120,170,98.0392156862745,99.17355371900827,98.83720930232558,0,0,11,26,39,94,50,120,170,100,100,100,0,0,1,1,2,3,3,4,7,,6,3.3333333333333335,4.117647058823529,0,0,1,1,2,3,3,4,7,0,0,0,0,0,0,0,0,0,0,0,0,0,0,0,0,0,0,,,,0,0,1,1,2,3,3,4,7,0,0,0,0,0,0,0,0,0,0,0,0,0,0,0,0,0,0,,,,0,0,0,0,0,0,0,0,0,uuid:709e3236-c113-4601-bc6a-4bc9d40b18b9,6-114-546-FA,2685538,uuid:709e3236-c113-4601-bc6a-4bc9d40b18b9
23 août 2026 17:09:58,23 août 2026 16:31:43,23 août 2026 16:45:12,c70a931539d0c17f,,,,posaf2026,809,13.483333333333333,,,https://posaf.surveycto.com/view/submission-attachment/?uuid=uuid%3Ab5985569-7749-4b6e-acce-21061cd0da5e&file=TA_b5985569-7749-4b6e-acce-21061cd0da5e.csv,23 août 2026,16:32:17,4,Camille NKUNDU MUANABUTE,6,lm Lomami,108,lm Kamana,506,lm Kasonguele Centre de Santé,6-108-506,6-108-506-FA,,,,,mois_6,an2026,0,0,0,0,0,0,0,0,0,0,0,0,,0,0,0,0,0,0,0,0,0,0,0,0,0,0,0,0,0,0,,,,,,,,,,0,0,0,0,0,0,0,0,0,0,0,0,0,0,0,0,,,,0,0,0,0,0,0,0,0,0,,,,0,0,0,0,0,0,0,0,0,,,,,0,0,0,0,0,0,0,0,0,0,0,0,0,0,0,0,0,0,0,0,0,0,0,0,0,0,0,,,,0,0,0,0,0,0,0,0,0,0,0,0,0,0,0,0,0,0,0,0,0,0,0,0,0,0,0,,,,1,0,0,0,1,3,2,3,5,uuid:b5985569-7749-4b6e-acce-21061cd0da5e,6-108-506-FA,2685538,uuid:b5985569-7749-4b6e-acce-21061cd0da5e
23 août 2026 17:23:04,23 août 2026 17:10:24,23 août 2026 17:22:50,c70a931539d0c17f,,,,posaf2026,747,12.45,,,https://posaf.surveycto.com/view/submission-attachment/?uuid=uuid%3Aa4304384-b389-4d00-aefc-fedef9af9b13&file=TA_a4304384-b389-4d00-aefc-fedef9af9b13.csv,23 août 2026,17:10:30,4,Camille NKUNDU MUANABUTE,6,lm Lomami,108,lm Kamana,503,lm Ebondo Kape Centre de Santé,6-108-503,6-108-503-FA,,,,,mois_6,an2026,0,0,2,0,1,2,3,2,5,0,0,0,0,0,0,0,0,0,0,0,0,0,0,0,0,0,0,0,0,0,0,,,,,,,,,,0,0,0,0,0,0,0,0,0,0,0,0,0,0,0,0,,,,0,0,0,0,0,0,0,0,0,,,,0,0,0,0,0,0,0,0,0,,,,,0,0,0,0,0,0,0,0,0,0,0,0,0,0,0,0,0,0,0,0,0,0,0,0,0,0,0,,,,0,0,0,0,0,0,0,0,0,0,0,0,0,0,0,0,0,0,0,0,0,0,0,0,0,0,0,,,,0,0,1,1,2,1,3,2,5,uuid:a4304384-b389-4d00-aefc-fedef9af9b13,6-108-503-FA,2685538,uuid:a4304384-b389-4d00-aefc-fedef9af9b13
23 août 2026 20:02:51,23 août 2026 19:45:00,23 août 2026 20:02:34,4bead0c2919db780,,,,posaf2026,1054,17.566666666666666,,,https://posaf.surveycto.com/view/submission-attachment/?uuid=uuid%3A0a95a430-ad89-479e-a3fc-20e7ddbbdf0b&file=TA_0a95a430-ad89-479e-a3fc-20e7ddbbdf0b.csv,23 août 2026,19:45:17,4,TSHIBANDA KAZADI ALBAIN,6,lm Lomami,114,lm Makota,542,lm Katshisungu Centre de Santé,6-114-542,6-114-542-FA,,,,,mois_7,an2026,0,0,1,1,2,4,3,5,8,3,5,8,100,4,2,8,9,16,15,28,26,54,4,2,8,9,16,15,28,26,54,100,100,100,100,100,100,100,100,100,0,0,0,0,0,0,0,1,1,3,4,6,8,10,13,23,35.714285714285715,50,42.592592592592595,1,1,3,4,6,8,10,13,23,100,100,100,0,0,1,1,2,5,3,6,9,0,10.714285714285714,23.076923076923077,16.666666666666664,0,0,1,1,2,5,3,6,9,4,2,0,0,0,0,4,2,6,0,0,0,0,0,0,0,0,0,0,0,0,0,0,1,1,2,5,3,6,9,2,2,0,0,0,0,2,2,4,2,3,0,0,0,0,2,3,5,100,150,125,0,0,0,0,1,5,1,5,6,uuid:0a95a430-ad89-479e-a3fc-20e7ddbbdf0b,6-114-542-FA,2685538,uuid:0a95a430-ad89-479e-a3fc-20e7ddbbdf0b
24 août 2026 10:26:07,24 août 2026 09:49:04,24 août 2026 10:24:21,43ac713d9587c035,,,+243973989531,POSAF2006 (not yet authenticated),1973,32.88333333333333,,,https://posaf.surveycto.com/view/submission-attachment/?uuid=uuid%3Abd162839-0f64-41df-ab8e-e388bc177e57&file=TA_bd162839-0f64-41df-ab8e-e388bc177e57.csv,24 août 2026,09:49:17,4,Willy Ilunga,1,hk Haut Katanga,5,hk Kapolowe,16,hk Kapolowe Hôpital Général de Référence,1-5-16,1-5-16-FA,-10.9440582,26.9563124,1144.6,1.5,mois_7,an2026,0,1,2,1,11,5,13,7,20,5,2,7,35,3,3,5,9,5,7,13,19,32,3,2,3,2,3,3,9,7,16,100,66.66666666666666,60,22.22222222222222,60,42.857142857142854,69.23076923076923,36.84210526315789,50,0,0,5,2,5,2,7,3,1,1,1,1,0,5,2,7,38.46153846153847,10.526315789473683,21.875,3,1,1,1,1,0,5,2,7,100,100,100,0,0,0,0,0,0,0,0,0,0,0,0,0,0,0,0,0,0,0,0,0,0,3,2,0,0,0,0,3,2,5,3,2,0,0,0,0,3,2,5,100,100,100,0,0,0,0,0,0,0,0,0,0,1,0,0,0,0,0,1,1,0,1,0,0,0,0,0,1,1,,100,100,0,0,0,0,0,0,0,0,0,uuid:bd162839-0f64-41df-ab8e-e388bc177e57,1-5-16-FA,2685538,uuid:bd162839-0f64-41df-ab8e-e388bc177e57
24 août 2026 11:34:25,24 août 2026 10:18:32,24 août 2026 11:34:16,a437cb25dd949337,,,,posaf2026,4049,67.48333333333333,,,https://posaf.surveycto.com/view/submission-attachment/?uuid=uuid%3Ac5527e2b-b193-4a24-9be1-1adaae437b16&file=TA_c5527e2b-b193-4a24-9be1-1adaae437b16.csv,21 août 2026,10:18:54,1,José TSHISUAKA,6,lm Lomami,116,lm Mweneditu,558,lm Tshishinji Centre de Santé,6-116-558,6-116-558-FA,,,,,mois_7,an2026,0,0,1,1,7,6,8,7,15,8,7,15,100,10,11,21,17,22,31,53,59,112,10,11,21,17,22,31,53,59,112,100,100,100,100,100,100,100,100,100,0,0,0,0,0,0,0,0,0,7,11,9,14,16,25,41,30.18867924528302,42.3728813559322,36.607142857142854,0,0,7,11,9,14,16,25,41,100,100,100,0,0,1,0,1,1,2,1,3,0,3.7735849056603774,1.694915254237288,2.6785714285714284,0,0,1,0,1,1,2,1,3,3,3,4,3,0,0,7,6,13,3,3,4,3,0,0,7,6,13,100,100,100,0,0,1,0,1,1,2,1,3,3,3,4,3,0,0,7,6,13,5,5,2,1,0,0,7,6,13,100,100,100,0,0,1,0,7,7,8,7,15,uuid:c5527e2b-b193-4a24-9be1-1adaae437b16,6-116-558-FA,2685538,uuid:c5527e2b-b193-4a24-9be1-1adaae437b16
24 août 2026 14:03:22,18 août 2026 14:13:13,18 août 2026 14:29:22,5e0b361988ef260c,,,,posaf2026,969,16.15,,,https://posaf.surveycto.com/view/submission-attachment/?uuid=uuid%3Aa380ba39-6738-47b9-a4be-d863e47cd408&file=TA_a380ba39-6738-47b9-a4be-d863e47cd408.csv,18 août 2026,14:13:22,3,Dimitry muyumba,9,tn Tanganyika,169,tn Ankoro,769,tn Kiya Centre de Santé,9-169-769,9-169-769-FA,-6.7544686,26.9437112,567.4,4.9,mois_7,an2026,1,0,3,0,0,0,4,0,4,0,0,0,0,0,0,0,0,0,0,0,0,0,0,0,0,0,0,0,0,0,0,,,,,,,,,,0,0,0,0,0,0,0,0,0,0,0,0,0,0,0,0,,,,0,0,0,0,0,0,0,0,0,,,,0,0,0,0,0,0,0,0,0,,,,,0,0,0,0,0,0,0,0,0,0,0,0,0,0,0,0,0,0,0,0,0,0,0,0,0,0,0,,,,0,0,0,0,0,0,0,0,0,0,0,0,0,0,0,0,0,0,0,0,0,0,0,0,0,0,0,,,,0,0,0,0,0,0,0,0,0,uuid:a380ba39-6738-47b9-a4be-d863e47cd408,9-169-769-FA,2685538,uuid:a380ba39-6738-47b9-a4be-d863e47cd408
24 août 2026 14:03:33,18 août 2026 10:28:12,18 août 2026 10:55:45,5e0b361988ef260c,,,,posaf2026,1653,27.55,,,https://posaf.surveycto.com/view/submission-attachment/?uuid=uuid%3A35a783d6-038f-4bf1-9fb4-9b27fd78c3d9&file=TA_35a783d6-038f-4bf1-9fb4-9b27fd78c3d9.csv,18 août 2026,10:28:19,3,Dimitry MUYUMBA,9,tn Tanganyika,169,tn Ankoro,770,tn Kyofwe Centre de Santé,9-169-770,9-169-770-FA,-6.754277,26.9437007,558.4,5.0,mois_7,an2026,0,0,0,0,0,0,0,0,0,0,0,0,,0,0,0,0,0,0,0,0,0,0,0,0,0,0,0,0,0,0,,,,,,,,,,0,0,0,0,0,0,0,0,0,0,0,0,0,0,0,0,,,,0,0,0,0,0,0,0,0,0,,,,0,0,0,0,0,0,0,0,0,,,,,0,0,0,0,0,0,0,0,0,0,0,0,0,0,0,0,0,0,0,0,0,0,0,0,0,0,0,,,,0,0,0,0,0,0,0,0,0,0,0,0,0,0,0,0,0,0,0,0,0,0,0,0,0,0,0,,,,0,0,0,0,0,0,0,0,0,uuid:35a783d6-038f-4bf1-9fb4-9b27fd78c3d9,9-169-770-FA,2685538,uuid:35a783d6-038f-4bf1-9fb4-9b27fd78c3d9
24 août 2026 14:30:48,18 août 2026 11:46:18,18 août 2026 12:11:20,353785111424924,630020947360328,8924302080509363750,,posaf2026,1502,25.033333333333335,,,https://posaf.surveycto.com/view/submission-attachment/?uuid=uuid%3A6d412239-5f20-4e8c-a705-8204a63eb65b&file=TA_6d412239-5f20-4e8c-a705-8204a63eb65b.csv,18 août 2026,11:46:27,4,ILUNGA MUKUBU,9,tn Tanganyika,169,tn Ankoro,765,tn Ankoro Hôpital Général de Référence,9-169-765,9-169-765-FA,-6.7544719,26.9436595,556.1,5.0,mois_7,an2026,0,0,0,0,14,8,14,8,22,6,8,14,63.63636363636363,1,2,0,1,1,1,2,4,6,0,0,0,1,1,1,1,2,3,0,0,,100,100,100,50,50,50,0,0,0,0,0,0,0,0,0,0,0,0,0,0,0,0,0,0,0,0,0,0,0,0,0,0,0,0,,,,0,0,0,1,1,1,1,2,3,,100,100,100,0,0,0,0,1,1,1,1,2,0,0,0,0,0,0,0,0,0,0,0,0,0,0,0,0,0,0,,,,0,0,0,0,0,0,0,0,0,0,0,0,0,0,0,0,0,0,0,0,0,0,0,0,0,0,0,,,,0,0,0,0,0,0,0,0,0,uuid:6d412239-5f20-4e8c-a705-8204a63eb65b,9-169-765-FA,2685538,uuid:6d412239-5f20-4e8c-a705-8204a63eb65b
24 août 2026 14:30:53,18 août 2026 14:37:23,18 août 2026 14:50:17,353785111424924,630020947360328,8924302080509363750,,posaf2026,774,12.9,,,https://posaf.surveycto.com/view/submission-attachment/?uuid=uuid%3Add8bb397-e5f0-45e8-9d07-fdd964f43224&file=TA_dd8bb397-e5f0-45e8-9d07-fdd964f43224.csv,18 août 2026,14:37:38,4,ILUNGA MUKUBU,9,tn Tanganyika,169,tn Ankoro,766,tn Kalole Centre de Santé,9-169-766,9-169-766-FA,-6.7545487,26.943741,551.8,4.6,mois_7,an2026,3,0,0,1,1,1,4,2,6,1,1,2,33.33333333333333,0,0,0,0,0,0,0,0,0,0,0,0,0,0,0,0,0,0,,,,,,,,,,0,0,0,0,0,0,0,0,0,0,0,0,0,0,0,0,,,,0,0,0,0,0,0,0,0,0,,,,0,0,0,0,0,0,0,0,0,,,,,0,0,0,0,0,0,0,0,0,0,0,0,0,0,0,0,0,0,0,0,0,0,0,0,0,0,0,,,,0,0,0,0,0,0,0,0,0,0,0,0,0,0,0,0,0,0,0,0,0,0,0,0,0,0,0,,,,0,0,0,0,0,0,0,0,0,uuid:dd8bb397-e5f0-45e8-9d07-fdd964f43224,9-169-766-FA,2685538,uuid:dd8bb397-e5f0-45e8-9d07-fdd964f43224
24 août 2026 14:30:54,18 août 2026 13:38:28,18 août 2026 13:54:10,353785111424924,630020947360328,8924302080509363750,,posaf2026,900,15,,,https://posaf.surveycto.com/view/submission-attachment/?uuid=uuid%3A61db6bb2-d3f0-422c-808d-bcd034774c84&file=TA_61db6bb2-d3f0-422c-808d-bcd034774c84.csv,18 août 2026,13:38:38,4,ILUNGA MUKUBU,9,tn Tanganyika,169,tn Ankoro,767,tn Kiluba Centre de Santé,9-169-767,9-169-767-FA,-6.7544414,26.9435249,594.2,4.9,mois_7,an2026,0,0,0,0,0,2,0,2,2,0,2,2,100,0,0,0,0,0,0,0,0,0,0,0,0,0,0,0,0,0,0,,,,,,,,,,0,0,0,0,0,0,0,0,0,0,0,0,0,0,0,0,,,,0,0,0,0,0,0,0,0,0,,,,0,0,0,0,0,0,0,0,0,,,,,0,0,0,0,0,0,0,0,0,0,0,0,0,0,0,0,0,0,0,0,0,0,0,0,0,0,0,,,,0,0,0,0,0,0,0,0,0,0,0,0,0,0,0,0,0,0,0,0,0,0,0,0,0,0,0,,,,0,0,0,0,0,0,0,0,0,uuid:61db6bb2-d3f0-422c-808d-bcd034774c84,9-169-767-FA,2685538,uuid:61db6bb2-d3f0-422c-808d-bcd034774c84
24 août 2026 14:30:56,18 août 2026 12:53:23,18 août 2026 13:06:36,353785111424924,630020947360328,8924302080509363750,,posaf2026,640,10.666666666666666,,,https://posaf.surveycto.com/view/submission-attachment/?uuid=uuid%3Ade0d593f-c573-410b-8a4d-7a3dfc73f702&file=TA_de0d593f-c573-410b-8a4d-7a3dfc73f702.csv,18 août 2026,12:53:38,4,ILUNGA MUKUBU,9,tn Tanganyika,169,tn Ankoro,768,tn Kitanda Centre de Santé,9-169-768,9-169-768-FA,-6.7544861,26.9435437,562.0,4.9,mois_7,an2026,11,0,1,2,5,6,17,8,25,6,8,14,56,0,0,0,0,0,0,0,0,0,0,0,0,0,0,0,0,0,0,,,,,,,,,,0,0,0,0,0,0,0,0,0,0,0,0,0,0,0,0,,,,0,0,0,0,0,0,0,0,0,,,,0,0,0,0,0,0,0,0,0,,,,,0,0,0,0,0,0,0,0,0,0,0,0,0,0,0,0,0,0,0,0,0,0,0,0,0,0,0,,,,0,0,0,0,0,0,0,0,0,0,0,0,0,0,0,0,0,0,4,7,0,0,0,0,4,7,11,Infinity,Infinity,Infinity,0,0,0,0,0,0,0,0,0,uuid:de0d593f-c573-410b-8a4d-7a3dfc73f702,9-169-768-FA,2685538,uuid:de0d593f-c573-410b-8a4d-7a3dfc73f702
24 août 2026 15:08:18,24 août 2026 08:15:31,24 août 2026 08:26:32,9e8d347be51ca740,,,,posaf2026,661,11.016666666666667,,,https://posaf.surveycto.com/view/submission-attachment/?uuid=uuid%3A9fa0ea84-e857-4bc1-a0a0-c257a39d5118&file=TA_9fa0ea84-e857-4bc1-a0a0-c257a39d5118.csv,25 juin 2029,08:16:07,1,Freddy masumbu,6,lm Lomami,104,lm Kabinda,482,lm Vunayi Centre de Santé,6-104-482,6-104-482-FA,-6.1508928,24.4655912,916.2,5.4,mois_6,an2026,0,0,0,1,2,4,2,5,7,2,4,6,85.71428571428571,0,0,2,4,2,4,4,8,12,0,0,0,0,0,0,0,0,0,,,0,0,0,0,0,0,0,0,0,0,0,0,0,0,0,0,0,0,0,0,0,0,0,0,0,0,0,0,0,0,0,0,0,0,0,,,,0,0,0,0,0,0,0,0,0,,,,,0,0,0,0,0,0,0,0,0,0,0,0,0,0,0,0,0,0,0,0,0,0,0,0,0,0,0,,,,0,0,0,0,0,0,0,0,0,0,0,0,0,0,0,0,0,0,0,0,0,0,0,0,0,0,0,,,,0,0,0,0,0,0,0,0,0,uuid:9fa0ea84-e857-4bc1-a0a0-c257a39d5118,6-104-482-FA,2685538,uuid:9fa0ea84-e857-4bc1-a0a0-c257a39d5118
24 août 2026 15:08:18,24 août 2026 08:26:43,24 août 2026 08:37:34,9e8d347be51ca740,,,,posaf2026,650,10.833333333333334,,,https://posaf.surveycto.com/view/submission-attachment/?uuid=uuid%3Ac9727ac8-9b86-45da-8f88-051e02af49c7&file=TA_c9727ac8-9b86-45da-8f88-051e02af49c7.csv,24 juil. 2026,08:27:27,1,Freddy masumbu,6,lm Lomami,104,lm Kabinda,482,lm Vunayi Centre de Santé,6-104-482,6-104-482-FA,-6.1506972,24.4656421,916.2,5.0,mois_7,an2026,0,0,2,3,5,8,7,11,18,2,3,5,27.77777777777778,0,0,2,3,5,8,7,11,18,0,0,2,3,5,8,7,11,18,,,100,100,100,100,100,100,100,0,0,0,0,0,0,0,0,0,2,3,5,8,7,11,18,100,100,100,0,0,2,3,5,8,7,11,18,100,100,100,0,0,2,3,5,8,7,11,18,,100,100,100,0,0,2,3,5,8,7,11,18,0,0,2,3,5,8,7,11,18,0,0,2,3,5,8,7,11,18,100,100,100,0,0,2,3,5,8,7,11,18,0,0,2,3,5,8,7,11,18,0,0,2,3,5,8,7,11,18,100,100,100,0,0,2,3,5,8,7,11,18,uuid:c9727ac8-9b86-45da-8f88-051e02af49c7,6-104-482-FA,2685538,uuid:c9727ac8-9b86-45da-8f88-051e02af49c7
24 août 2026 15:39:41,24 août 2026 15:18:52,24 août 2026 15:25:43,5b8d261cfd3dee7b,,,,posaf2026,410,6.833333333333333,,,https://posaf.surveycto.com/view/submission-attachment/?uuid=uuid%3A04dce8fb-832d-4177-afee-bfbe89b2c294&file=TA_04dce8fb-832d-4177-afee-bfbe89b2c294.csv,24 août 2026,15:18:55,4,TSHIBANDA DELPHIN,6,lm Lomami,116,lm Mweneditu,556,lm Macici Centre de Santé,6-116-556,6-116-556-FA,,,,,mois_6,an2026,0,0,0,0,4,2,4,2,6,4,2,6,100,1,1,3,2,12,17,16,20,36,1,1,3,2,12,17,16,20,36,100,100,100,100,100,100,100,100,100,0,0,0,0,0,0,0,1,0,2,2,3,5,6,7,13,37.5,35,36.11111111111111,1,0,2,2,3,5,6,7,13,100,100,100,0,0,0,0,0,0,0,0,0,0,0,0,0,0,0,0,0,0,0,0,0,0,1,0,0,0,0,0,1,0,1,1,0,0,0,0,0,1,0,1,100,,100,0,0,0,0,0,0,0,0,0,1,0,0,0,0,0,1,0,1,1,2,0,0,0,0,1,2,3,100,Infinity,300,0,0,1,0,2,1,3,1,4,uuid:04dce8fb-832d-4177-afee-bfbe89b2c294,6-116-556-FA,2685538,uuid:04dce8fb-832d-4177-afee-bfbe89b2c294
24 août 2026 15:39:41,24 août 2026 15:25:50,24 août 2026 15:38:31,5b8d261cfd3dee7b,,,,posaf2026,761,12.683333333333334,,,https://posaf.surveycto.com/view/submission-attachment/?uuid=uuid%3A2c110809-31f4-4d18-911c-9997d9231cb7&file=TA_2c110809-31f4-4d18-911c-9997d9231cb7.csv,24 août 2026,15:25:54,4,TSHIBANDA DELPHIN,6,lm Lomami,116,lm Mweneditu,556,lm Macici Centre de Santé,6-116-556,6-116-556-FA,,,,,mois_7,an2026,0,0,0,0,0,1,0,1,1,0,0,0,0,0,0,2,1,0,4,2,5,7,0,0,2,1,0,4,2,5,7,,,100,100,,100,100,100,100,0,0,0,0,0,0,0,0,0,1,0,0,2,1,2,3,50,40,42.857142857142854,0,0,1,0,0,2,1,2,3,100,100,100,0,0,0,0,0,0,0,0,0,,0,0,0,0,0,0,0,0,0,0,0,0,0,0,0,0,0,0,0,0,0,0,0,0,0,0,0,0,0,0,,,,0,0,0,0,0,0,0,0,0,0,0,0,0,0,0,0,0,0,2,2,0,0,0,0,2,2,4,Infinity,Infinity,Infinity,0,1,1,0,3,3,4,4,8,uuid:2c110809-31f4-4d18-911c-9997d9231cb7,6-116-556-FA,2685538,uuid:2c110809-31f4-4d18-911c-9997d9231cb7
24 août 2026 15:39:43,19 août 2026 21:50:44,24 août 2026 15:36:43,15036f1fbd67402f,,,,posaf2026,1680,28,,,https://posaf.surveycto.com/view/submission-attachment/?uuid=uuid%3A4b43ab1c-124f-4a91-97e5-338c45050288&file=TA_4b43ab1c-124f-4a91-97e5-338c45050288.csv,19 août 2026,21:50:48,4,KITAMBA MBOKA JEAN,9,tn Tanganyika,170,tn Kabalo,772,tn Kabanda Centre de Santé,9-170-772,9-170-772-FA,-6.0474122,26.9167417,543.6,4.8,mois_7,an2026,0,0,1,1,5,7,6,8,14,6,8,14,100,7,5,0,0,0,0,7,5,12,7,5,0,0,0,0,7,5,12,100,100,,,,,100,100,100,0,0,0,0,0,0,0,0,0,0,0,0,0,0,0,0,0,0,0,0,0,0,0,0,0,0,0,0,,,,0,0,0,0,0,0,0,0,0,0,0,0,0,0,0,0,0,0,0,0,0,0,7,5,0,0,0,0,7,5,12,7,5,0,0,0,0,7,5,12,100,100,100,0,0,0,0,0,0,0,0,0,7,5,0,0,0,0,7,5,12,3,0,0,0,0,0,3,0,3,42.857142857142854,0,25,1,0,0,0,5,4,6,4,10,uuid:4b43ab1c-124f-4a91-97e5-338c45050288,9-170-772-FA,2685538,uuid:4b43ab1c-124f-4a91-97e5-338c45050288
24 août 2026 15:39:43,19 août 2026 22:55:54,24 août 2026 15:37:31,15036f1fbd67402f,,,,posaf2026,727,12.116666666666667,,,https://posaf.surveycto.com/view/submission-attachment/?uuid=uuid%3A2320cb09-e5f9-436c-812b-7c4a03eff19a&file=TA_2320cb09-e5f9-436c-812b-7c4a03eff19a.csv,19 août 2026,15:27:41,4,KITAMBA MBOKA JEAN,9,tn Tanganyika,170,tn Kabalo,773,tn Kadima Centre de Santé,9-170-773,9-170-773-FA,-6.0475198,26.9166958,512.6,4.1,mois_7,an2026,1,0,0,0,1,5,2,5,7,1,5,6,85.71428571428571,0,0,0,0,0,0,0,0,0,0,0,0,0,0,0,0,0,0,,,,,,,,,,0,0,0,0,0,0,0,0,0,0,0,0,0,0,0,0,,,,0,0,0,0,0,0,0,0,0,,,,0,0,0,0,0,0,0,0,0,,,,,0,0,0,0,0,0,0,0,0,0,0,0,0,0,0,0,0,0,0,0,0,0,0,0,0,0,0,,,,0,0,0,0,0,0,0,0,0,0,0,0,0,0,0,0,0,0,2,4,0,0,0,0,2,4,6,Infinity,Infinity,Infinity,0,0,0,0,2,2,2,2,4,uuid:2320cb09-e5f9-436c-812b-7c4a03eff19a,9-170-773-FA,2685538,uuid:2320cb09-e5f9-436c-812b-7c4a03eff19a
24 août 2026 15:39:44,24 août 2026 11:36:09,24 août 2026 11:52:51,15036f1fbd67402f,,,,posaf2026,1002,16.7,,,https://posaf.surveycto.com/view/submission-attachment/?uuid=uuid%3Aa05c1848-bbb0-4016-8e11-0ec9192de1a8&file=TA_a05c1848-bbb0-4016-8e11-0ec9192de1a8.csv,24 août 2026,11:36:24,4,KITAMBA MBOKA JEAN,9,tn Tanganyika,170,tn Kabalo,774,tn Kakuyu Centre de Santé de Référence,9-170-774,9-170-774-FA,-6.0473256,26.9167488,544.9,5.0,mois_7,an2026,0,0,0,0,3,2,3,2,5,3,2,5,100,7,4,0,0,0,0,7,4,11,7,4,0,0,0,0,7,4,11,100,100,,,,,100,100,100,0,0,0,0,0,0,0,0,0,0,0,0,0,0,0,0,0,0,0,0,0,0,0,0,0,0,0,0,,,,0,0,0,0,0,0,0,0,0,0,0,0,0,0,0,0,0,0,0,0,0,0,7,4,0,0,0,0,7,4,11,7,4,0,0,0,0,7,4,11,100,100,100,0,0,0,0,0,0,0,0,0,7,4,0,0,0,0,7,4,11,0,0,0,0,0,0,0,0,0,0,0,0,0,0,0,0,2,0,2,0,2,uuid:a05c1848-bbb0-4016-8e11-0ec9192de1a8,9-170-774-FA,2685538,uuid:a05c1848-bbb0-4016-8e11-0ec9192de1a8
24 août 2026 15:39:45,24 août 2026 15:21:04,24 août 2026 15:34:55,15036f1fbd67402f,,,,posaf2026,828,13.8,,,https://posaf.surveycto.com/view/submission-attachment/?uuid=uuid%3A67b0359e-0c76-439d-b7f4-23c28d9e7c7a&file=TA_67b0359e-0c76-439d-b7f4-23c28d9e7c7a.csv,24 août 2026,15:21:09,4,KITAMBA MBOKA JEAN,9,tn Tanganyika,170,tn Kabalo,775,tn Kashale Centre de Santé,9-170-775,9-170-775-FA,-6.047459,26.916722,544.9,5.0,mois_7,an2026,0,0,0,2,4,4,4,6,10,4,6,10,100,0,0,0,2,4,4,4,6,10,0,0,0,0,0,0,0,0,0,,,,0,0,0,0,0,0,0,0,0,0,0,0,0,0,0,0,0,0,0,0,0,0,0,0,0,0,0,0,0,0,0,0,0,0,,,,0,0,0,0,0,0,0,0,0,,,,,0,0,0,0,0,0,0,0,0,0,0,0,0,0,0,0,0,0,0,0,0,0,0,0,0,0,0,,,,0,0,0,0,0,0,0,0,0,0,0,0,0,0,0,0,0,0,2,3,0,0,0,0,2,3,5,Infinity,Infinity,Infinity,0,0,0,0,0,0,0,0,0,uuid:67b0359e-0c76-439d-b7f4-23c28d9e7c7a,9-170-775-FA,2685538,uuid:67b0359e-0c76-439d-b7f4-23c28d9e7c7a
24 août 2026 15:42:38,22 août 2026 14:31:37,24 août 2026 15:33:56,f7693e735ad2e996,,,,posaf2026,3329,55.483333333333334,,,https://posaf.surveycto.com/view/submission-attachment/?uuid=uuid%3A896a079d-3351-44a3-bcb3-af10e813165e&file=TA_896a079d-3351-44a3-bcb3-af10e813165e.csv,21 août 2026,09:42:00,1,ILUNGA NGOY Tonton,1,hk Haut Katanga,19,hk Mitwaba,72,hk Mitwaba Hôpital Général de Référence,1-19-72,1-19-72-FA,-8.6278386,27.3426876,1570.9,4.7,mois_7,an2026,0,0,0,0,10,6,10,6,16,10,6,16,100,1,2,1,0,8,13,10,15,25,1,2,1,0,8,13,10,15,25,100,100,100,,100,100,100,100,100,0,0,0,0,0,0,0,1,2,1,0,8,13,10,15,25,100,100,100,1,2,1,0,8,13,10,15,25,100,100,100,0,0,0,0,1,2,1,2,3,0,10,13.333333333333334,12,0,0,0,0,0,0,0,0,0,1,2,0,0,0,0,1,2,3,1,2,0,0,0,0,1,2,3,100,100,100,0,0,0,0,0,0,0,0,0,1,2,0,0,0,0,1,2,3,2,2,0,0,0,0,2,2,4,200,100,133.33333333333331,0,0,0,0,8,4,8,4,12,uuid:896a079d-3351-44a3-bcb3-af10e813165e,1-19-72-FA,2685538,uuid:896a079d-3351-44a3-bcb3-af10e813165e
24 août 2026 16:37:54,24 août 2026 15:56:42,24 août 2026 16:36:48,9b25dff52bf887ca,,,,posaf2026,2380,39.666666666666664,,,https://posaf.surveycto.com/view/submission-attachment/?uuid=uuid%3A7dcbdaed-bde4-4135-ad44-8ba684346c2a&file=TA_7dcbdaed-bde4-4135-ad44-8ba684346c2a.csv,24 août 2026,15:56:49,1,Mukonkole katamina,6,lm Lomami,104,lm Kabinda,481,lm Nkumba Centre de Santé,6-104-481,6-104-481-FA,-6.1503276,24.465189,914.7,5.0,mois_6,an2026,1,1,0,0,11,13,12,14,26,11,13,24,92.3076923076923,3,4,10,14,22,35,35,53,88,3,1,5,7,14,15,22,23,45,100,25,50,50,63.63636363636363,42.857142857142854,62.857142857142854,43.39622641509434,51.13636363636363,0,0,14,12,14,12,26,0,0,5,7,10,14,15,21,36,42.857142857142854,39.62264150943396,40.909090909090914,0,0,5,7,10,14,15,21,36,100,100,100,1,1,0,0,11,13,12,14,26,33.33333333333333,54.54545454545454,60.86956521739131,57.77777777777777,1,1,0,0,11,13,12,14,26,1,1,0,0,11,13,12,14,26,1,1,0,0,11,13,12,14,26,100,100,100,1,1,0,0,11,13,12,14,26,1,1,0,0,11,13,12,14,26,0,0,0,0,0,0,0,0,0,0,0,0,0,0,0,0,0,0,0,0,0,uuid:7dcbdaed-bde4-4135-ad44-8ba684346c2a,6-104-481-FA,2685538,uuid:7dcbdaed-bde4-4135-ad44-8ba684346c2a
24 août 2026 18:05:20,22 août 2026 10:57:19,24 août 2026 14:09:56,b584984cf1f2df66,,,+243110632287323,posaf2026,13608,226.8,,,https://posaf.surveycto.com/view/submission-attachment/?uuid=uuid%3A7fc3fc69-e9c0-4976-88bc-caaf1392cb53&file=TA_7fc3fc69-e9c0-4976-88bc-caaf1392cb53.csv,21 août 2026,10:57:17,2,Sarah kazadi,1,hk Haut Katanga,27,hk Vangu,105,hk Vangu Hôpital Général de Référence,1-27-105,1-27-105-FA,-11.6885384,27.4779773,1215.0,7.6,mois_7,an2026,0,1,0,0,15,11,15,12,27,15,12,27,100,5,4,4,6,12,10,21,20,41,4,2,2,3,5,4,11,9,20,80,50,50,50,41.66666666666667,40,52.38095238095239,45,48.78048780487805,0,0,1,3,1,3,4,4,2,2,3,5,4,11,9,20,52.38095238095239,45,48.78048780487805,0,2,0,2,5,3,5,7,12,45.45454545454545,77.77777777777779,60,0,1,0,0,1,2,1,3,4,0,9.090909090909092,33.33333333333333,20,0,1,0,0,1,2,1,3,4,4,1,0,0,0,0,4,1,5,0,0,0,0,0,0,0,0,0,0,0,0,0,0,0,0,0,1,0,1,1,4,1,0,0,0,0,4,1,5,1,1,0,0,0,0,1,1,2,25,100,40,0,0,0,1,8,3,8,4,12,uuid:7fc3fc69-e9c0-4976-88bc-caaf1392cb53,1-27-105-FA,2685538,uuid:7fc3fc69-e9c0-4976-88bc-caaf1392cb53
24 août 2026 19:13:52,24 août 2026 19:01:21,24 août 2026 19:13:36,c70a931539d0c17f,,,,posaf2026,735,12.25,,,https://posaf.surveycto.com/view/submission-attachment/?uuid=uuid%3Ab40a9f80-4b7f-4781-8212-c24a335df9ea&file=TA_b40a9f80-4b7f-4781-8212-c24a335df9ea.csv,24 août 2026,19:01:41,4,Camille NKUNDU MUANABUTE,6,lm Lomami,108,lm Kamana,507,lm Muamuayi Centre de Santé,6-108-507,6-108-507-FA,,,,,mois_6,an2026,0,0,2,3,1,7,3,10,13,0,0,0,0,0,0,0,0,0,0,0,0,0,0,0,0,0,0,0,0,0,0,,,,,,,,,,0,0,0,0,0,0,0,0,0,0,0,0,0,0,0,0,,,,0,0,0,0,0,0,0,0,0,,,,0,0,0,0,0,0,0,0,0,,,,,0,0,0,0,0,0,0,0,0,0,0,0,0,0,0,0,0,0,0,0,0,0,0,0,0,0,0,,,,0,0,0,0,0,0,0,0,0,0,0,0,0,0,0,0,0,0,0,0,0,0,0,0,0,0,0,,,,0,0,0,0,1,1,1,1,2,uuid:b40a9f80-4b7f-4781-8212-c24a335df9ea,6-108-507-FA,2685538,uuid:b40a9f80-4b7f-4781-8212-c24a335df9ea
25 août 2026 07:13:51,25 août 2026 06:47:26,25 août 2026 07:01:31,5d55125c5d011672,,,,POSAF 2026 (not yet authenticated),846,14.1,,,https://posaf.surveycto.com/view/submission-attachment/?uuid=uuid%3A67cd1b7f-7070-45dd-b0cc-069a86c4ffd5&file=TA_67cd1b7f-7070-45dd-b0cc-069a86c4ffd5.csv,27 juil. 2026,07:49:57,1,Vanda epenge André,8,sn Sankuru,163,sn Ototo,736,sn Kongo Centre de Santé,8-163-736,8-163-736-FA,,,,,mois_7,an2026,0,0,0,0,4,5,4,5,9,4,5,9,100,0,0,0,0,2,3,2,3,5,0,0,0,0,1,0,1,0,1,,,,,50,0,50,0,20,0,0,0,0,0,0,0,0,0,0,0,0,0,0,0,0,0,0,0,0,0,0,0,0,0,0,0,0,,,,0,0,0,0,0,0,0,0,0,,0,,0,0,0,0,0,0,0,0,0,0,0,0,0,0,0,0,0,0,0,0,0,0,0,0,0,0,0,0,,,,0,0,0,0,0,0,0,0,0,0,0,0,0,0,0,0,0,0,0,0,0,0,0,0,0,0,0,,,,0,0,0,2,23,32,23,34,57,uuid:67cd1b7f-7070-45dd-b0cc-069a86c4ffd5,8-163-736-FA,2685538,uuid:67cd1b7f-7070-45dd-b0cc-069a86c4ffd5
25 août 2026 08:18:49,18 août 2026 21:03:25,25 août 2026 08:18:19,569f47dbe80d42fd,,,,posaf2026,4448,74.13333333333334,,,https://posaf.surveycto.com/view/submission-attachment/?uuid=uuid%3Ad44aed53-61d5-48da-93f4-112e73f641a7&file=TA_d44aed53-61d5-48da-93f4-112e73f641a7.csv,5 août 2033,15:26:23,1,ITABANZAMBI,4,kr Kasai Central,65,kr Bena Leka,316,kr Kabuluanda Centre de Santé de Référence,4-65-316,4-65-316-FA,,,,,mois_7,an2026,0,0,0,0,4,3,4,3,7,4,3,7,100,7,8,6,4,13,18,26,30,56,7,8,6,4,13,18,26,30,56,100,100,100,100,100,100,100,100,100,0,0,0,0,0,0,0,4,3,3,3,6,7,13,13,26,50,43.333333333333336,46.42857142857143,4,3,3,3,6,7,13,13,26,100,100,100,0,0,0,0,1,1,1,1,2,0,3.8461538461538463,3.3333333333333335,3.571428571428571,0,0,0,0,1,1,1,1,2,4,4,3,4,6,9,13,17,30,4,4,3,4,6,9,13,17,30,100,100,100,0,0,0,0,1,1,1,1,2,4,4,3,4,6,9,13,17,30,0,0,0,0,0,0,0,0,0,0,0,0,0,0,0,0,3,2,3,2,5,uuid:d44aed53-61d5-48da-93f4-112e73f641a7,4-65-316-FA,2685538,uuid:d44aed53-61d5-48da-93f4-112e73f641a7
25 août 2026 10:30:23,25 août 2026 09:58:35,25 août 2026 10:29:25,eb36cf15beea617e,,,+243110638655507,posaf2026,1346,22.433333333333334,,,https://posaf.surveycto.com/view/submission-attachment/?uuid=uuid%3A6dc15087-0eee-443e-bf95-354e19ad4c4c&file=TA_6dc15087-0eee-443e-bf95-354e19ad4c4c.csv,25 août 2026,09:58:41,4,JACQUES KABIDU,7,sk Sud Kivu,126,sk Kabare,601,sk Mbobero Centre de Santé,7-126-601,7-126-601-FA,,,,,mois_7,an2026,3,5,0,4,7,2,10,11,21,10,11,21,100,2,2,3,6,20,21,25,29,54,2,2,2,3,20,21,24,26,50,100,100,66.66666666666666,50,100,100,96,89.65517241379311,92.5925925925926,0,0,0,0,0,0,0,1,0,0,2,5,6,6,8,14,24,27.586206896551722,25.925925925925924,1,0,0,1,5,6,6,7,13,100,87.5,92.85714285714286,1,1,0,0,0,0,1,1,2,50,4.166666666666666,3.8461538461538463,4,0,0,0,0,0,0,0,0,0,0,0,2,1,3,1,5,2,7,0,0,0,0,0,0,0,0,0,0,0,0,0,0,0,0,0,0,0,0,0,0,0,0,0,0,0,0,0,0,0,0,0,0,0,0,0,0,0,,,,0,0,0,0,0,0,0,0,0,uuid:6dc15087-0eee-443e-bf95-354e19ad4c4c,7-126-601-FA,2685538,uuid:6dc15087-0eee-443e-bf95-354e19ad4c4c
25 août 2026 11:52:12,25 août 2026 10:06:52,25 août 2026 10:56:51,88fbda855c95167c,,,,posaf2026,2255,37.583333333333336,,,https://posaf.surveycto.com/view/submission-attachment/?uuid=uuid%3A97bd7da5-7e51-43f1-bb16-145b875ddb62&file=TA_97bd7da5-7e51-43f1-bb16-145b875ddb62.csv,25 août 2026,10:07:10,1,Baleke,4,kr Kasai Central,87,kr Tshikaji,402,kr St Therese Centre de Santé,4-87-402,4-87-402-FA,,,,,mois_7,an2026,0,0,4,1,11,4,15,5,20,14,5,19,95,0,1,6,3,21,32,27,36,63,0,1,6,3,21,32,27,36,63,,100,100,100,100,100,100,100,100,0,0,16,4,16,4,20,0,0,3,3,16,4,19,7,26,70.37037037037037,19.444444444444446,41.269841269841265,0,0,3,1,11,4,14,5,19,73.68421052631578,71.42857142857143,73.07692307692307,0,0,3,1,11,4,14,5,19,,51.85185185185185,13.88888888888889,30.158730158730158,0,0,3,1,11,4,14,5,19,0,1,3,2,0,0,3,3,6,0,1,3,2,0,0,3,3,6,100,100,100,0,0,3,1,11,4,14,5,19,0,1,3,2,0,0,3,3,6,0,0,1,0,0,0,1,0,1,33.33333333333333,0,16.666666666666664,0,0,0,0,1,0,1,0,1,uuid:97bd7da5-7e51-43f1-bb16-145b875ddb62,4-87-402-FA,2685538,uuid:97bd7da5-7e51-43f1-bb16-145b875ddb62
25 août 2026 13:16:18,25 août 2026 11:40:05,25 août 2026 13:16:03,b894c2ba688ce53c,,,+243983627388,posaf2026,744,12.4,,,https://posaf.surveycto.com/view/submission-attachment/?uuid=uuid%3A264c34ea-013e-4685-a123-6ef6acefcb8a&file=TA_264c34ea-013e-4685-a123-6ef6acefcb8a.csv,25 août 2026,13:05:53,1,Mushamuka Antoine,7,sk Sud Kivu,124,sk Idjwi,596,sk Kihumba Centre Hospitalier,7-124-596,7-124-596-FA,,,,,mois_7,an2026,0,0,0,0,1,0,1,0,1,1,0,1,100,2,0,0,0,1,1,3,1,4,2,0,0,0,1,1,3,1,4,100,,,,100,100,100,100,100,0,0,0,0,0,0,0,0,0,0,0,0,0,0,0,0,0,0,0,0,0,0,0,0,0,0,0,0,,,,0,0,0,0,0,0,0,0,0,0,0,0,0,0,0,0,0,0,0,0,0,0,2,0,0,0,1,1,3,1,4,0,0,0,0,0,0,0,0,0,0,0,0,0,0,0,0,0,0,0,0,0,0,0,0,0,0,0,0,0,0,0,0,0,0,0,0,0,0,0,,,,0,0,0,0,0,0,0,0,0,uuid:264c34ea-013e-4685-a123-6ef6acefcb8a,7-124-596-FA,2685538,uuid:264c34ea-013e-4685-a123-6ef6acefcb8a
25 août 2026 14:06:57,25 août 2026 13:30:51,25 août 2026 13:54:07,bff5054a1266a5e5,,,,posaf2026,1036,17.266666666666666,,,https://posaf.surveycto.com/view/submission-attachment/?uuid=uuid%3A453be37c-2aac-4d45-92c4-591d9c436de5&file=TA_453be37c-2aac-4d45-92c4-591d9c436de5.csv,30 juil. 2026,13:33:01,1,Mukonkole  katamina,6,lm Lomami,104,lm Kabinda,481,lm Nkumba Centre de Santé,6-104-481,6-104-481-FA,,,,,mois_7,an2026,0,0,0,0,4,4,4,4,8,0,0,0,0,0,0,0,0,4,4,4,4,8,0,0,0,0,4,4,4,4,8,,,,,100,100,100,100,100,0,0,0,0,0,0,0,0,0,0,0,4,4,4,4,8,100,100,100,0,0,0,0,4,4,4,4,8,100,100,100,0,0,0,0,4,4,4,4,8,,100,100,100,0,0,0,0,4,4,4,4,8,0,0,0,0,0,0,0,0,0,0,0,0,0,0,0,0,0,0,,,,0,0,0,0,4,4,4,4,8,0,0,0,0,0,0,0,0,0,0,0,0,0,0,0,0,0,0,,,,0,0,0,0,0,0,0,0,0,uuid:453be37c-2aac-4d45-92c4-591d9c436de5,6-104-481-FA,2685538,uuid:453be37c-2aac-4d45-92c4-591d9c436de5
25 août 2026 14:06:57,25 août 2026 13:54:20,25 août 2026 14:06:32,bff5054a1266a5e5,,,,posaf2026,641,10.683333333333334,,,https://posaf.surveycto.com/view/submission-attachment/?uuid=uuid%3Ae1e8aa48-9028-4286-8f7e-16968d8900ec&file=TA_e1e8aa48-9028-4286-8f7e-16968d8900ec.csv,30 juil. 2026,09:50:58,1,Mukonkole katamina,6,lm Lomami,104,lm Kabinda,481,lm Nkumba Centre de Santé,6-104-481,6-104-481-FA,,,,,mois_7,an2026,0,0,0,0,4,4,4,4,8,4,4,8,100,0,0,0,0,4,4,4,4,8,0,0,0,0,4,4,4,4,8,,,,,100,100,100,100,100,0,0,0,0,0,0,0,0,0,0,0,4,4,4,4,8,100,100,100,0,0,0,0,4,4,4,4,8,100,100,100,0,0,0,0,4,4,4,4,8,,100,100,100,0,0,0,0,4,4,4,4,8,0,0,0,0,0,0,0,0,0,0,0,0,0,0,0,0,0,0,,,,0,0,0,0,4,4,4,4,8,0,0,0,0,0,0,0,0,0,0,0,0,0,0,0,0,0,0,,,,0,0,0,0,0,0,0,0,0,uuid:e1e8aa48-9028-4286-8f7e-16968d8900ec,6-104-481-FA,2685538,uuid:e1e8aa48-9028-4286-8f7e-16968d8900ec
25 août 2026 16:14:33,25 août 2026 14:31:33,25 août 2026 14:53:59,353785111424924,630020947360328,8924302080509363750,,posaf2026,1273,21.216666666666665,,,https://posaf.surveycto.com/view/submission-attachment/?uuid=uuid%3Ac247ec3d-06bb-4416-8ed8-ac80ffc9dfce&file=TA_c247ec3d-06bb-4416-8ed8-ac80ffc9dfce.csv,25 août 2026,14:31:47,4,ILUNGA MUKUBU,9,tn Tanganyika,169,tn Ankoro,765,tn Ankoro Hôpital Général de Référence,9-169-765,9-169-765-FA,-6.7551594,26.9429528,610.6,5.0,mois_1,an2026,0,0,0,0,4,5,4,5,9,0,0,0,0,0,0,0,0,0,0,0,0,0,0,0,0,0,0,0,0,0,0,,,,,,,,,,0,0,0,0,0,0,0,0,0,0,0,0,0,0,0,0,,,,0,0,0,0,0,0,0,0,0,,,,0,0,0,0,0,0,0,0,0,,,,,0,0,0,0,0,0,0,0,0,0,0,0,0,0,0,0,0,0,0,0,0,0,0,0,0,0,0,,,,0,0,0,0,0,0,0,0,0,0,0,0,0,0,0,0,0,0,0,0,0,0,0,0,0,0,0,,,,0,0,0,0,0,0,0,0,0,uuid:c247ec3d-06bb-4416-8ed8-ac80ffc9dfce,9-169-765-FA,2685538,uuid:c247ec3d-06bb-4416-8ed8-ac80ffc9dfce
25 août 2026 16:14:35,25 août 2026 15:27:23,25 août 2026 15:42:03,353785111424924,630020947360328,8924302080509363750,,posaf2026,841,14.016666666666667,,,https://posaf.surveycto.com/view/submission-attachment/?uuid=uuid%3Aa6897b7a-4a42-4eab-b6de-5665d805506d&file=TA_a6897b7a-4a42-4eab-b6de-5665d805506d.csv,25 août 2026,15:27:27,4,ILUNGA MUKUBU,9,tn Tanganyika,169,tn Ankoro,765,tn Ankoro Hôpital Général de Référence,9-169-765,9-169-765-FA,-6.7549804,26.9432218,636.1,5.0,mois_2,an2026,0,0,0,0,7,4,7,4,11,7,4,11,100,0,0,0,0,0,0,0,0,0,0,0,0,0,0,0,0,0,0,,,,,,,,,,0,0,0,0,0,0,0,0,0,0,0,0,0,0,0,0,,,,0,0,0,0,0,0,0,0,0,,,,0,0,0,0,0,0,0,0,0,,,,,0,0,0,0,0,0,0,0,0,0,0,0,0,0,0,0,0,0,0,0,0,0,0,0,0,0,0,,,,0,0,0,0,0,0,0,0,0,0,0,0,0,0,0,0,0,0,0,5,4,0,0,0,4,5,9,Infinity,Infinity,Infinity,0,0,0,0,0,0,0,0,0,uuid:a6897b7a-4a42-4eab-b6de-5665d805506d,9-169-765-FA,2685538,uuid:a6897b7a-4a42-4eab-b6de-5665d805506d
25 août 2026 17:41:11,25 août 2026 17:11:52,25 août 2026 17:41:00,1ac9111bc5f9a558,,,,posaf2026,1748,29.133333333333333,,,https://posaf.surveycto.com/view/submission-attachment/?uuid=uuid%3A87266212-0f21-471a-a771-80704b69cbd9&file=TA_87266212-0f21-471a-a771-80704b69cbd9.csv,25 août 2026,17:12:18,1,Michel SABUE MULAJI,6,lm Lomami,113,lm Luputa,537,lm Lusuku Centre de Santé,6-113-537,6-113-537-FA,-7.3337705,23.8879592,843.8,2.0,mois_5,an2027,1,1,0,1,3,2,4,4,8,4,4,8,100,1,1,6,7,10,13,17,21,38,1,1,6,7,10,13,17,21,38,100,100,100,100,100,100,100,100,100,0,0,0,0,0,0,0,1,1,0,0,2,3,3,4,7,17.647058823529413,19.047619047619047,18.421052631578945,1,1,0,0,2,3,3,4,7,100,100,100,1,0,0,0,0,0,1,0,1,100,5.88235294117647,0,2.631578947368421,1,0,0,0,0,0,1,0,1,0,1,0,0,0,0,0,1,1,0,0,0,0,0,0,0,0,0,,0,0,0,0,0,0,0,0,0,0,0,0,0,0,0,0,0,0,0,0,0,0,0,0,0,0,0,0,0,,,,2,1,0,0,0,4,2,5,7,uuid:87266212-0f21-471a-a771-80704b69cbd9,6-113-537-FA,2685538,uuid:87266212-0f21-471a-a771-80704b69cbd9
25 août 2026 17:58:33,25 août 2026 13:02:04,25 août 2026 17:58:22,1ac9111bc5f9a558,,,,posaf2026,1082,18.033333333333335,,,https://posaf.surveycto.com/view/submission-attachment/?uuid=uuid%3A8b00f17b-e4bb-4515-a7e6-064cc4bca62a&file=TA_8b00f17b-e4bb-4515-a7e6-064cc4bca62a.csv,25 août 2026,13:02:54,1,Michel SABUE MULAJI,6,lm Lomami,113,lm Luputa,537,lm Lusuku Centre de Santé,6-113-537,6-113-537-FA,-7.3337834,23.887927,872.7,1.4,mois_6,an2027,2,1,1,0,3,2,6,3,9,6,3,9,100,2,2,7,9,5,6,14,17,31,2,2,7,9,5,6,14,17,31,100,100,100,100,100,100,100,100,100,0,0,0,0,0,0,0,1,1,0,0,0,0,1,1,2,7.142857142857142,5.88235294117647,6.451612903225806,1,1,0,0,0,0,1,1,2,100,100,100,1,1,0,0,0,0,1,1,2,50,7.142857142857142,5.88235294117647,6.451612903225806,0,0,0,0,0,0,0,0,0,1,1,0,0,0,0,1,1,2,1,1,0,0,0,0,1,1,2,100,100,100,1,1,0,0,0,0,1,1,2,0,0,0,0,0,0,0,0,0,0,0,0,0,0,0,0,0,0,,,,0,0,0,0,0,2,0,2,2,uuid:8b00f17b-e4bb-4515-a7e6-064cc4bca62a,6-113-537-FA,2685538,uuid:8b00f17b-e4bb-4515-a7e6-064cc4bca62a
25 août 2026 18:14:17,25 août 2026 17:59:17,25 août 2026 18:14:08,1ac9111bc5f9a558,,,,posaf2026,891,14.85,,,https://posaf.surveycto.com/view/submission-attachment/?uuid=uuid%3A61cc468a-3f3c-4115-a20c-b7c666effd7b&file=TA_61cc468a-3f3c-4115-a20c-b7c666effd7b.csv,25 août 2026,17:59:31,1,Michel SABUE MULAJI,6,lm Lomami,113,lm Luputa,537,lm Lusuku Centre de Santé,6-113-537,6-113-537-FA,-7.3338677,23.8879048,836.2,2.4,mois_7,an2027,2,1,1,0,2,3,5,4,9,0,2,2,22.22222222222222,0,2,5,6,4,8,9,16,25,0,2,5,6,4,8,9,16,25,,100,100,100,100,100,100,100,100,0,0,0,0,0,0,0,0,2,5,6,4,8,9,16,25,100,100,100,0,2,5,6,4,8,9,16,25,100,100,100,0,1,0,0,0,0,0,1,1,,0,6.25,4,0,0,0,0,0,0,0,0,0,0,1,0,0,0,0,0,1,1,0,0,0,0,0,0,0,0,0,,0,0,0,0,0,0,0,0,0,0,0,0,0,0,0,0,0,0,0,0,0,0,0,0,0,0,0,0,0,,,,0,0,0,0,2,0,2,0,2,uuid:61cc468a-3f3c-4115-a20c-b7c666effd7b,6-113-537-FA,2685538,uuid:61cc468a-3f3c-4115-a20c-b7c666effd7b
25 août 2026 20:26:27,25 août 2026 20:15:29,25 août 2026 20:25:40,c70a931539d0c17f,,,,posaf2026,611,10.183333333333334,,,https://posaf.surveycto.com/view/submission-attachment/?uuid=uuid%3Ad67e1be4-0078-4620-b446-7c5ba07a8b68&file=TA_d67e1be4-0078-4620-b446-7c5ba07a8b68.csv,25 août 2026,20:15:40,4,Camille NKUNDU MUANABUTE,6,lm Lomami,108,lm Kamana,508,lm Mulenda Centre de Santé,6-108-508,6-108-508-FA,,,,,mois_6,an2026,0,0,1,2,0,1,1,3,4,0,0,0,0,0,0,0,0,0,0,0,0,0,0,0,0,0,0,0,0,0,0,,,,,,,,,,0,0,0,0,0,0,0,0,0,0,0,0,0,0,0,0,,,,0,0,0,0,0,0,0,0,0,,,,0,0,0,0,0,0,0,0,0,,,,,0,0,0,0,0,0,0,0,0,0,0,0,0,0,0,0,0,0,0,0,0,0,0,0,0,0,0,,,,0,0,0,0,0,0,0,0,0,0,0,0,0,0,0,0,0,0,0,0,0,0,0,0,0,0,0,,,,0,0,0,0,3,2,3,2,5,uuid:d67e1be4-0078-4620-b446-7c5ba07a8b68,6-108-508-FA,2685538,uuid:d67e1be4-0078-4620-b446-7c5ba07a8b68
25 août 2026 21:10:21,25 août 2026 20:58:54,25 août 2026 21:06:09,c70a931539d0c17f,,,,posaf2026,435,7.25,,,https://posaf.surveycto.com/view/submission-attachment/?uuid=uuid%3A53816a63-64b0-4ba0-b006-2742507b059e&file=TA_53816a63-64b0-4ba0-b006-2742507b059e.csv,25 août 2026,20:59:06,4,Camille NKUNDU MUANABUTE,6,lm Lomami,108,lm Kamana,505,lm Kamana Hôpital Général de Référence,6-108-505,6-108-505-FA,,,,,mois_6,an2026,0,0,0,1,1,2,1,3,4,0,0,0,0,0,0,0,0,0,0,0,0,0,0,0,0,0,0,0,0,0,0,,,,,,,,,,0,0,0,0,0,0,0,0,0,0,0,0,0,0,0,0,,,,0,0,0,0,0,0,0,0,0,,,,0,0,0,0,0,0,0,0,0,,,,,0,0,0,0,0,0,0,0,0,0,0,0,0,0,0,0,0,0,0,0,0,0,0,0,0,0,0,,,,0,0,0,0,0,0,0,0,0,0,0,0,0,0,0,0,0,0,0,0,0,0,0,0,0,0,0,,,,0,0,0,0,1,1,1,1,2,uuid:53816a63-64b0-4ba0-b006-2742507b059e,6-108-505-FA,2685538,uuid:53816a63-64b0-4ba0-b006-2742507b059e
26 août 2026 11:29:01,26 août 2026 08:58:18,26 août 2026 11:28:58,5aed9c63cdc65fbb,,,,posaf2026,3036,50.6,,,https://posaf.surveycto.com/view/submission-attachment/?uuid=uuid%3A3bd040f3-a8a9-4b59-9a01-7f4596dee210&file=TA_3bd040f3-a8a9-4b59-9a01-7f4596dee210.csv,26 août 2026,08:58:35,4,DAVID MUNTAMBWA,1,hk Haut Katanga,23,hk Pweto,89,hk Nzwiba Centre de Santé,1-23-89,1-23-89-FA,,,,,mois_7,an2026,0,0,0,0,2,2,2,2,4,0,0,0,0,0,0,0,0,0,0,0,0,0,0,0,0,0,0,0,0,0,0,,,,,,,,,,0,0,0,0,0,0,0,0,0,0,0,0,0,0,0,0,,,,0,0,0,0,0,0,0,0,0,,,,0,0,0,0,0,0,0,0,0,,,,,0,0,0,0,0,0,0,0,0,0,0,0,0,0,0,0,0,0,0,0,0,0,0,0,0,0,0,,,,0,0,0,0,0,0,0,0,0,0,0,0,0,0,0,0,0,0,2,2,0,0,0,0,2,2,4,Infinity,Infinity,Infinity,0,0,0,0,2,2,2,2,4,uuid:3bd040f3-a8a9-4b59-9a01-7f4596dee210,1-23-89-FA,2685538,uuid:3bd040f3-a8a9-4b59-9a01-7f4596dee210
26 août 2026 11:47:23,26 août 2026 11:29:58,26 août 2026 11:47:01,809572aecdc2701f,,,,posaf2026,1000,16.666666666666668,,,https://posaf.surveycto.com/view/submission-attachment/?uuid=uuid%3A653181d2-e121-40d0-903c-42ca182e68e7&file=TA_653181d2-e121-40d0-903c-42ca182e68e7.csv,26 août 2026,11:30:02,4,David ngandu,6,lm Lomami,105,lm Kalambayi Kabanga,484,lm Kalambayi Kabanga Hôpital Général de Référence,6-105-484,6-105-484-FA,-6.49789,23.9964517,628.4,5.0,mois_7,an2026,0,0,1,1,2,3,3,4,7,3,4,7,100,5,10,2,2,1,1,8,13,21,5,10,2,2,1,1,8,13,21,100,100,100,100,100,100,100,100,100,0,0,0,0,0,0,0,0,0,1,2,1,0,2,2,4,25,15.384615384615385,19.047619047619047,0,0,1,2,1,0,2,2,4,100,100,100,0,0,0,0,0,0,0,0,0,0,0,0,0,0,0,0,0,0,0,0,0,0,5,10,0,0,0,0,5,10,15,0,0,0,0,0,0,0,0,0,0,0,0,0,0,0,0,0,0,0,0,0,0,0,0,0,0,0,0,0,0,1,2,0,0,0,0,1,2,3,Infinity,Infinity,Infinity,0,0,0,0,0,0,0,0,0,uuid:653181d2-e121-40d0-903c-42ca182e68e7,6-105-484-FA,2685538,uuid:653181d2-e121-40d0-903c-42ca182e68e7
26 août 2026 11:47:23,26 août 2026 11:04:23,26 août 2026 11:27:00,809572aecdc2701f,,,,posaf2026,1348,22.466666666666665,,,https://posaf.surveycto.com/view/submission-attachment/?uuid=uuid%3A64545f3d-77f2-496a-875c-63674d0d56be&file=TA_64545f3d-77f2-496a-875c-63674d0d56be.csv,26 août 2026,11:04:29,4,David ngandu,6,lm Lomami,105,lm Kalambayi Kabanga,484,lm Kalambayi Kabanga Hôpital Général de Référence,6-105-484,6-105-484-FA,-6.4981267,23.9964983,628.4,4.4,mois_6,an2026,0,0,0,0,4,7,4,7,11,4,7,11,100,4,8,2,2,1,1,7,11,18,4,8,2,2,1,1,7,11,18,100,100,100,100,100,100,100,100,100,0,0,0,0,0,0,0,1,0,0,1,1,0,2,1,3,28.57142857142857,9.090909090909092,16.666666666666664,1,0,0,1,1,0,2,1,3,100,100,100,0,0,0,0,0,0,0,0,0,0,0,0,0,0,0,0,0,0,0,0,0,0,4,8,0,0,0,0,4,8,12,4,8,0,0,0,0,4,8,12,100,100,100,0,0,0,0,0,0,0,0,0,4,8,0,0,0,0,4,8,12,3,2,0,0,0,0,3,2,5,75,25,41.66666666666667,0,0,0,0,0,0,0,0,0,uuid:64545f3d-77f2-496a-875c-63674d0d56be,6-105-484-FA,2685538,uuid:64545f3d-77f2-496a-875c-63674d0d56be
26 août 2026 12:12:51,26 août 2026 11:50:40,26 août 2026 12:12:32,6fef5daf7b684a37,,,,posaf2026,1248,20.8,,,https://posaf.surveycto.com/view/submission-attachment/?uuid=uuid%3A48d2288f-8f73-420c-b4fa-9d5e53e6c448&file=TA_48d2288f-8f73-420c-b4fa-9d5e53e6c448.csv,30 juil. 2027,11:51:02,1,OMANDJADI MUNDALA,8,sn Sankuru,165,sn Tshudi Loto,748,sn Tshudi Loto Hôpital Général de Référence,8-165-748,8-165-748-FA,-2.7452102,22.6657873,540.9,4.6,mois_6,an2026,0,0,0,0,0,0,0,0,0,0,0,0,,0,0,0,0,0,0,0,0,0,0,0,0,0,0,0,0,0,0,,,,,,,,,,0,0,0,0,0,0,0,0,0,0,0,0,0,0,0,0,,,,0,0,0,0,0,0,0,0,0,,,,0,0,0,0,0,0,0,0,0,,,,,0,0,0,0,0,0,0,0,0,0,0,0,0,0,0,0,0,0,0,0,0,0,0,0,0,0,0,,,,0,0,0,0,0,0,0,0,0,0,0,0,0,0,0,0,0,0,0,0,0,0,0,0,0,0,0,,,,1,1,0,0,1,0,2,1,3,uuid:48d2288f-8f73-420c-b4fa-9d5e53e6c448,8-165-748-FA,2685538,uuid:48d2288f-8f73-420c-b4fa-9d5e53e6c448
26 août 2026 13:29:37,26 août 2026 13:10:30,26 août 2026 13:29:11,c7643763e73c70e9,,,,posaf2026,959,15.983333333333333,,,https://posaf.surveycto.com/view/submission-attachment/?uuid=uuid%3Af471ad06-4d7f-44a3-b9fc-d9168dca5672&file=TA_f471ad06-4d7f-44a3-b9fc-d9168dca5672.csv,26 août 2026,13:10:40,4,Pacifique Masudi,7,sk Sud Kivu,143,sk Mulungu,651,sk Kigulube Hôpital Général de Référence,7-143-651,7-143-651-FA,-2.6719383,27.9886888,854.6,4.7,mois_7,an2026,0,0,0,1,6,4,6,5,11,4,3,7,63.63636363636363,2,1,16,11,8,7,26,19,45,2,1,6,4,3,2,11,7,18,100,100,37.5,36.36363636363637,37.5,28.57142857142857,42.30769230769231,36.84210526315789,40,0,0,0,0,0,0,0,0,0,2,4,3,2,5,6,11,19.230769230769234,31.57894736842105,24.444444444444443,0,0,2,1,3,2,5,3,8,100,50,72.72727272727273,0,0,0,0,1,2,1,2,3,0,9.090909090909092,28.57142857142857,16.666666666666664,0,0,0,0,1,2,1,2,3,1,1,0,0,0,0,1,1,2,0,0,0,0,0,0,0,0,0,0,0,0,0,0,0,0,1,2,1,2,3,0,0,0,0,0,0,0,0,0,0,0,0,0,0,0,0,0,0,,,,0,0,0,0,14,7,14,7,21,uuid:f471ad06-4d7f-44a3-b9fc-d9168dca5672,7-143-651-FA,2685538,uuid:f471ad06-4d7f-44a3-b9fc-d9168dca5672
26 août 2026 13:43:37,19 août 2026 12:21:46,26 août 2026 13:43:25,9323093040953616,,,,posaf2026,2798,46.63333333333333,,,https://posaf.surveycto.com/view/submission-attachment/?uuid=uuid%3Abd7e6645-62b9-434f-8bdf-c48c337c4f3f&file=TA_bd7e6645-62b9-434f-8bdf-c48c337c4f3f.csv,19 août 2026,12:21:01,4,Micheline MBELE,6,lm Lomami,107,lm Kalonda Est,497,lm Kalonda Est Hôpital Général de Référence,6-107-497,6-107-497-FA,-6.6186724,25.1762975,865.0,3.9,mois_7,an2026,0,0,1,2,9,6,10,8,18,2,3,5,27.77777777777778,2,2,7,3,6,7,15,12,27,2,2,7,3,6,7,15,12,27,100,100,100,100,100,100,100,100,100,0,0,1,2,1,2,3,1,1,3,0,3,3,7,4,11,46.666666666666664,33.33333333333333,40.74074074074074,1,1,3,0,3,3,7,4,11,100,100,100,0,1,0,0,1,1,1,2,3,0,6.666666666666667,16.666666666666664,11.11111111111111,0,1,0,0,1,1,1,2,3,1,2,0,0,0,0,1,2,3,1,1,0,0,0,0,1,1,2,100,50,66.66666666666666,0,1,0,0,1,1,1,2,3,0,1,0,0,0,0,0,1,1,5,3,1,0,0,0,6,3,9,Infinity,300,900,0,0,1,1,3,8,4,9,13,uuid:bd7e6645-62b9-434f-8bdf-c48c337c4f3f,6-107-497-FA,2685538,uuid:bd7e6645-62b9-434f-8bdf-c48c337c4f3f
26 août 2026 14:32:59,26 août 2026 14:12:53,26 août 2026 14:32:47,8e06fbf78dc87454,,,,posaf2026,1165,19.416666666666668,,,https://posaf.surveycto.com/view/submission-attachment/?uuid=uuid%3A3cf4ef86-54a8-4263-a9c1-4ccef84a9b10&file=TA_3cf4ef86-54a8-4263-a9c1-4ccef84a9b10.csv,26 août 2026,14:13:02,1,Mukamba Cyprien,7,sk Sud Kivu,143,sk Mulungu,652,sk Mulungu Centre Hospitalier,7-143-652,7-143-652-FA,-2.6719583,27.988715,879.0,3.6,mois_8,an2026,0,1,0,5,2,1,2,7,9,2,1,3,33.33333333333333,0,1,5,0,0,0,5,1,6,0,0,0,0,0,0,0,0,0,,0,0,,,,0,0,0,0,0,0,0,0,0,0,0,0,0,0,0,0,0,0,0,0,0,0,0,0,0,0,0,0,0,0,0,,,,0,0,0,0,0,0,0,0,0,,,,,0,0,0,0,0,0,0,0,0,0,0,0,0,0,0,0,0,0,0,0,0,0,0,0,0,0,0,,,,0,0,0,0,0,0,0,0,0,0,0,0,0,0,0,0,0,0,0,0,0,0,0,0,0,0,0,,,,0,0,0,0,0,0,0,0,0,uuid:3cf4ef86-54a8-4263-a9c1-4ccef84a9b10,7-143-652-FA,2685538,uuid:3cf4ef86-54a8-4263-a9c1-4ccef84a9b10
26 août 2026 14:56:49,24 août 2026 13:10:14,26 août 2026 14:14:57,9323093040953616,,,,posaf2026,1548,25.8,,,https://posaf.surveycto.com/view/submission-attachment/?uuid=uuid%3Ad0491824-ff14-4f80-9035-90082776c65a&file=TA_d0491824-ff14-4f80-9035-90082776c65a.csv,24 août 2026,13:10:19,4,Micheline MBELE,6,lm Lomami,107,lm Kalonda Est,501,lm Tshibue Centre de Santé,6-107-501,6-107-501-FA,-6.6187886,25.1763868,862.7,21.4,mois_7,an2026,0,0,1,2,2,3,3,5,8,3,5,8,100,2,3,1,2,2,3,5,8,13,2,3,1,2,2,3,5,8,13,100,100,100,100,100,100,100,100,100,0,0,0,0,0,0,0,2,3,1,2,2,3,5,8,13,100,100,100,2,3,1,2,2,3,5,8,13,100,100,100,0,0,0,0,1,0,1,0,1,0,20,0,7.6923076923076925,0,0,0,0,1,0,1,0,1,2,3,0,0,0,0,2,3,5,0,0,0,0,0,0,0,0,0,0,0,0,0,0,0,0,1,0,1,0,1,0,0,0,0,0,0,0,0,0,0,0,0,0,0,0,0,0,0,,,,0,0,0,0,1,2,1,2,3,uuid:d0491824-ff14-4f80-9035-90082776c65a,6-107-501-FA,2685538,uuid:d0491824-ff14-4f80-9035-90082776c65a
26 août 2026 15:37:33,26 août 2026 12:37:45,26 août 2026 12:56:18,353785111424924,630020947360328,8924302080509363750,,posaf2026,1112,18.533333333333335,,,https://posaf.surveycto.com/view/submission-attachment/?uuid=uuid%3A793419fc-f7b6-47ee-8942-4f57107f40e6&file=TA_793419fc-f7b6-47ee-8942-4f57107f40e6.csv,26 août 2026,12:37:51,4,ILUNGA MUKUBU,9,tn Tanganyika,169,tn Ankoro,765,tn Ankoro Hôpital Général de Référence,9-169-765,9-169-765-FA,-6.75511,26.9430593,579.2,5.0,mois_3,an2026,0,0,1,0,4,8,5,8,13,5,8,13,100,0,0,1,0,2,2,3,2,5,0,0,1,0,2,2,3,2,5,,,100,,100,100,100,100,100,0,0,0,0,0,0,0,0,0,0,0,0,0,0,0,0,0,0,0,0,0,0,0,0,0,0,0,0,,,,0,0,1,0,2,2,3,2,5,,100,100,100,0,0,1,0,2,2,3,2,5,0,0,0,0,0,0,0,0,0,0,0,0,0,0,0,0,0,0,,,,0,0,0,0,0,0,0,0,0,0,0,0,0,0,0,0,0,0,0,0,0,0,0,0,0,0,0,,,,0,0,0,0,0,0,0,0,0,uuid:793419fc-f7b6-47ee-8942-4f57107f40e6,9-169-765-FA,2685538,uuid:793419fc-f7b6-47ee-8942-4f57107f40e6
26 août 2026 15:37:34,26 août 2026 13:39:53,26 août 2026 14:06:56,353785111424924,630020947360328,8924302080509363750,,posaf2026,1345,22.416666666666668,,,https://posaf.surveycto.com/view/submission-attachment/?uuid=uuid%3A639fea27-642b-4444-bb4c-e848cff9ed02&file=TA_639fea27-642b-4444-bb4c-e848cff9ed02.csv,26 août 2026,13:39:59,4,ILUNGA MUKUBU,9,tn Tanganyika,169,tn Ankoro,765,tn Ankoro Hôpital Général de Référence,9-169-765,9-169-765-FA,-6.7550241,26.9429843,537.8,4.9,mois_4,an2026,0,0,0,0,5,10,5,10,15,5,10,15,100,0,1,0,0,1,1,1,2,3,0,1,0,0,1,1,1,2,3,,100,,,100,100,100,100,100,0,0,0,0,0,0,0,0,1,0,0,0,0,0,1,1,0,50,33.33333333333333,0,0,0,0,0,0,0,0,0,,0,0,0,0,0,0,0,0,0,0,0,,0,0,0,0,0,0,0,0,0,0,0,0,0,1,0,0,0,0,0,1,1,0,1,0,0,0,0,0,1,1,,100,100,0,0,0,0,0,0,0,0,0,0,0,0,0,0,0,0,0,0,2,4,0,0,0,0,2,4,6,Infinity,Infinity,Infinity,0,0,0,0,0,0,0,0,0,uuid:639fea27-642b-4444-bb4c-e848cff9ed02,9-169-765-FA,2685538,uuid:639fea27-642b-4444-bb4c-e848cff9ed02
26 août 2026 15:37:41,26 août 2026 14:36:15,26 août 2026 14:52:05,353785111424924,630020947360328,8924302080509363750,,posaf2026,861,14.35,,,https://posaf.surveycto.com/view/submission-attachment/?uuid=uuid%3Af5aa01c2-b97f-4f99-b17f-760e35d85692&file=TA_f5aa01c2-b97f-4f99-b17f-760e35d85692.csv,26 août 2026,14:36:21,4,ILUNGA MUKUBU,9,tn Tanganyika,169,tn Ankoro,765,tn Ankoro Hôpital Général de Référence,9-169-765,9-169-765-FA,-6.7550429,26.9431004,646.1,5.0,mois_5,an2026,0,0,0,0,7,8,7,8,15,7,8,15,100,0,0,0,0,1,3,1,3,4,0,0,0,0,1,3,1,3,4,,,,,100,100,100,100,100,0,0,0,0,0,0,0,0,0,0,0,0,0,0,0,0,0,0,0,0,0,0,0,0,0,0,0,0,,,,0,0,0,0,0,0,0,0,0,,0,0,0,0,0,0,0,0,0,0,0,0,0,0,0,0,0,0,0,0,0,0,0,0,0,0,0,0,0,0,,,,0,0,0,0,0,0,0,0,0,0,0,0,0,0,0,0,0,0,1,2,0,0,0,0,1,2,3,Infinity,Infinity,Infinity,0,0,0,0,0,0,0,0,0,uuid:f5aa01c2-b97f-4f99-b17f-760e35d85692,9-169-765-FA,2685538,uuid:f5aa01c2-b97f-4f99-b17f-760e35d85692
26 août 2026 15:37:45,26 août 2026 15:19:43,26 août 2026 15:33:00,353785111424924,630020947360328,8924302080509363750,,posaf2026,757,12.616666666666667,,,https://posaf.surveycto.com/view/submission-attachment/?uuid=uuid%3Acfdaa9d1-111a-496b-878c-8bf8d515271f&file=TA_cfdaa9d1-111a-496b-878c-8bf8d515271f.csv,26 août 2026,15:19:48,4,ILUNGA MUKUBU,9,tn Tanganyika,169,tn Ankoro,765,tn Ankoro Hôpital Général de Référence,9-169-765,9-169-765-FA,-6.7550696,26.9431675,557.8,4.1,mois_6,an2026,0,0,0,0,3,2,3,2,5,3,2,5,100,0,0,0,0,1,2,1,2,3,0,0,0,0,1,2,1,2,3,,,,,100,100,100,100,100,0,0,0,0,0,0,0,0,0,0,0,0,0,0,0,0,0,0,0,0,0,0,0,0,0,0,0,0,,,,0,0,0,0,1,2,1,2,3,,100,100,100,0,0,0,0,1,2,1,2,3,0,0,0,0,0,0,0,0,0,0,0,0,0,0,0,0,0,0,,,,0,0,0,0,0,0,0,0,0,0,0,0,0,0,0,0,0,0,2,4,0,0,0,0,2,4,6,Infinity,Infinity,Infinity,0,0,0,0,0,0,0,0,0,uuid:cfdaa9d1-111a-496b-878c-8bf8d515271f,9-169-765-FA,2685538,uuid:cfdaa9d1-111a-496b-878c-8bf8d515271f
26 août 2026 16:11:12,26 août 2026 15:23:00,26 août 2026 16:10:07,f04c1d621dd17317,,,,posaf2026,2827,47.11666666666667,,,https://posaf.surveycto.com/view/submission-attachment/?uuid=uuid%3A0aa115ac-a8b6-4c0c-a90c-a417d33cea2d&file=TA_0aa115ac-a8b6-4c0c-a90c-a417d33cea2d.csv,26 août 2026,15:23:23,1,KALABUE KANYEBA FRANÇOIS,6,lm Lomami,104,lm Kabinda,477,lm Kamende Centre de Santé,6-104-477,6-104-477-FA,-6.1503954,24.4651764,913.9,4.8,mois_6,an2026,0,0,0,0,2,1,2,1,3,2,1,3,100,0,0,0,0,0,0,0,0,0,0,0,0,0,0,0,0,0,0,,,,,,,,,,0,0,0,0,0,0,0,0,0,0,0,0,0,0,0,0,,,,0,0,0,0,0,0,0,0,0,,,,0,0,0,0,0,0,0,0,0,,,,,0,0,0,0,0,0,0,0,0,0,0,0,0,0,0,0,0,0,0,0,0,0,0,0,0,0,0,,,,0,0,0,0,0,0,0,0,0,0,0,0,0,0,0,0,0,0,1,0,0,0,4,4,5,4,9,Infinity,Infinity,Infinity,1,0,1,0,4,4,6,4,10,uuid:0aa115ac-a8b6-4c0c-a90c-a417d33cea2d,6-104-477-FA,2685538,uuid:0aa115ac-a8b6-4c0c-a90c-a417d33cea2d
26 août 2026 16:23:14,26 août 2026 16:12:06,26 août 2026 16:23:03,f04c1d621dd17317,,,,posaf2026,657,10.95,,,https://posaf.surveycto.com/view/submission-attachment/?uuid=uuid%3A76ae9117-aa56-4d87-91c6-f4b5e935226c&file=TA_76ae9117-aa56-4d87-91c6-f4b5e935226c.csv,26 juil. 2026,16:12:45,1,KALABUE KALABUE FRANÇOIS,6,lm Lomami,104,lm Kabinda,477,lm Kamende Centre de Santé,6-104-477,6-104-477-FA,-6.1504322,24.4653779,913.9,4.6,mois_7,an2026,1,0,0,0,1,5,2,5,7,2,5,7,100,0,0,0,0,0,0,0,0,0,0,0,0,0,0,0,0,0,0,,,,,,,,,,0,0,0,0,0,0,0,0,0,0,0,0,0,0,0,0,,,,0,0,0,0,0,0,0,0,0,,,,0,0,0,0,0,0,0,0,0,,,,,0,0,0,0,0,0,0,0,0,0,0,0,0,0,0,0,0,0,0,0,0,0,0,0,0,0,0,,,,0,0,0,0,0,0,0,0,0,0,0,0,0,0,0,0,0,0,0,1,0,1,3,4,3,6,9,Infinity,Infinity,Infinity,1,1,1,0,2,3,4,4,8,uuid:76ae9117-aa56-4d87-91c6-f4b5e935226c,6-104-477-FA,2685538,uuid:76ae9117-aa56-4d87-91c6-f4b5e935226c
27 août 2026 13:10:23,26 août 2026 10:27:12,27 août 2026 13:07:24,5bb189ec266e9526,,,,posaf2026,1718,28.633333333333333,,,https://posaf.surveycto.com/view/submission-attachment/?uuid=uuid%3A29dc08ab-3bdc-424f-8245-b8df5b94e097&file=TA_29dc08ab-3bdc-424f-8245-b8df5b94e097.csv,26 août 2026,10:27:38,1,Sr Georgette sumaili,9,tn Tanganyika,174,tn Kongolo,802,tn Sola Centre de Santé,9-174-802,9-174-802-FA,-5.1557476,27.1037125,626.2,4.9,mois_7,an2026,0,0,0,0,6,8,6,8,14,6,8,14,100,56,36,21,35,6,10,83,81,164,8,10,21,35,6,10,35,55,90,14.285714285714285,27.77777777777778,100,100,100,100,42.168674698795186,67.90123456790124,54.87804878048781,0,0,9,11,9,11,20,0,0,21,35,6,10,27,45,72,32.53012048192771,55.55555555555556,43.90243902439025,0,0,21,35,6,10,27,45,72,100,100,100,0,0,0,0,6,8,6,8,14,0,17.142857142857142,14.545454545454545,15.555555555555555,0,0,0,0,6,8,6,8,14,2,6,0,0,0,0,2,6,8,2,6,0,0,0,0,2,6,8,100,100,100,0,0,0,0,6,8,6,8,14,2,6,0,0,0,0,2,6,8,2,1,0,0,0,0,2,1,3,100,16.666666666666664,37.5,0,0,0,0,3,4,3,4,7,uuid:29dc08ab-3bdc-424f-8245-b8df5b94e097,9-174-802-FA,2685538,uuid:29dc08ab-3bdc-424f-8245-b8df5b94e097
27 août 2026 13:57:29,26 août 2026 11:43:29,27 août 2026 13:56:48,fdd6497cf6d39c1a,,,,posaf2026,2582,43.03333333333333,,,https://posaf.surveycto.com/view/submission-attachment/?uuid=uuid%3A6a2d494f-24d5-4aed-bb07-8cec7edc6253&file=TA_6a2d494f-24d5-4aed-bb07-8cec7edc6253.csv,27 août 2026,11:43:45,2,Wifaybariba,1,hk Haut Katanga,17,hk Lubumbashi,64,hk Sendwe Hôpital Provincial de Référence,1-17-64,1-17-64-FA,-11.6728997,27.4880306,1286.8,1.1,mois_7,an2026,0,0,0,0,19,4,19,4,23,0,1,1,4.3478260869565215,0,0,0,1,3,4,3,5,8,0,0,0,1,3,4,3,5,8,,,,100,100,100,100,100,100,0,0,0,0,0,0,0,0,0,0,0,0,1,0,1,1,0,20,12.5,0,0,0,0,0,1,0,1,1,,100,100,0,0,0,0,0,0,0,0,0,,0,0,0,0,0,0,0,0,0,0,0,0,0,0,0,0,0,1,0,1,1,0,0,0,0,0,0,0,0,0,,0,0,0,0,0,0,0,0,0,0,0,0,0,0,0,0,0,0,0,0,0,0,0,0,0,0,0,0,0,,,,0,0,0,0,7,7,7,7,14,uuid:6a2d494f-24d5-4aed-bb07-8cec7edc6253,1-17-64-FA,2685538,uuid:6a2d494f-24d5-4aed-bb07-8cec7edc6253
27 août 2026 16:59:18,24 août 2026 19:31:55,27 août 2026 16:59:15,c21bd4c7d21d53a7,,,,posaf2026,873,14.55,,,https://posaf.surveycto.com/view/submission-attachment/?uuid=uuid%3A1dc3c9f3-0fac-4f61-a1af-a427068e99db&file=TA_1dc3c9f3-0fac-4f61-a1af-a427068e99db.csv,24 août 2026,19:31:26,4,Pacifique Masudi,7,sk Sud Kivu,143,sk Mulungu,651,sk Kigulube Hôpital Général de Référence,7-143-651,7-143-651-FA,-2.6675431,27.9915343,850.3,4.6,mois_7,an2026,0,0,0,1,6,4,6,5,11,4,3,7,63.63636363636363,2,1,16,11,8,7,26,19,45,0,0,0,1,6,4,6,5,11,0,0,0,9.090909090909092,75,57.14285714285714,23.076923076923077,26.31578947368421,24.444444444444443,0,0,0,0,0,0,0,0,0,0,1,3,2,3,3,6,11.538461538461538,15.789473684210526,13.333333333333334,0,0,0,0,3,2,3,2,5,100,66.66666666666666,83.33333333333334,0,0,0,0,6,4,6,4,10,,100,80,90.9090909090909,0,0,0,0,6,4,6,4,10,0,0,0,0,0,0,0,0,0,0,0,0,0,0,0,0,0,0,,,,0,0,0,0,6,4,6,4,10,0,0,0,0,0,0,0,0,0,0,0,0,0,0,0,0,0,0,,,,0,0,0,0,14,7,14,7,21,uuid:1dc3c9f3-0fac-4f61-a1af-a427068e99db,7-143-651-FA,2685538,uuid:1dc3c9f3-0fac-4f61-a1af-a427068e99db
27 août 2026 17:19:03,27 août 2026 17:02:29,27 août 2026 17:19:01,c21bd4c7d21d53a7,,,+243110610756686,posaf2026,942,15.7,,,https://posaf.surveycto.com/view/submission-attachment/?uuid=uuid%3Adc9cd4a6-9dab-4a0b-8fc8-715ba303f9f7&file=TA_dc9cd4a6-9dab-4a0b-8fc8-715ba303f9f7.csv,27 août 2026,17:02:56,4,Pacifique Masudi,7,sk Sud Kivu,143,sk Mulungu,652,sk Mulungu Centre Hospitalier,7-143-652,7-143-652-FA,-2.6677637,27.9914304,850.3,3.3,mois_7,an2026,0,0,0,0,6,5,6,5,11,4,3,7,63.63636363636363,0,0,0,0,0,0,0,0,0,0,0,0,0,0,0,0,0,0,,,,,,,,,,0,0,0,0,0,0,0,0,0,0,0,0,0,0,0,0,,,,0,0,0,0,0,0,0,0,0,,,,0,0,0,0,0,0,0,0,0,,,,,0,0,0,0,0,0,0,0,0,0,0,0,0,0,0,0,0,0,0,0,0,0,0,0,0,0,0,,,,0,0,0,0,0,0,0,0,0,0,0,0,0,0,0,0,0,0,0,0,0,0,0,0,0,0,0,,,,0,0,0,0,8,6,8,6,14,uuid:dc9cd4a6-9dab-4a0b-8fc8-715ba303f9f7,7-143-652-FA,2685538,uuid:dc9cd4a6-9dab-4a0b-8fc8-715ba303f9f7
27 août 2026 17:36:58,27 août 2026 17:28:57,27 août 2026 17:36:55,c21bd4c7d21d53a7,,,+243110610756686,posaf2026,478,7.966666666666667,,,https://posaf.surveycto.com/view/submission-attachment/?uuid=uuid%3A599a124d-7aea-4e58-a975-f2922a2f53b9&file=TA_599a124d-7aea-4e58-a975-f2922a2f53b9.csv,27 août 2026,17:28:01,4,Pacifique Masudi,7,sk Sud Kivu,143,sk Mulungu,651,sk Kigulube Hôpital Général de Référence,7-143-651,7-143-651-FA,-2.6675745,27.9914626,850.3,3.8,mois_7,an2026,0,0,0,1,6,4,6,5,11,4,3,7,63.63636363636363,0,0,2,1,3,2,5,3,8,0,0,0,0,0,0,0,0,0,,,0,0,0,0,0,0,0,0,0,0,0,0,0,0,0,0,0,0,0,0,0,0,0,0,0,0,0,0,0,0,0,0,0,0,0,,,,0,0,0,0,0,0,0,0,0,,,,,0,0,0,0,0,0,0,0,0,0,0,0,0,0,0,0,0,0,0,0,0,0,0,0,0,0,0,,,,0,0,0,0,0,0,0,0,0,0,0,0,0,0,0,0,0,0,0,0,0,0,0,0,0,0,0,,,,0,0,0,0,14,7,14,7,21,uuid:599a124d-7aea-4e58-a975-f2922a2f53b9,7-143-651-FA,2685538,uuid:599a124d-7aea-4e58-a975-f2922a2f53b9
28 août 2026 14:07:50,28 août 2026 13:24:35,28 août 2026 14:07:39,9323093040953616,,,,posaf2026,1381,23.016666666666666,,,https://posaf.surveycto.com/view/submission-attachment/?uuid=uuid%3A5712ff99-c7dd-4df4-a29d-13c106effdc5&file=TA_5712ff99-c7dd-4df4-a29d-13c106effdc5.csv,28 août 2026,13:24:39,4,Micheline MBELE,6,lm Lomami,107,lm Kalonda Est,498,lm Kasamba Centre de Santé,6-107-498,6-107-498-FA,-6.6187062,25.1762425,856.4,20.7,mois_7,an2026,0,0,0,0,1,2,1,2,3,1,2,3,100,2,4,1,1,0,0,3,5,8,2,4,1,1,0,0,3,5,8,100,100,100,100,,,100,100,100,0,0,3,5,3,5,8,2,4,1,1,0,0,3,5,8,100,100,100,2,4,1,1,0,0,3,5,8,100,100,100,0,0,1,1,0,0,1,1,2,0,33.33333333333333,20,25,0,0,0,1,0,0,0,1,1,2,4,0,0,0,0,2,4,6,2,4,0,0,0,0,2,4,6,100,100,100,0,0,0,1,0,0,0,1,1,2,4,0,0,0,0,2,4,6,3,4,0,0,0,0,3,4,7,150,100,116.66666666666667,0,0,0,0,1,2,1,2,3,uuid:5712ff99-c7dd-4df4-a29d-13c106effdc5,6-107-498-FA,2685538,uuid:5712ff99-c7dd-4df4-a29d-13c106effdc5
28 août 2026 17:26:04,28 août 2026 17:14:31,28 août 2026 17:25:36,8079e7ab7389dc3b,,,,posaf2026,665,11.083333333333334,,,https://posaf.surveycto.com/view/submission-attachment/?uuid=uuid%3Aaa84301c-90a1-4660-8444-199a2819ef6b&file=TA_aa84301c-90a1-4660-8444-199a2819ef6b.csv,28 août 2026,17:14:36,8,Kibamba kibonge,7,sk Sud Kivu,150,sk Shabunda,9062,MUNGEMBE,7-150-9062,7-150-9062-FA,-2.8634786,27.1848434,583.5,200.0,mois_7,an2026,0,0,0,0,1,0,1,0,1,1,0,1,100,0,0,0,0,0,0,0,0,0,0,0,0,0,0,0,0,0,0,,,,,,,,,,0,0,0,0,0,0,0,0,0,0,0,0,0,0,0,0,,,,0,0,0,0,0,0,0,0,0,,,,0,0,0,0,0,0,0,0,0,,,,,0,0,0,0,0,0,0,0,0,0,0,0,0,0,0,0,0,0,0,0,0,0,0,0,0,0,0,,,,0,0,0,0,0,0,0,0,0,0,0,0,0,0,0,0,0,0,0,0,0,0,0,0,0,0,0,,,,0,0,0,0,0,0,0,0,0,uuid:aa84301c-90a1-4660-8444-199a2819ef6b,7-150-9062-FA,2685538,uuid:aa84301c-90a1-4660-8444-199a2819ef6b
29 août 2026 10:13:13,29 août 2026 09:01:59,29 août 2026 09:27:25,4bead0c2919db780,,,,posaf2026,1424,23.733333333333334,,,https://posaf.surveycto.com/view/submission-attachment/?uuid=uuid%3A15a7b473-17a5-4193-ab4a-9e78a918c3dd&file=TA_15a7b473-17a5-4193-ab4a-9e78a918c3dd.csv,29 août 2026,09:02:36,4,TSHIBANDA KAZADI ALBAIN,6,lm Lomami,114,lm Makota,544,lm Niche Centre de Santé,6-114-544,6-114-544-FA,,,,,mois_6,an2026,1,0,0,0,2,1,3,1,4,3,1,4,100,0,0,0,0,13,9,13,9,22,0,0,0,0,13,9,13,9,22,,,,,100,100,100,100,100,0,0,13,9,13,9,22,0,0,0,0,13,9,13,9,22,100,100,100,0,0,0,0,13,9,13,9,22,100,100,100,0,0,0,0,0,0,0,0,0,,0,0,0,0,0,0,0,0,0,0,0,0,0,0,0,0,0,0,0,0,0,0,0,0,0,0,0,0,0,0,,,,0,0,0,0,0,0,0,0,0,0,0,0,0,0,0,0,0,0,0,0,0,0,0,0,0,0,0,,,,0,0,0,0,0,0,0,0,0,uuid:15a7b473-17a5-4193-ab4a-9e78a918c3dd,6-114-544-FA,2685538,uuid:15a7b473-17a5-4193-ab4a-9e78a918c3dd
29 août 2026 10:13:14,29 août 2026 09:57:54,29 août 2026 10:12:25,4bead0c2919db780,,,,posaf2026,871,14.516666666666667,,,https://posaf.surveycto.com/view/submission-attachment/?uuid=uuid%3A397866e3-11e8-4084-8120-c04e2d3edde7&file=TA_397866e3-11e8-4084-8120-c04e2d3edde7.csv,29 août 2026,09:57:58,4,TSHIBANDA KAZADI ALBAIN,6,lm Lomami,114,lm Makota,544,lm Niche Centre de Santé,6-114-544,6-114-544-FA,,,,,mois_7,an2026,1,1,0,0,1,2,2,3,5,2,3,5,100,1,1,0,0,23,39,24,40,64,1,1,0,0,23,39,24,40,64,100,100,,,100,100,100,100,100,0,0,0,0,0,0,0,1,1,0,0,1,2,2,3,5,8.333333333333332,7.5,7.8125,1,1,0,0,1,2,2,3,5,100,100,100,1,1,0,0,1,2,2,3,5,100,8.333333333333332,7.5,7.8125,1,1,0,0,1,2,2,3,5,0,0,0,0,0,0,0,0,0,0,0,0,0,0,0,0,0,0,,,,1,1,0,0,1,2,2,3,5,0,0,0,0,0,0,0,0,0,0,0,0,0,0,0,0,0,0,,,,0,0,0,0,0,0,0,0,0,uuid:397866e3-11e8-4084-8120-c04e2d3edde7,6-114-544-FA,2685538,uuid:397866e3-11e8-4084-8120-c04e2d3edde7
29 août 2026 10:57:38,29 août 2026 10:23:07,29 août 2026 10:44:51,f7c160b44582bb64,,,,posaf2026,1301,21.683333333333334,,,https://posaf.surveycto.com/view/submission-attachment/?uuid=uuid%3A19f5b231-8665-445d-bfc7-5588542ac370&file=TA_19f5b231-8665-445d-bfc7-5588542ac370.csv,29 août 2026,10:23:32,4,Titi maheshe,7,sk Sud Kivu,140,sk Minova,639,sk Bulenga Centre de Santé,7-140-639,7-140-639-FA,,,,,mois_7,an2026,0,0,0,0,3,3,3,3,6,0,0,0,0,2,1,0,0,1,1,3,2,5,0,0,0,0,0,0,0,0,0,0,0,,,0,0,0,0,0,0,0,0,0,0,0,0,0,0,0,0,0,0,0,0,0,0,0,0,0,0,0,0,0,0,0,0,0,,,,0,0,0,0,0,0,0,0,0,,,,,0,0,0,0,0,0,0,0,0,0,0,0,0,0,0,0,0,0,0,0,0,0,0,0,0,0,0,,,,0,0,0,0,0,0,0,0,0,0,0,0,0,0,0,0,0,0,0,0,0,0,0,0,0,0,0,,,,0,0,0,0,1,1,1,1,2,uuid:19f5b231-8665-445d-bfc7-5588542ac370,7-140-639-FA,2685538,uuid:19f5b231-8665-445d-bfc7-5588542ac370
29 août 2026 12:13:18,29 août 2026 11:57:02,29 août 2026 12:11:08,fbe45d7d92bce9d6,,,,posaf2026,847,14.116666666666667,,,https://posaf.surveycto.com/view/submission-attachment/?uuid=uuid%3A023cfc04-ccfe-48ee-ac42-e6f1ef33ca2a&file=TA_023cfc04-ccfe-48ee-ac42-e6f1ef33ca2a.csv,29 août 2026,11:57:51,8,Mutuza yano simon,7,sk Sud Kivu,150,sk Shabunda,9061,MATILI,7-150-9061,7-150-9061-FA,-2.8637995,27.1838334,583.5,0.7,mois_7,an2026,0,0,0,0,17,26,17,26,43,17,26,43,100,0,0,0,0,0,0,0,0,0,0,0,0,0,0,0,0,0,0,,,,,,,,,,0,0,0,0,0,0,0,0,0,0,0,0,0,0,0,0,,,,0,0,0,0,0,0,0,0,0,,,,0,0,0,0,0,0,0,0,0,,,,,0,0,0,0,0,0,0,0,0,0,0,0,0,0,0,0,0,0,0,0,0,0,0,0,0,0,0,,,,0,0,0,0,0,0,0,0,0,0,0,0,0,0,0,0,0,0,0,0,0,0,0,0,0,0,0,,,,0,0,0,0,0,0,0,0,0,uuid:023cfc04-ccfe-48ee-ac42-e6f1ef33ca2a,7-150-9061-FA,2685538,uuid:023cfc04-ccfe-48ee-ac42-e6f1ef33ca2a
29 août 2026 15:58:56,21 août 2026 09:05:23,29 août 2026 14:18:59,099faf1e3ca78191,,,,posaf2026,6025,100.41666666666667,,,https://posaf.surveycto.com/view/submission-attachment/?uuid=uuid%3A41f84374-c182-491f-bc2a-1553dabcf1cb&file=TA_41f84374-c182-491f-bc2a-1553dabcf1cb.csv,29 août 2026,13:17:33,4,MUDERHWA KAGUGE BEXI,7,sk Sud Kivu,147,sk Nyangezi,663,sk Nyangezi Hôpital Général de Référence,7-147-663,7-147-663-FA,-2.6650618,28.8746356,1549.2,4.3,mois_7,an2026,0,1,0,0,2,0,2,1,3,2,1,3,100,0,1,2,1,1,0,3,2,5,0,1,2,1,1,0,3,2,5,,100,100,100,100,,100,100,100,0,0,0,0,0,0,0,0,1,1,1,1,0,2,2,4,66.66666666666666,100,80,0,0,1,1,1,0,2,1,3,100,50,75,0,1,0,0,0,0,0,1,1,,0,50,20,0,1,0,0,0,0,0,1,1,0,0,0,0,0,0,0,0,0,0,0,0,0,0,0,0,0,0,,,,0,1,0,0,0,0,0,1,1,0,0,0,0,0,0,0,0,0,0,0,0,0,0,0,0,0,0,,,,0,0,0,0,2,0,2,0,2,uuid:41f84374-c182-491f-bc2a-1553dabcf1cb,7-147-663-FA,2685538,uuid:41f84374-c182-491f-bc2a-1553dabcf1cb
29 août 2026 16:19:59,18 août 2026 21:07:20,29 août 2026 16:16:43,569f47dbe80d42fd,,,,posaf2026,6707,111.78333333333333,,,https://posaf.surveycto.com/view/submission-attachment/?uuid=uuid%3Abed8f814-eb6a-4f71-946e-5417b84fcfe4&file=TA_bed8f814-eb6a-4f71-946e-5417b84fcfe4.csv,3 juil. 2026,12:04:54,1,ITABANZAMBI,4,kr Kasai Central,65,kr Bena Leka,316,kr Kabuluanda Centre de Santé de Référence,4-65-316,4-65-316-FA,,,,,mois_6,an2026,0,0,0,0,7,5,7,5,12,6,5,11,91.66666666666666,6,9,13,11,27,32,46,52,98,6,9,13,11,27,32,46,52,98,100,100,100,100,100,100,100,100,100,0,0,0,0,0,0,0,0,0,2,2,6,7,8,9,17,17.391304347826086,17.307692307692307,17.346938775510203,0,0,0,0,0,0,0,0,0,0,0,0,0,0,0,0,4,3,4,3,7,0,8.695652173913043,5.769230769230769,7.142857142857142,0,0,0,0,4,3,4,3,7,1,2,6,9,23,22,30,33,63,1,2,6,9,23,22,30,33,63,100,100,100,0,0,0,0,4,3,4,3,7,1,2,1,2,12,17,14,21,35,1,2,1,2,12,17,14,21,35,100,100,100,0,0,0,0,2,1,2,1,3,uuid:bed8f814-eb6a-4f71-946e-5417b84fcfe4,4-65-316-FA,2685538,uuid:bed8f814-eb6a-4f71-946e-5417b84fcfe4
29 août 2026 18:08:00,29 août 2026 14:51:01,29 août 2026 18:05:10,569f47dbe80d42fd,,,,posaf2026,2407,40.11666666666667,,,https://posaf.surveycto.com/view/submission-attachment/?uuid=uuid%3A43528b6c-a894-4684-8484-9688895f4762&file=TA_43528b6c-a894-4684-8484-9688895f4762.csv,5 août 2026,14:51:03,1,ITABANZAMBI,4,kr Kasai Central,65,kr Bena Leka,316,kr Kabuluanda Centre de Santé de Référence,4-65-316,4-65-316-FA,,,,,mois_7,an2026,0,0,0,0,4,4,4,4,8,4,4,8,100,7,8,6,4,13,18,26,30,56,7,8,6,4,13,18,26,30,56,100,100,100,100,100,100,100,100,100,0,0,0,0,0,0,0,4,3,3,3,6,7,13,13,26,50,43.333333333333336,46.42857142857143,0,0,0,0,0,0,0,0,0,0,0,0,0,0,0,0,1,1,1,1,2,0,3.8461538461538463,3.3333333333333335,3.571428571428571,0,0,0,0,1,1,1,1,2,5,3,3,3,8,8,16,14,30,5,3,3,3,8,8,16,14,30,100,100,100,0,0,0,0,1,1,1,1,2,1,0,1,0,6,7,8,7,15,1,0,1,0,6,7,8,7,15,100,100,100,0,0,0,0,2,3,2,3,5,uuid:43528b6c-a894-4684-8484-9688895f4762,4-65-316-FA,2685538,uuid:43528b6c-a894-4684-8484-9688895f4762
29 août 2026 19:19:44,29 août 2026 18:01:32,29 août 2026 18:25:28,4bead0c2919db780,,,,posaf2026,1436,23.933333333333334,,,https://posaf.surveycto.com/view/submission-attachment/?uuid=uuid%3Abe5d0e61-423a-49a9-9caa-3580e6d9c6e7&file=TA_be5d0e61-423a-49a9-9caa-3580e6d9c6e7.csv,29 août 2026,18:01:47,4,TSHIBANDA KAZADI ALBAIN,6,lm Lomami,114,lm Makota,541,lm Kamisangi Centre de Santé,6-114-541,6-114-541-FA,,,,,mois_6,an2026,0,0,0,1,4,3,4,4,8,4,4,8,100,3,4,6,9,16,13,25,26,51,3,4,6,9,16,13,25,26,51,100,100,100,100,100,100,100,100,100,0,0,0,0,0,0,0,2,3,5,7,13,11,20,21,41,80,80.76923076923077,80.3921568627451,2,3,5,7,13,11,20,21,41,100,100,100,0,0,1,0,3,4,4,4,8,0,16,15.384615384615385,15.686274509803921,0,0,1,0,3,4,4,4,8,2,3,1,0,0,0,3,3,6,2,3,1,0,0,0,3,3,6,100,100,100,0,0,0,0,3,4,3,4,7,2,3,1,0,0,0,3,3,6,2,3,1,0,0,0,3,3,6,100,100,100,0,0,0,0,3,4,3,4,7,uuid:be5d0e61-423a-49a9-9caa-3580e6d9c6e7,6-114-541-FA,2685538,uuid:be5d0e61-423a-49a9-9caa-3580e6d9c6e7
29 août 2026 19:19:57,29 août 2026 18:50:29,29 août 2026 19:17:41,4bead0c2919db780,,,,posaf2026,1617,26.95,,,https://posaf.surveycto.com/view/submission-attachment/?uuid=uuid%3A5201c8b2-f45c-4791-a982-ba87c33c4323&file=TA_5201c8b2-f45c-4791-a982-ba87c33c4323.csv,29 août 2026,18:50:33,4,TSHIBANDA KAZADI ALBAIN,6,lm Lomami,114,lm Makota,541,lm Kamisangi Centre de Santé,6-114-541,6-114-541-FA,,,,,mois_7,an2026,0,1,1,2,2,4,3,7,10,3,7,10,100,4,4,4,7,19,17,27,28,55,4,4,4,7,19,17,27,28,55,100,100,100,100,100,100,100,100,100,0,0,27,24,27,24,51,4,4,4,7,19,17,27,28,55,100,100,100,4,4,4,7,19,17,27,28,55,100,100,100,0,0,1,1,3,5,4,6,10,0,14.814814814814813,21.428571428571427,18.181818181818183,0,0,1,1,3,5,4,6,10,3,4,0,0,0,0,3,4,7,3,4,0,0,0,0,3,4,7,100,100,100,0,0,1,1,3,5,4,6,10,3,4,0,0,0,0,3,4,7,3,4,0,0,0,0,3,4,7,100,100,100,0,0,0,0,6,5,6,5,11,uuid:5201c8b2-f45c-4791-a982-ba87c33c4323,6-114-541-FA,2685538,uuid:5201c8b2-f45c-4791-a982-ba87c33c4323
30 août 2026 14:18:25,30 août 2026 12:25:29,30 août 2026 13:42:05,8addf5164514ed48,,,,posaf2026,1966,32.766666666666666,,,https://posaf.surveycto.com/view/submission-attachment/?uuid=uuid%3A65de672e-f617-47d4-b935-8ba1535dad90&file=TA_65de672e-f617-47d4-b935-8ba1535dad90.csv,30 août 2026,13:21:46,1,Martin nshimba,6,lm Lomami,104,lm Kabinda,480,lm Mulemayi Centre de Santé,6-104-480,6-104-480-FA,-6.2983463,24.8005509,820.8,10.8,mois_6,an2026,0,0,0,0,5,7,5,7,12,5,7,12,100,6,8,3,4,2,1,11,13,24,6,8,3,4,2,1,11,13,24,100,100,100,100,100,100,100,100,100,0,0,0,0,0,0,0,0,0,0,0,0,0,0,0,0,0,0,0,0,0,0,0,0,0,0,0,0,,,,0,0,0,0,0,0,0,0,0,0,0,0,0,0,0,0,0,0,0,0,0,0,0,0,0,0,0,0,0,0,0,0,0,0,0,0,0,0,0,0,,,,0,0,0,0,0,0,0,0,0,0,0,0,0,0,0,0,0,0,0,0,0,0,0,0,0,0,0,,,,0,0,0,0,0,0,0,0,0,uuid:65de672e-f617-47d4-b935-8ba1535dad90,6-104-480-FA,2685538,uuid:65de672e-f617-47d4-b935-8ba1535dad90
30 août 2026 14:18:26,30 août 2026 14:02:53,30 août 2026 14:13:57,8addf5164514ed48,,,,posaf2026,644,10.733333333333333,,,https://posaf.surveycto.com/view/submission-attachment/?uuid=uuid%3A9b26c89c-77cd-4065-9116-eea82e2cd7c5&file=TA_9b26c89c-77cd-4065-9116-eea82e2cd7c5.csv,30 août 2026,14:02:59,1,Martin nshimba,6,lm Lomami,104,lm Kabinda,480,lm Mulemayi Centre de Santé,6-104-480,6-104-480-FA,-6.2983701,24.8004982,795.8,9.8,mois_7,an2026,0,0,0,0,11,8,11,8,19,11,8,19,100,5,4,4,2,3,6,12,12,24,0,0,0,0,0,0,0,0,0,0,0,0,0,0,0,0,0,0,0,0,0,0,0,0,0,0,0,0,0,0,0,0,0,0,0,0,0,0,0,0,0,0,0,0,0,0,,,,0,0,0,0,0,0,0,0,0,,,,,0,0,0,0,0,0,0,0,0,0,0,0,0,0,0,0,0,0,0,0,0,0,0,0,0,0,0,,,,0,0,0,0,0,0,0,0,0,0,0,0,0,0,0,0,0,0,0,0,0,0,0,0,0,0,0,,,,0,0,0,0,0,0,0,0,0,uuid:9b26c89c-77cd-4065-9116-eea82e2cd7c5,6-104-480-FA,2685538,uuid:9b26c89c-77cd-4065-9116-eea82e2cd7c5
30 août 2026 14:30:17,30 août 2026 13:47:03,30 août 2026 13:57:55,160e44352d08b90b,,,,posaf2026,649,10.816666666666666,,,https://posaf.surveycto.com/view/submission-attachment/?uuid=uuid%3A044d4c67-2583-4534-8539-763561c4c3c1&file=TA_044d4c67-2583-4534-8539-763561c4c3c1.csv,30 août 2026,13:47:07,4,André ESHIBA KASONGO,6,lm Lomami,104,lm Kabinda,475,lm Hobosam Centre Hospitalier,6-104-475,6-104-475-FA,-6.1503942,24.4654375,914.4,4.8,mois_7,an2026,0,0,1,0,1,1,2,1,3,2,1,3,100,0,0,4,0,6,6,10,6,16,0,0,4,0,6,6,10,6,16,,,100,,100,100,100,100,100,0,0,10,6,10,6,16,0,0,0,0,0,0,0,0,0,0,0,0,0,0,0,0,0,0,0,0,0,,,,0,0,0,0,0,0,0,0,0,,0,0,0,0,0,0,0,0,0,0,0,0,0,0,0,0,0,0,0,0,0,0,0,0,0,0,0,0,0,0,,,,0,0,0,0,0,0,0,0,0,0,0,0,0,0,0,0,0,0,0,0,0,0,0,0,0,0,0,,,,0,0,0,0,0,0,0,0,0,uuid:044d4c67-2583-4534-8539-763561c4c3c1,6-104-475-FA,2685538,uuid:044d4c67-2583-4534-8539-763561c4c3c1
30 août 2026 14:30:17,30 août 2026 13:59:13,30 août 2026 14:05:40,160e44352d08b90b,,,,posaf2026,387,6.45,,,https://posaf.surveycto.com/view/submission-attachment/?uuid=uuid%3Afe0f3743-3964-4a14-a204-1cacff09da4c&file=TA_fe0f3743-3964-4a14-a204-1cacff09da4c.csv,30 août 2026,13:59:22,4,André ESHIBA KASONGO,6,lm Lomami,104,lm Kabinda,475,lm Hobosam Centre Hospitalier,6-104-475,6-104-475-FA,-6.1502979,24.4652005,915.4,4.6,mois_7,an2026,0,0,0,0,5,0,5,0,5,4,0,4,80,0,0,0,0,0,0,0,0,0,0,0,0,0,0,0,0,0,0,,,,,,,,,,0,0,0,0,0,0,0,0,0,0,0,0,0,0,0,0,,,,0,0,0,0,0,0,0,0,0,,,,0,0,0,0,0,0,0,0,0,,,,,0,0,0,0,0,0,0,0,0,0,0,0,0,0,0,0,0,0,0,0,0,0,0,0,0,0,0,,,,0,0,0,0,0,0,0,0,0,0,0,0,0,0,0,0,0,0,0,0,0,0,0,0,0,0,0,,,,0,0,0,0,0,0,0,0,0,uuid:fe0f3743-3964-4a14-a204-1cacff09da4c,6-104-475-FA,2685538,uuid:fe0f3743-3964-4a14-a204-1cacff09da4c
30 août 2026 16:11:09,26 août 2026 16:43:21,30 août 2026 16:07:31,c70a931539d0c17f,,,,posaf2026,1827,30.45,,,https://posaf.surveycto.com/view/submission-attachment/?uuid=uuid%3A6297b0b8-3179-41d0-ac22-27347d99800c&file=TA_6297b0b8-3179-41d0-ac22-27347d99800c.csv,26 août 2026,16:43:32,4,Camille NKUNDU MUANABUTE,6,lm Lomami,108,lm Kamana,504,lm Kabula Centre de Santé,6-108-504,6-108-504-FA,,,,,mois_6,an2026,0,0,1,0,3,6,4,6,10,0,0,0,0,0,0,0,0,0,0,0,0,0,0,0,0,0,0,0,0,0,0,,,,,,,,,,0,0,0,0,0,0,0,0,0,0,0,0,0,0,0,0,,,,0,0,0,0,0,0,0,0,0,,,,0,0,0,0,0,0,0,0,0,,,,,0,0,0,0,0,0,0,0,0,0,0,0,0,0,0,0,0,0,0,0,0,0,0,0,0,0,0,,,,0,0,0,0,0,0,0,0,0,0,0,0,0,0,0,0,0,0,0,0,0,0,0,0,0,0,0,,,,0,0,0,0,2,2,2,2,4,uuid:6297b0b8-3179-41d0-ac22-27347d99800c,6-108-504-FA,2685538,uuid:6297b0b8-3179-41d0-ac22-27347d99800c
30 août 2026 16:44:31,30 août 2026 16:37:46,30 août 2026 16:44:14,c70a931539d0c17f,,,,posaf2026,388,6.466666666666667,,,https://posaf.surveycto.com/view/submission-attachment/?uuid=uuid%3A17f99050-d033-4fb7-aa95-ff4e2049fdb1&file=TA_17f99050-d033-4fb7-aa95-ff4e2049fdb1.csv,30 août 2026,16:37:53,1,Kasongo Lumamba Gilbert,6,lm Lomami,108,lm Kamana,504,lm Kabula Centre de Santé,6-108-504,6-108-504-FA,,,,,mois_7,an2026,0,0,0,0,6,4,6,4,10,0,0,0,0,0,0,0,0,0,0,0,0,0,0,0,0,0,0,0,0,0,0,,,,,,,,,,0,0,0,0,0,0,0,0,0,0,0,0,0,0,0,0,,,,0,0,0,0,0,0,0,0,0,,,,0,0,0,0,0,0,0,0,0,,,,,0,0,0,0,0,0,0,0,0,0,0,0,0,0,0,0,0,0,0,0,0,0,0,0,0,0,0,,,,0,0,0,0,0,0,0,0,0,0,0,0,0,0,0,0,0,0,0,0,0,0,0,0,0,0,0,,,,0,0,0,0,0,0,0,0,0,uuid:17f99050-d033-4fb7-aa95-ff4e2049fdb1,6-108-504-FA,2685538,uuid:17f99050-d033-4fb7-aa95-ff4e2049fdb1
30 août 2026 17:19:35,30 août 2026 16:11:38,30 août 2026 16:27:18,4bead0c2919db780,,,,posaf2026,940,15.666666666666666,,,https://posaf.surveycto.com/view/submission-attachment/?uuid=uuid%3A39d165cf-6f55-4da0-a579-486fcf15885a&file=TA_39d165cf-6f55-4da0-a579-486fcf15885a.csv,30 août 2026,16:11:51,4,TSHIBANDA KAZADI ALBAIN,6,lm Lomami,114,lm Makota,543,lm Maseb Centre de Santé,6-114-543,6-114-543-FA,,,,,mois_6,an2026,0,0,1,1,4,4,5,5,10,5,5,10,100,2,4,10,15,143,148,155,167,322,2,4,10,15,143,148,155,167,322,100,100,100,100,100,100,100,100,100,0,0,154,163,154,163,317,1,0,10,15,143,148,154,163,317,99.35483870967742,97.60479041916167,98.4472049689441,1,0,10,15,143,148,154,163,317,100,100,100,0,0,1,1,4,4,5,5,10,0,3.225806451612903,2.9940119760479043,3.1055900621118013,0,0,1,1,4,4,5,5,10,1,3,0,0,0,0,1,3,4,1,3,0,0,0,0,1,3,4,100,100,100,0,0,1,1,4,4,5,5,10,1,3,0,0,0,0,1,3,4,1,3,0,0,0,0,1,3,4,100,100,100,0,0,0,0,2,1,2,1,3,uuid:39d165cf-6f55-4da0-a579-486fcf15885a,6-114-543-FA,2685538,uuid:39d165cf-6f55-4da0-a579-486fcf15885a
30 août 2026 17:19:37,30 août 2026 16:53:08,30 août 2026 17:12:08,4bead0c2919db780,,,,posaf2026,1141,19.016666666666666,,,https://posaf.surveycto.com/view/submission-attachment/?uuid=uuid%3A3e0c9bfe-e33b-495a-bc25-e7bf5e709e28&file=TA_3e0c9bfe-e33b-495a-bc25-e7bf5e709e28.csv,30 août 2026,16:53:31,4,TSHIBANDA KAZADI ALBAIN,6,lm Lomami,114,lm Makota,543,lm Maseb Centre de Santé,6-114-543,6-114-543-FA,,,,,mois_7,an2026,0,1,0,1,5,4,5,6,11,5,6,11,100,2,4,10,15,123,120,135,139,274,2,4,10,15,123,120,135,139,274,100,100,100,100,100,100,100,100,100,0,0,134,135,134,135,269,2,4,10,15,123,120,135,139,274,100,100,100,2,4,10,15,123,120,135,139,274,100,100,100,0,1,0,1,5,6,5,8,13,0,3.7037037037037033,5.755395683453238,4.744525547445255,0,1,0,1,5,6,5,8,13,2,4,4,6,0,0,6,10,16,2,4,4,6,0,0,6,10,16,100,100,100,0,1,0,1,5,4,5,6,11,2,4,4,6,0,0,6,10,16,2,4,4,6,0,0,6,10,16,100,100,100,0,0,0,0,2,1,2,1,3,uuid:3e0c9bfe-e33b-495a-bc25-e7bf5e709e28,6-114-543-FA,2685538,uuid:3e0c9bfe-e33b-495a-bc25-e7bf5e709e28
30 août 2026 17:48:29,30 août 2026 17:39:18,30 août 2026 17:48:07,c70a931539d0c17f,,,,posaf2026,528,8.8,,,https://posaf.surveycto.com/view/submission-attachment/?uuid=uuid%3Ac37c5919-2635-4e74-b1c4-5d5d172fec9e&file=TA_c37c5919-2635-4e74-b1c4-5d5d172fec9e.csv,30 août 2026,17:39:48,4,Camille NKUNDU MUANABUTE,6,lm Lomami,108,lm Kamana,505,lm Kamana Hôpital Général de Référence,6-108-505,6-108-505-FA,,,,,mois_6,an2026,0,0,0,1,8,4,8,5,13,0,0,0,0,0,0,0,0,0,0,0,0,0,0,0,0,0,0,0,0,0,0,,,,,,,,,,0,0,0,0,0,0,0,0,0,0,0,0,0,0,0,0,,,,0,0,0,0,0,0,0,0,0,,,,0,0,0,0,0,0,0,0,0,,,,,0,0,0,0,0,0,0,0,0,0,0,0,0,0,0,0,0,0,0,0,0,0,0,0,0,0,0,,,,0,0,0,0,0,0,0,0,0,0,0,0,0,0,0,0,0,0,0,0,0,0,0,0,0,0,0,,,,0,0,0,0,6,4,6,4,10,uuid:c37c5919-2635-4e74-b1c4-5d5d172fec9e,6-108-505-FA,2685538,uuid:c37c5919-2635-4e74-b1c4-5d5d172fec9e
30 août 2026 19:57:08,27 août 2026 11:53:44,30 août 2026 19:56:25,f949bada9e210e03,,,,posaf2026,2053,34.21666666666667,,,https://posaf.surveycto.com/view/submission-attachment/?uuid=uuid%3A92dc9f8f-8c03-45d1-8578-3bd00964f476&file=TA_92dc9f8f-8c03-45d1-8578-3bd00964f476.csv,5 août 2026,11:53:04,1,Styve,7,sk Sud Kivu,139,sk Minembwe,638,sk Rugezi Centre Hospitalier,7-139-638,7-139-638-FA,,,,,mois_7,an2026,0,0,4,8,10,14,14,22,36,14,22,36,100,0,0,4,6,2,1,6,7,13,0,0,0,0,1,1,1,1,2,,,0,0,50,100,16.666666666666664,14.285714285714285,15.384615384615385,0,0,0,0,0,0,0,0,0,0,0,1,1,1,1,2,16.666666666666664,14.285714285714285,15.384615384615385,0,0,0,0,1,1,1,1,2,100,100,100,0,0,0,0,1,1,1,1,2,,100,100,100,0,0,0,0,1,1,1,1,2,0,0,0,0,0,0,0,0,0,0,0,0,0,0,0,0,0,0,,,,0,0,0,0,0,0,0,0,0,0,0,0,0,0,0,0,0,0,0,0,0,0,0,0,0,0,0,,,,0,0,0,0,4,2,4,2,6,uuid:92dc9f8f-8c03-45d1-8578-3bd00964f476,7-139-638-FA,2685538,uuid:92dc9f8f-8c03-45d1-8578-3bd00964f476
30 août 2026 21:04:39,30 août 2026 20:56:21,30 août 2026 21:04:27,eb36cf15beea617e,,,+243110638655507,posaf2026,486,8.1,,,https://posaf.surveycto.com/view/submission-attachment/?uuid=uuid%3A8f270a57-958e-4794-b19c-05bc8cdd3500&file=TA_8f270a57-958e-4794-b19c-05bc8cdd3500.csv,30 août 2026,20:56:24,4,Jacques KABIDU,7,sk Sud Kivu,126,sk Kabare,601,sk Mbobero Centre de Santé,7-126-601,7-126-601-FA,,,,,mois_7,an2026,3,5,0,4,7,2,10,11,21,10,11,21,100,3,4,7,6,5,3,15,13,28,2,2,4,3,5,2,11,7,18,66.66666666666666,50,57.14285714285714,50,100,66.66666666666666,73.33333333333333,53.84615384615385,64.28571428571429,0,0,0,0,0,0,0,0,0,0,0,0,0,0,0,0,0,0,0,0,0,0,0,0,0,0,0,0,,,,0,0,0,0,0,0,0,0,0,0,0,0,0,0,0,0,0,0,0,0,0,0,0,0,0,0,0,0,0,0,0,0,0,0,0,0,0,0,0,0,,,,0,0,0,0,0,0,0,0,0,0,0,0,0,0,0,0,0,0,0,0,0,0,0,0,0,0,0,,,,2,1,3,5,2,1,7,7,14,uuid:8f270a57-958e-4794-b19c-05bc8cdd3500,7-126-601-FA,2685538,uuid:8f270a57-958e-4794-b19c-05bc8cdd3500
30 août 2026 21:04:41,30 août 2026 20:48:18,30 août 2026 20:56:00,eb36cf15beea617e,,,+243110638655507,posaf2026,463,7.716666666666667,,,https://posaf.surveycto.com/view/submission-attachment/?uuid=uuid%3A8062f2cf-f86a-4d69-a663-f4fdf460b7b8&file=TA_8062f2cf-f86a-4d69-a663-f4fdf460b7b8.csv,30 août 2026,20:48:20,4,Jacques KABIDU,7,sk Sud Kivu,126,sk Kabare,602,sk Mukongola Hôpital Général de Référence,7-126-602,7-126-602-FA,,,,,mois_7,an2026,2,0,0,0,6,3,8,3,11,8,3,11,100,3,4,2,5,3,2,8,11,19,2,4,2,5,3,2,7,11,18,66.66666666666666,100,100,100,100,100,87.5,100,94.73684210526315,0,0,0,0,0,0,0,2,2,0,2,3,2,5,6,11,62.5,54.54545454545454,57.89473684210527,2,2,0,2,3,2,5,6,11,100,100,100,0,0,0,0,0,1,0,1,1,0,0,9.090909090909092,5.555555555555555,0,0,0,0,0,1,0,1,1,1,1,1,1,0,0,2,2,4,0,1,1,1,0,0,1,2,3,50,100,75,0,0,0,0,0,0,0,0,0,1,1,1,0,0,0,2,1,3,0,0,0,0,0,0,0,0,0,0,0,0,0,0,0,0,9,0,9,0,9,uuid:8062f2cf-f86a-4d69-a663-f4fdf460b7b8,7-126-602-FA,2685538,uuid:8062f2cf-f86a-4d69-a663-f4fdf460b7b8
30 août 2026 21:04:41,30 août 2026 20:34:06,30 août 2026 20:48:11,eb36cf15beea617e,,,+243110638655507,posaf2026,839,13.983333333333333,,,https://posaf.surveycto.com/view/submission-attachment/?uuid=uuid%3Ae829c1f8-46f8-4a89-89e9-ad8800134841&file=TA_e829c1f8-46f8-4a89-89e9-ad8800134841.csv,30 août 2026,20:34:10,4,Jacques KABIDU,7,sk Sud Kivu,126,sk Kabare,603,sk Mushweshwe Centre Hospitalier,7-126-603,7-126-603-FA,,,,,mois_7,an2026,0,0,2,1,7,4,9,5,14,7,4,11,78.57142857142857,2,1,3,5,26,11,31,17,48,2,1,3,5,26,11,31,17,48,100,100,100,100,100,100,100,100,100,0,0,0,0,0,0,0,0,0,0,1,1,1,1,2,3,3.225806451612903,11.76470588235294,6.25,0,0,0,1,1,1,1,2,3,100,100,100,0,0,2,1,7,4,9,5,14,0,29.03225806451613,29.411764705882355,29.166666666666668,0,0,2,1,7,4,9,5,14,2,1,3,5,0,0,5,6,11,2,1,3,5,0,0,5,6,11,100,100,100,0,0,2,1,7,4,9,5,14,2,1,3,4,0,0,5,5,10,2,1,3,4,0,0,5,5,10,100,100,100,0,0,0,0,4,4,4,4,8,uuid:e829c1f8-46f8-4a89-89e9-ad8800134841,7-126-603-FA,2685538,uuid:e829c1f8-46f8-4a89-89e9-ad8800134841
31 août 2026 02:36:07,31 août 2026 02:14:57,31 août 2026 02:35:32,dd018674953a4e8a,,,,posaf2026,1226,20.433333333333334,,,https://posaf.surveycto.com/view/submission-attachment/?uuid=uuid%3Ac077d39c-76ac-4169-9f09-b70c82af97e9&file=TA_c077d39c-76ac-4169-9f09-b70c82af97e9.csv,31 août 2026,02:15:14,4,Jean Bosco MUYUMBA NGOZI,9,tn Tanganyika,171,tn Kalemie,779,tn Mpemba Centre de Santé,9-171-779,9-171-779-FA,-5.8862316,29.2051727,833.7,4.8,mois_7,an2026,0,0,1,0,7,6,8,6,14,1,0,1,7.142857142857142,4,3,7,4,0,0,11,7,18,4,3,7,4,0,0,11,7,18,100,100,100,100,,,100,100,100,0,0,0,0,0,0,0,0,0,0,0,0,0,0,0,0,0,0,0,0,0,0,0,0,0,0,0,0,,,,0,0,0,0,0,0,0,0,0,0,0,0,0,0,0,0,0,0,0,0,0,0,4,3,7,4,0,0,11,7,18,4,3,7,4,0,0,11,7,18,100,100,100,0,0,0,0,0,0,0,0,0,0,0,0,0,0,0,0,0,0,0,0,0,0,14,12,14,12,26,Infinity,Infinity,Infinity,0,0,0,0,0,0,0,0,0,uuid:c077d39c-76ac-4169-9f09-b70c82af97e9,9-171-779-FA,2685538,uuid:c077d39c-76ac-4169-9f09-b70c82af97e9
31 août 2026 04:37:04,31 août 2026 04:27:41,31 août 2026 04:36:54,dd018674953a4e8a,,,,posaf2026,550,9.166666666666666,,,https://posaf.surveycto.com/view/submission-attachment/?uuid=uuid%3Aa98e683a-5519-4171-9db3-11ebfeed4da8&file=TA_a98e683a-5519-4171-9db3-11ebfeed4da8.csv,31 août 2026,04:27:59,4,Jean Bosco MUYUMBA NGOZI,9,tn Tanganyika,171,tn Kalemie,783,tn Tembwe Centre de Santé,9-171-783,9-171-783-FA,-5.8862767,29.2051117,795.8,4.6,mois_7,an2026,1,0,1,0,0,1,2,1,3,2,1,3,100,1,0,1,0,0,1,2,1,3,1,0,1,0,0,1,2,1,3,100,,100,,,100,100,100,100,2,1,0,0,2,1,3,0,0,0,0,0,0,0,0,0,0,0,0,0,0,0,0,0,0,0,0,0,,,,0,0,0,0,0,0,0,0,0,0,0,0,0,0,0,0,0,0,0,0,0,0,0,0,0,0,0,0,0,0,0,0,0,0,0,0,0,0,0,0,,,,0,0,0,0,0,0,0,0,0,0,0,0,0,0,0,0,0,0,0,0,0,0,0,0,0,0,0,,,,0,0,0,0,0,0,0,0,0,uuid:a98e683a-5519-4171-9db3-11ebfeed4da8,9-171-783-FA,2685538,uuid:a98e683a-5519-4171-9db3-11ebfeed4da8
31 août 2026 07:19:36,31 août 2026 07:12:07,31 août 2026 07:19:27,dd018674953a4e8a,,,,posaf2026,440,7.333333333333333,,,https://posaf.surveycto.com/view/submission-attachment/?uuid=uuid%3Aaf928894-0ae6-4521-b464-92b50d209486&file=TA_af928894-0ae6-4521-b464-92b50d209486.csv,31 août 2026,07:12:17,4,Jean Bosco MUYUMBA NGOZI,9,tn Tanganyika,171,tn Kalemie,780,tn Muchungaji Mwema Centre de Santé,9-171-780,9-171-780-FA,-5.9220853,29.1906918,772.3,4.0,mois_7,an2026,1,0,1,0,3,0,5,0,5,4,0,4,80,0,0,2,3,0,0,2,3,5,0,0,2,3,0,0,2,3,5,,,100,100,,,100,100,100,0,0,0,0,0,0,0,0,0,0,0,0,0,0,0,0,0,0,0,0,0,0,0,0,0,0,0,0,,,,0,0,0,0,0,0,0,0,0,,0,0,0,0,0,0,0,0,0,0,0,0,0,0,2,3,0,0,2,3,5,0,0,2,3,0,0,2,3,5,100,100,100,0,0,0,0,0,0,0,0,0,0,0,0,0,0,0,0,0,0,0,0,0,0,0,0,0,0,0,,,,0,0,0,0,0,0,0,0,0,uuid:af928894-0ae6-4521-b464-92b50d209486,9-171-780-FA,2685538,uuid:af928894-0ae6-4521-b464-92b50d209486
31 août 2026 07:41:19,31 août 2026 07:36:45,31 août 2026 07:41:12,dd018674953a4e8a,,,,posaf2026,267,4.45,,,https://posaf.surveycto.com/view/submission-attachment/?uuid=uuid%3A4be34250-7ece-446b-9872-13ab7e7a0ab1&file=TA_4be34250-7ece-446b-9872-13ab7e7a0ab1.csv,31 août 2026,07:36:49,4,Jean Bosco MUYUMBA NGOZI,9,tn Tanganyika,171,tn Kalemie,781,tn Mulange Centre de Santé,9-171-781,9-171-781-FA,-5.9221245,29.1907176,772.3,4.7,mois_7,an2026,0,0,0,0,17,7,17,7,24,17,7,24,100,0,0,0,0,0,0,0,0,0,0,0,0,0,0,0,0,0,0,,,,,,,,,,0,0,0,0,0,0,0,0,0,0,0,0,0,0,0,0,,,,0,0,0,0,0,0,0,0,0,,,,0,0,0,0,0,0,0,0,0,,,,,0,0,0,0,0,0,0,0,0,0,0,0,0,0,0,0,0,0,0,0,0,0,0,0,0,0,0,,,,0,0,0,0,0,0,0,0,0,0,0,0,0,0,0,0,0,0,0,0,0,0,0,0,0,0,0,,,,0,0,0,0,0,0,0,0,0,uuid:4be34250-7ece-446b-9872-13ab7e7a0ab1,9-171-781-FA,2685538,uuid:4be34250-7ece-446b-9872-13ab7e7a0ab1
31 août 2026 08:41:06,27 août 2026 12:40:23,27 août 2026 13:16:39,d9af718f0321a576,,,,posaf2026,1836,30.6,,,https://posaf.surveycto.com/view/submission-attachment/?uuid=uuid%3Add79fa4a-d33a-447c-bf53-af991f181a99&file=TA_dd79fa4a-d33a-447c-bf53-af991f181a99.csv,27 août 2026,12:40:33,4,Ambroise,7,sk Sud Kivu,120,sk Bagira,578,sk Mulezi Centre de Santé,7-120-578,7-120-578-FA,,,,,mois_7,an2026,1,1,0,0,3,5,4,6,10,4,3,7,70,5,4,3,6,4,5,12,15,27,5,4,2,1,3,2,10,7,17,100,100,66.66666666666666,16.666666666666664,75,40,83.33333333333334,46.666666666666664,62.96296296296296,0,0,0,0,0,0,0,4,3,1,0,2,2,7,5,12,58.333333333333336,33.33333333333333,44.44444444444444,4,3,0,0,2,2,6,5,11,85.71428571428571,100,91.66666666666666,0,0,0,0,1,0,1,0,1,0,10,0,5.88235294117647,0,0,0,0,0,0,0,0,0,4,3,0,1,0,0,4,4,8,4,3,0,0,0,0,4,3,7,100,75,87.5,0,0,0,0,0,0,0,0,0,4,3,0,0,0,0,4,3,7,0,0,0,0,0,0,0,0,0,0,0,0,0,0,0,0,0,0,0,0,0,uuid:dd79fa4a-d33a-447c-bf53-af991f181a99,7-120-578-FA,2685538,uuid:dd79fa4a-d33a-447c-bf53-af991f181a99
31 août 2026 08:41:06,14 août 2026 11:23:57,27 août 2026 12:40:01,d9af718f0321a576,,,,posaf2026,1905,31.75,,,https://posaf.surveycto.com/view/submission-attachment/?uuid=uuid%3Aa7e1bdf4-83a2-432d-adbf-b5c575781281&file=TA_a7e1bdf4-83a2-432d-adbf-b5c575781281.csv,27 août 2026,10:11:18,4,Ambroise,7,sk Sud Kivu,120,sk Bagira,577,sk Burhiba Centre Hospitalier,7-120-577,7-120-577-FA,,,,,mois_7,an2026,1,0,0,0,3,2,4,2,6,4,2,6,100,2,1,0,0,2,3,4,4,8,2,1,0,0,2,0,4,1,5,100,100,,,100,0,100,25,62.5,0,0,0,0,0,0,0,1,0,0,0,2,0,3,0,3,75,0,37.5,0,0,0,0,0,0,0,0,0,0,,0,1,0,0,0,0,0,1,0,1,50,25,0,20,1,0,0,0,0,0,1,0,1,2,0,0,0,0,0,2,0,2,1,0,0,0,0,0,1,0,1,50,,50,0,0,0,0,0,0,0,0,0,0,0,0,0,0,0,0,0,0,3,2,1,2,0,0,4,4,8,Infinity,Infinity,Infinity,0,0,0,0,4,1,4,1,5,uuid:a7e1bdf4-83a2-432d-adbf-b5c575781281,7-120-577-FA,2685538,uuid:a7e1bdf4-83a2-432d-adbf-b5c575781281
31 août 2026 09:55:01,20 août 2026 09:24:52,20 août 2026 10:00:09,76b9db24c22a69f8,,,,posaf2026,1703,28.383333333333333,,,https://posaf.surveycto.com/view/submission-attachment/?uuid=uuid%3A76bfe88a-40ce-466d-a848-ec24ba2a6968&file=TA_76bfe88a-40ce-466d-a848-ec24ba2a6968.csv,20 août 2026,09:26:12,1,SULU TSHIANGA FRANÇOIS,6,lm Lomami,106,lm Kalenda,489,lm Kalenda Hôpital Général de Référence,6-106-489,6-106-489-FA,,,,,mois_6,an2026,0,0,0,0,0,0,0,0,0,0,0,0,,0,0,0,0,0,0,0,0,0,0,0,0,0,0,0,0,0,0,,,,,,,,,,0,0,0,0,0,0,0,0,0,0,0,0,0,0,0,0,,,,0,0,0,0,0,0,0,0,0,,,,0,0,0,0,0,0,0,0,0,,,,,0,0,0,0,0,0,0,0,0,0,0,0,0,0,0,0,0,0,0,0,0,0,0,0,0,0,0,,,,0,0,0,0,0,0,0,0,0,0,0,0,0,0,0,0,0,0,0,0,0,0,0,0,0,0,0,,,,0,0,0,0,0,0,0,0,0,uuid:76bfe88a-40ce-466d-a848-ec24ba2a6968,6-106-489-FA,2685538,uuid:76bfe88a-40ce-466d-a848-ec24ba2a6968
31 août 2026 09:55:02,20 août 2026 10:00:13,20 août 2026 10:03:07,76b9db24c22a69f8,,,,posaf2026,174,2.9,,,https://posaf.surveycto.com/view/submission-attachment/?uuid=uuid%3Ac943b4ca-917e-4b3c-96d6-8ac3f5b9c3cc&file=TA_c943b4ca-917e-4b3c-96d6-8ac3f5b9c3cc.csv,20 août 2026,10:00:25,1,SULU TSHIANGA FRANÇOIS,6,lm Lomami,106,lm Kalenda,489,lm Kalenda Hôpital Général de Référence,6-106-489,6-106-489-FA,,,,,mois_7,an2026,0,0,0,0,0,0,0,0,0,0,0,0,,0,0,0,0,0,0,0,0,0,0,0,0,0,0,0,0,0,0,,,,,,,,,,0,0,0,0,0,0,0,0,0,0,0,0,0,0,0,0,,,,0,0,0,0,0,0,0,0,0,,,,0,0,0,0,0,0,0,0,0,,,,,0,0,0,0,0,0,0,0,0,0,0,0,0,0,0,0,0,0,0,0,0,0,0,0,0,0,0,,,,0,0,0,0,0,0,0,0,0,0,0,0,0,0,0,0,0,0,0,0,0,0,0,0,0,0,0,,,,0,0,0,0,0,0,0,0,0,uuid:c943b4ca-917e-4b3c-96d6-8ac3f5b9c3cc,6-106-489-FA,2685538,uuid:c943b4ca-917e-4b3c-96d6-8ac3f5b9c3cc
31 août 2026 09:55:03,24 août 2026 12:52:22,25 août 2026 10:39:52,76b9db24c22a69f8,,,,posaf2026,2906,48.43333333333333,,,https://posaf.surveycto.com/view/submission-attachment/?uuid=uuid%3Ac70203b5-ebcb-4f78-8894-05ea4af18d63&file=TA_c70203b5-ebcb-4f78-8894-05ea4af18d63.csv,24 juin 2026,12:52:40,1,SULU TSHIANGA FRANÇOIS,6,lm Lomami,106,lm Kalenda,489,lm Kalenda Hôpital Général de Référence,6-106-489,6-106-489-FA,-7.1052342,23.5709492,806.4,4.9,mois_6,an2026,0,0,0,0,1,3,1,3,4,1,3,4,100,3,5,4,4,8,10,15,19,34,3,4,4,4,8,10,15,18,33,100,80,100,100,100,100,100,94.73684210526315,97.05882352941177,0,0,0,0,0,0,0,3,2,3,4,3,5,9,11,20,60,57.89473684210527,58.82352941176471,3,2,3,4,3,5,9,11,20,100,100,100,0,0,0,0,1,0,1,0,1,0,6.666666666666667,0,3.0303030303030303,0,0,0,0,1,0,1,0,1,0,0,2,4,0,0,2,4,6,0,0,2,4,0,0,2,4,6,100,100,100,0,0,0,0,1,0,1,0,1,0,0,1,2,0,0,1,2,3,0,0,1,2,0,0,1,2,3,100,100,100,0,0,0,0,1,3,1,3,4,uuid:c70203b5-ebcb-4f78-8894-05ea4af18d63,6-106-489-FA,2685538,uuid:c70203b5-ebcb-4f78-8894-05ea4af18d63
31 août 2026 09:55:03,25 août 2026 10:49:05,25 août 2026 11:12:08,76b9db24c22a69f8,,,,posaf2026,1383,23.05,,,https://posaf.surveycto.com/view/submission-attachment/?uuid=uuid%3Addcb6de9-5eb8-43e5-a43f-69a196117690&file=TA_ddcb6de9-5eb8-43e5-a43f-69a196117690.csv,25 juil. 2026,10:49:22,1,SULU TSHIANGA FRANÇOIS,6,lm Lomami,106,lm Kalenda,489,lm Kalenda Hôpital Général de Référence,6-106-489,6-106-489-FA,-7.1051941,23.5708579,817.0,4.5,mois_7,an2026,0,0,0,0,1,1,1,1,2,1,1,2,100,2,3,3,3,5,2,10,8,18,2,3,3,3,5,2,10,8,18,100,100,100,100,100,100,100,100,100,0,0,0,0,0,0,0,0,2,2,1,3,1,5,4,9,50,50,50,0,2,1,1,3,1,4,4,8,80,100,88.88888888888889,0,0,1,1,4,0,5,1,6,0,50,12.5,33.33333333333333,0,0,1,1,4,0,5,1,6,2,3,0,0,0,0,2,3,5,2,3,0,0,0,0,2,3,5,100,100,100,0,0,0,0,2,0,2,0,2,2,3,0,0,0,0,2,3,5,4,2,0,0,0,0,4,2,6,200,66.66666666666666,120,0,0,0,0,3,0,3,0,3,uuid:ddcb6de9-5eb8-43e5-a43f-69a196117690,6-106-489-FA,2685538,uuid:ddcb6de9-5eb8-43e5-a43f-69a196117690
31 août 2026 11:38:17,25 août 2026 14:21:16,31 août 2026 11:37:57,a4778e3c9c6ef3b4,,,,posaf2026,3148,52.46666666666667,,,https://posaf.surveycto.com/view/submission-attachment/?uuid=uuid%3A410022e4-6cd1-441b-9b98-fa4a7b816d11&file=TA_410022e4-6cd1-441b-9b98-fa4a7b816d11.csv,25 août 2026,14:22:42,4,Alain BAGUMA,7,sk Sud Kivu,142,sk Mubumbano,647,sk Kakono Centre de Santé,7-142-647,7-142-647-FA,,,,,mois_7,an2026,0,0,0,0,2,1,2,1,3,2,1,3,100,1,0,0,0,9,6,10,6,16,0,0,0,0,4,2,4,2,6,0,,,,44.44444444444444,33.33333333333333,40,33.33333333333333,37.5,0,0,3,2,3,2,5,0,0,0,0,0,0,0,0,0,0,0,0,0,0,0,0,0,0,0,0,0,,,,0,0,0,0,3,0,3,0,3,,75,0,50,0,0,0,0,0,0,0,0,0,0,0,0,0,0,0,0,0,0,0,0,0,0,0,0,0,0,0,,,,0,0,0,0,3,0,3,0,3,0,0,0,0,0,0,0,0,0,0,0,0,0,0,0,0,0,0,,,,0,0,0,0,2,0,2,0,2,uuid:410022e4-6cd1-441b-9b98-fa4a7b816d11,7-142-647-FA,2685538,uuid:410022e4-6cd1-441b-9b98-fa4a7b816d11
31 août 2026 12:10:07,31 août 2026 11:44:17,31 août 2026 12:09:47,099faf1e3ca78191,,,,posaf2026,1463,24.383333333333333,,,https://posaf.surveycto.com/view/submission-attachment/?uuid=uuid%3A462d0aef-21e9-46ae-b2c1-6eb9d2719497&file=TA_462d0aef-21e9-46ae-b2c1-6eb9d2719497.csv,31 août 2026,11:44:30,4,MUDERHWA KAGUGE BEXI,7,sk Sud Kivu,147,sk Nyangezi,9057,BUSHIGI,7-147-9057,7-147-9057-FA,,,,,mois_7,an2026,0,0,0,0,0,2,0,2,2,0,2,2,100,1,1,0,0,0,0,1,1,2,0,0,0,0,0,0,0,0,0,0,0,,,,,0,0,0,0,0,0,0,0,0,0,0,0,0,0,0,0,0,0,0,0,0,0,0,0,0,0,0,0,0,0,0,,,,0,0,0,0,0,0,0,0,0,,,,,0,0,0,0,0,0,0,0,0,0,0,0,0,0,0,0,0,0,0,0,0,0,0,0,0,0,0,,,,0,0,0,0,0,0,0,0,0,0,0,0,0,0,0,0,0,0,0,0,0,0,0,0,0,0,0,,,,0,0,0,0,0,0,0,0,0,uuid:462d0aef-21e9-46ae-b2c1-6eb9d2719497,7-147-9057-FA,2685538,uuid:462d0aef-21e9-46ae-b2c1-6eb9d2719497
31 août 2026 12:26:42,31 août 2026 12:10:34,31 août 2026 12:26:19,099faf1e3ca78191,,,,posaf2026,885,14.75,,,https://posaf.surveycto.com/view/submission-attachment/?uuid=uuid%3A749552df-0fe0-44d8-8d07-471d0652cafe&file=TA_749552df-0fe0-44d8-8d07-471d0652cafe.csv,31 août 2026,12:10:43,4,MUDERHWA KAGUGE BEXI,7,sk Sud Kivu,147,sk Nyangezi,662,sk Kashenyi Centre de Santé,7-147-662,7-147-662-FA,,,,,mois_7,an2026,0,0,0,0,1,0,1,0,1,1,0,1,100,1,2,0,0,0,0,1,2,3,1,2,0,0,0,0,1,2,3,100,100,,,,,100,100,100,0,0,0,0,0,0,0,0,0,0,0,0,0,0,0,0,0,0,0,0,0,0,0,0,0,0,0,0,,,,0,0,0,0,0,0,0,0,0,0,0,0,0,0,0,0,0,0,0,0,0,0,1,1,0,0,0,0,1,1,2,0,0,0,0,0,0,0,0,0,0,0,0,0,0,0,0,0,0,0,0,0,0,0,0,0,0,0,0,0,0,0,0,0,0,0,0,0,0,0,,,,0,0,0,0,1,1,1,1,2,uuid:749552df-0fe0-44d8-8d07-471d0652cafe,7-147-662-FA,2685538,uuid:749552df-0fe0-44d8-8d07-471d0652cafe
31 août 2026 13:00:50,31 août 2026 12:27:35,31 août 2026 13:00:37,099faf1e3ca78191,,,,posaf2026,1880,31.333333333333332,,,https://posaf.surveycto.com/view/submission-attachment/?uuid=uuid%3Aa3aa36bf-5084-4281-bb61-45dde79b4eea&file=TA_a3aa36bf-5084-4281-bb61-45dde79b4eea.csv,31 août 2026,12:28:00,4,MUDERHWA KAGUGE BEXI,7,sk Sud Kivu,147,sk Nyangezi,664,sk Saint Joseph/Kamanyola Hôpital,7-147-664,7-147-664-FA,,,,,mois_7,an2026,1,0,0,0,2,0,3,0,3,0,0,0,0,0,0,0,0,0,0,0,0,0,0,0,0,0,0,0,0,0,0,,,,,,,,,,0,0,0,0,0,0,0,0,0,0,0,0,0,0,0,0,,,,0,0,0,0,0,0,0,0,0,,,,0,0,0,0,0,0,0,0,0,,,,,0,0,0,0,0,0,0,0,0,0,0,0,0,0,0,0,0,0,0,0,0,0,0,0,0,0,0,,,,0,0,0,0,0,0,0,0,0,0,0,0,0,0,0,0,0,0,0,0,0,0,0,0,0,0,0,,,,0,0,0,0,2,0,2,0,2,uuid:a3aa36bf-5084-4281-bb61-45dde79b4eea,7-147-664-FA,2685538,uuid:a3aa36bf-5084-4281-bb61-45dde79b4eea
31 août 2026 13:02:01,31 août 2026 12:41:05,31 août 2026 13:01:19,c70a931539d0c17f,,,,posaf2026,1215,20.25,,,https://posaf.surveycto.com/view/submission-attachment/?uuid=uuid%3Aab4ed3cd-9578-4127-932d-d4aa4ae389f0&file=TA_ab4ed3cd-9578-4127-932d-d4aa4ae389f0.csv,31 août 2026,12:41:12,4,Camille NKUNDU MUANABUTE,6,lm Lomami,108,lm Kamana,505,lm Kamana Hôpital Général de Référence,6-108-505,6-108-505-FA,,,,,mois_7,an2026,1,0,0,4,0,1,1,5,6,0,0,0,0,0,0,0,0,0,0,0,0,0,0,0,0,0,0,0,0,0,0,,,,,,,,,,0,0,0,0,0,0,0,0,0,0,0,0,0,0,0,0,,,,0,0,0,0,0,0,0,0,0,,,,0,0,0,0,0,0,0,0,0,,,,,0,0,0,0,0,0,0,0,0,0,0,0,0,0,0,0,0,0,0,0,0,0,0,0,0,0,0,,,,0,0,0,0,0,0,0,0,0,0,0,0,0,0,0,0,0,0,0,0,0,0,0,0,0,0,0,,,,0,0,0,0,0,0,0,0,0,uuid:ab4ed3cd-9578-4127-932d-d4aa4ae389f0,6-108-505-FA,2685538,uuid:ab4ed3cd-9578-4127-932d-d4aa4ae389f0
31 août 2026 13:09:18,31 août 2026 12:50:03,31 août 2026 13:08:36,b29fe4d936f74a14,,,,posaf2026,1112,18.533333333333335,,,https://posaf.surveycto.com/view/submission-attachment/?uuid=uuid%3A9b694c16-68ec-4242-8a2a-20876daa788d&file=TA_9b694c16-68ec-4242-8a2a-20876daa788d.csv,31 août 2026,12:50:46,1,Ngoy TSHIBANGU,6,lm Lomami,119,lm Wikong,574,lm Tshipond Centre de Santé,6-119-574,6-119-574-FA,-7.797241,23.3786826,980.0,1.1,mois_6,an2026,0,0,0,0,2,2,2,2,4,2,2,4,100,1,2,1,1,11,14,13,17,30,1,2,1,1,11,14,13,17,30,100,100,100,100,100,100,100,100,100,0,0,2,2,2,2,4,1,1,1,1,6,5,8,7,15,61.53846153846154,41.17647058823529,50,1,1,1,1,6,5,8,7,15,100,100,100,0,0,0,0,1,2,1,2,3,0,7.6923076923076925,11.76470588235294,10,0,0,0,0,1,2,1,2,3,1,2,0,0,0,0,1,2,3,1,2,0,0,0,0,1,2,3,100,100,100,0,0,0,0,1,2,1,2,3,1,2,0,0,0,0,1,2,3,1,2,0,0,0,0,1,2,3,100,100,100,0,0,0,0,1,1,1,1,2,uuid:9b694c16-68ec-4242-8a2a-20876daa788d,6-119-574-FA,2685538,uuid:9b694c16-68ec-4242-8a2a-20876daa788d
31 août 2026 13:15:58,31 août 2026 11:23:58,31 août 2026 13:15:34,ab35c75ca7d24690,,,,posaf2026,6009,100.15,,,https://posaf.surveycto.com/view/submission-attachment/?uuid=uuid%3A7aedd791-5ef5-49cc-b20c-1207db3103ae&file=TA_7aedd791-5ef5-49cc-b20c-1207db3103ae.csv,31 août 2026,11:24:25,4,MUTEGI DELPHIN,7,sk Sud Kivu,145,sk Mwenga,657,sk Mwenga Hôpital Général de Référence,7-145-657,7-145-657-FA,-3.03738,28.4170517,1368.9,4.7,mois_7,an2026,0,0,0,0,9,2,9,2,11,9,2,11,100,9,11,13,7,11,9,33,27,60,9,11,11,7,11,9,31,27,58,100,100,84.61538461538461,100,100,100,93.93939393939394,100,96.66666666666667,0,0,0,0,0,0,0,9,11,11,3,11,3,31,17,48,93.93939393939394,62.96296296296296,80,9,11,11,3,11,3,31,17,48,100,100,100,0,0,0,0,9,3,9,3,12,0,29.03225806451613,11.11111111111111,20.689655172413794,0,0,0,0,9,3,9,3,12,0,0,3,7,0,0,3,7,10,0,0,3,7,0,0,3,7,10,100,100,100,0,0,0,0,9,3,9,3,12,0,0,0,0,0,0,0,0,0,0,0,3,7,0,0,3,7,10,Infinity,Infinity,Infinity,0,0,0,0,1,2,1,2,3,uuid:7aedd791-5ef5-49cc-b20c-1207db3103ae,7-145-657-FA,2685538,uuid:7aedd791-5ef5-49cc-b20c-1207db3103ae
31 août 2026 13:43:18,31 août 2026 13:09:50,31 août 2026 13:42:19,b29fe4d936f74a14,,,,posaf2026,1949,32.483333333333334,,,https://posaf.surveycto.com/view/submission-attachment/?uuid=uuid%3Ae832d672-8445-438c-8da7-abae433444b6&file=TA_e832d672-8445-438c-8da7-abae433444b6.csv,31 août 2026,13:09:15,4,KATEM KAPEND,6,lm Lomami,119,lm Wikong,574,lm Tshipond Centre de Santé,6-119-574,6-119-574-FA,-7.7973012,23.3789318,965.7,1.4,mois_7,an2026,0,0,0,1,2,1,2,2,4,2,2,4,100,2,2,1,1,10,14,13,17,30,2,2,1,1,10,14,13,17,30,100,100,100,100,100,100,100,100,100,0,0,13,17,13,17,30,1,0,1,1,6,5,8,6,14,61.53846153846154,35.294117647058826,46.666666666666664,1,0,1,1,6,5,8,6,14,100,100,100,0,0,0,0,2,1,2,1,3,0,15.384615384615385,5.88235294117647,10,0,0,0,0,2,1,2,1,3,2,2,0,0,0,0,2,2,4,2,2,0,0,0,0,2,2,4,100,100,100,0,0,0,0,2,1,2,1,3,2,2,0,0,0,0,2,2,4,2,2,0,0,0,0,2,2,4,100,100,100,0,0,0,0,1,1,1,1,2,uuid:e832d672-8445-438c-8da7-abae433444b6,6-119-574-FA,2685538,uuid:e832d672-8445-438c-8da7-abae433444b6
31 août 2026 13:59:34,31 août 2026 13:37:34,31 août 2026 13:59:12,c70a931539d0c17f,,,,posaf2026,1270,21.166666666666668,,,https://posaf.surveycto.com/view/submission-attachment/?uuid=uuid%3A9a761499-1fbc-47ec-a033-154ea5c24ac9&file=TA_9a761499-1fbc-47ec-a033-154ea5c24ac9.csv,31 août 2026,13:37:40,4,CAMILLE NKUNDU MUANA BUTE,6,lm Lomami,108,lm Kamana,506,lm Kasonguele Centre de Santé,6-108-506,6-108-506-FA,,,,,mois_6,an2026,0,0,0,0,0,0,0,0,0,0,0,0,,0,0,0,0,0,0,0,0,0,0,0,0,0,0,0,0,0,0,,,,,,,,,,0,0,0,0,0,0,0,0,0,0,0,0,0,0,0,0,,,,0,0,0,0,0,0,0,0,0,,,,0,0,0,0,0,0,0,0,0,,,,,0,0,0,0,0,0,0,0,0,0,0,0,0,0,0,0,0,0,0,0,0,0,0,0,0,0,0,,,,0,0,0,0,0,0,0,0,0,0,0,0,0,0,0,0,0,0,0,0,0,0,0,0,0,0,0,,,,0,0,0,0,2,2,2,2,4,uuid:9a761499-1fbc-47ec-a033-154ea5c24ac9,6-108-506-FA,2685538,uuid:9a761499-1fbc-47ec-a033-154ea5c24ac9
31 août 2026 14:03:53,31 août 2026 13:44:55,31 août 2026 14:03:39,b29fe4d936f74a14,,,,posaf2026,1125,18.75,,,https://posaf.surveycto.com/view/submission-attachment/?uuid=uuid%3A5dd36860-1945-4574-884c-275dc1d03424&file=TA_5dd36860-1945-4574-884c-275dc1d03424.csv,31 août 2026,13:45:18,1,MUSAS KAZAD,6,lm Lomami,119,lm Wikong,573,lm Tshiaut Centre de Santé,6-119-573,6-119-573-FA,-7.7971485,23.3786368,1007.5,1.1,mois_6,an2026,0,0,0,0,2,3,2,3,5,2,3,5,100,0,0,0,0,2,1,2,1,3,0,0,0,0,2,1,2,1,3,,,,,100,100,100,100,100,0,0,1,1,1,1,2,0,0,0,0,1,1,1,1,2,50,100,66.66666666666666,0,0,0,0,0,1,0,1,1,0,100,50,0,0,0,0,2,1,2,1,3,,100,100,100,0,0,0,0,0,0,0,0,0,0,0,0,0,0,0,0,0,0,0,0,0,0,0,0,0,0,0,,,,0,0,0,0,0,0,0,0,0,0,0,0,0,0,0,0,0,0,0,1,1,0,0,0,1,1,2,Infinity,Infinity,Infinity,0,0,0,0,2,3,2,3,5,uuid:5dd36860-1945-4574-884c-275dc1d03424,6-119-573-FA,2685538,uuid:5dd36860-1945-4574-884c-275dc1d03424
31 août 2026 14:24:06,31 août 2026 14:12:19,31 août 2026 14:23:58,b29fe4d936f74a14,,,,posaf2026,699,11.65,,,https://posaf.surveycto.com/view/submission-attachment/?uuid=uuid%3A3a142b64-82e7-4b08-be3b-0184bd18b601&file=TA_3a142b64-82e7-4b08-be3b-0184bd18b601.csv,31 août 2026,14:12:29,1,Musas kazad,6,lm Lomami,119,lm Wikong,573,lm Tshiaut Centre de Santé,6-119-573,6-119-573-FA,-7.7975913,23.3785451,1007.6,1.2,mois_7,an2026,0,0,0,1,3,1,3,2,5,3,1,4,80,0,2,7,1,4,5,11,8,19,0,2,7,1,4,5,11,8,19,,100,100,100,100,100,100,100,100,0,0,3,2,3,2,5,0,2,7,1,2,3,9,6,15,81.81818181818183,75,78.94736842105263,0,2,7,1,1,1,8,4,12,88.88888888888889,66.66666666666666,80,0,0,0,0,0,0,0,0,0,,0,0,0,0,0,0,0,0,0,0,0,0,0,0,0,0,0,0,0,0,0,0,0,0,0,0,0,0,0,0,,,,0,0,0,0,0,0,0,0,0,0,0,0,0,0,0,0,0,0,0,0,0,0,0,0,0,0,0,,,,0,1,1,1,1,1,2,3,5,uuid:3a142b64-82e7-4b08-be3b-0184bd18b601,6-119-573-FA,2685538,uuid:3a142b64-82e7-4b08-be3b-0184bd18b601
31 août 2026 14:42:15,31 août 2026 14:36:42,31 août 2026 14:42:01,c70a931539d0c17f,,,,posaf2026,319,5.316666666666666,,,https://posaf.surveycto.com/view/submission-attachment/?uuid=uuid%3A4b74ee93-220a-423d-b843-20c4e8e88d5e&file=TA_4b74ee93-220a-423d-b843-20c4e8e88d5e.csv,31 août 2026,14:36:47,4,Camille NKUNDU MUANA BUTE,6,lm Lomami,108,lm Kamana,506,lm Kasonguele Centre de Santé,6-108-506,6-108-506-FA,,,,,mois_7,an2026,0,0,0,0,5,5,5,5,10,0,0,0,0,0,0,0,0,0,0,0,0,0,0,0,0,0,0,0,0,0,0,,,,,,,,,,0,0,0,0,0,0,0,0,0,0,0,0,0,0,0,0,,,,0,0,0,0,0,0,0,0,0,,,,0,0,0,0,0,0,0,0,0,,,,,0,0,0,0,0,0,0,0,0,0,0,0,0,0,0,0,0,0,0,0,0,0,0,0,0,0,0,,,,0,0,0,0,0,0,0,0,0,0,0,0,0,0,0,0,0,0,0,0,0,0,0,0,0,0,0,,,,0,0,0,0,2,1,2,1,3,uuid:4b74ee93-220a-423d-b843-20c4e8e88d5e,6-108-506-FA,2685538,uuid:4b74ee93-220a-423d-b843-20c4e8e88d5e
31 août 2026 14:42:30,21 août 2026 11:45:41,31 août 2026 06:53:30,f64f046d16287899,,,,posaf2026,781,13.016666666666667,,,https://posaf.surveycto.com/view/submission-attachment/?uuid=uuid%3A48793503-7ef5-4fe2-b9f8-fddbed60e1b8&file=TA_48793503-7ef5-4fe2-b9f8-fddbed60e1b8.csv,21 août 2026,11:45:47,1,MUKADI MULANGU GASTON,6,lm Lomami,106,lm Kalenda,492,lm Mulundu Centre de Santé,6-106-492,6-106-492-FA,-7.3454509,23.6192937,851.6,1.8,mois_7,an2026,0,0,1,1,2,2,3,3,6,3,3,6,100,6,3,12,15,20,18,38,36,74,6,3,10,11,15,13,31,27,58,100,100,83.33333333333334,73.33333333333333,75,72.22222222222221,81.57894736842105,75,78.37837837837837,0,0,0,0,0,0,0,2,2,5,6,10,11,17,19,36,44.73684210526316,52.77777777777778,48.64864864864865,2,2,5,6,10,9,17,17,34,100,89.47368421052632,94.44444444444444,0,0,0,0,2,1,2,1,3,0,6.451612903225806,3.7037037037037033,5.172413793103448,0,0,0,0,2,1,2,1,3,6,3,0,0,0,0,6,3,9,6,3,0,0,0,0,6,3,9,100,100,100,0,0,0,0,2,1,2,1,3,6,3,0,0,0,0,6,3,9,5,3,0,0,0,0,5,3,8,83.33333333333334,100,88.88888888888889,0,0,0,0,4,2,4,2,6,uuid:48793503-7ef5-4fe2-b9f8-fddbed60e1b8,6-106-492-FA,2685538,uuid:48793503-7ef5-4fe2-b9f8-fddbed60e1b8
31 août 2026 14:52:24,31 août 2026 14:07:40,31 août 2026 14:52:09,9323093040953616,,,,posaf2026,1579,26.316666666666666,,,https://posaf.surveycto.com/view/submission-attachment/?uuid=uuid%3A3ae9d542-5430-4efa-9625-0f8baee15854&file=TA_3ae9d542-5430-4efa-9625-0f8baee15854.csv,31 août 2026,14:07:44,4,Micheline MBELE,6,lm Lomami,107,lm Kalonda Est,498,lm Kasamba Centre de Santé,6-107-498,6-107-498-FA,-6.6186338,25.1762719,859.1,22.3,mois_7,an2026,0,0,0,1,1,2,1,3,4,1,2,3,75,2,4,8,10,34,38,44,52,96,2,4,8,10,34,38,44,52,96,100,100,100,100,100,100,100,100,100,0,0,3,5,3,5,8,2,4,8,10,34,38,44,52,96,100,100,100,2,4,8,10,34,38,44,52,96,100,100,100,0,0,0,1,0,1,0,2,2,0,0,3.8461538461538463,2.083333333333333,0,0,0,1,0,1,0,2,2,2,4,0,0,0,0,2,4,6,2,4,0,0,0,0,2,4,6,100,100,100,0,0,0,1,0,1,0,2,2,2,4,0,0,0,0,2,4,6,4,4,0,0,0,0,4,4,8,200,100,133.33333333333331,0,0,0,0,1,2,1,2,3,uuid:3ae9d542-5430-4efa-9625-0f8baee15854,6-107-498-FA,2685538,uuid:3ae9d542-5430-4efa-9625-0f8baee15854
31 août 2026 14:57:11,31 août 2026 14:30:21,31 août 2026 14:56:35,b29fe4d936f74a14,,,,posaf2026,1574,26.233333333333334,,,https://posaf.surveycto.com/view/submission-attachment/?uuid=uuid%3Add3bfaf1-87b1-49b1-8b17-e7af78f2ebc0&file=TA_dd3bfaf1-87b1-49b1-8b17-e7af78f2ebc0.csv,30 juin 2026,14:31:45,1,Muzad KABAMB RENE,6,lm Lomami,119,lm Wikong,571,lm Kanintshin Centre de Santé,6-119-571,6-119-571-FA,-7.7972405,23.378619,1123.5,2.9,mois_6,an2026,0,0,1,0,2,4,3,4,7,3,4,7,100,2,6,6,5,7,7,15,18,33,2,6,6,5,7,7,15,18,33,100,100,100,100,100,100,100,100,100,0,0,15,18,15,18,33,2,6,6,3,7,7,15,16,31,100,88.88888888888889,93.93939393939394,2,6,6,2,7,7,15,15,30,100,93.75,96.7741935483871,0,0,0,0,2,2,2,2,4,0,13.333333333333334,11.11111111111111,12.121212121212121,0,0,0,0,2,2,2,2,4,2,1,1,1,0,0,3,2,5,1,1,1,1,0,0,2,2,4,66.66666666666666,100,80,0,0,0,0,2,1,2,1,3,2,1,1,1,0,0,3,2,5,3,5,1,1,0,0,4,6,10,133.33333333333331,300,200,0,0,0,0,3,1,3,1,4,uuid:dd3bfaf1-87b1-49b1-8b17-e7af78f2ebc0,6-119-571-FA,2685538,uuid:dd3bfaf1-87b1-49b1-8b17-e7af78f2ebc0
31 août 2026 15:09:40,31 août 2026 15:02:45,31 août 2026 15:08:32,c70a931539d0c17f,,,,posaf2026,347,5.783333333333333,,,https://posaf.surveycto.com/view/submission-attachment/?uuid=uuid%3A93ed2681-e602-4247-9ebd-b7bcb9163870&file=TA_93ed2681-e602-4247-9ebd-b7bcb9163870.csv,31 août 2026,15:02:51,4,Camille NKUNDU MUANA BUTE,6,lm Lomami,108,lm Kamana,503,lm Ebondo Kape Centre de Santé,6-108-503,6-108-503-FA,,,,,mois_6,an2026,0,0,2,0,3,5,5,5,10,0,0,0,0,0,0,0,0,0,0,0,0,0,0,0,0,0,0,0,0,0,0,,,,,,,,,,0,0,0,0,0,0,0,0,0,0,0,0,0,0,0,0,,,,0,0,0,0,0,0,0,0,0,,,,0,0,0,0,0,0,0,0,0,,,,,0,0,0,0,0,0,0,0,0,0,0,0,0,0,0,0,0,0,0,0,0,0,0,0,0,0,0,,,,0,0,0,0,0,0,0,0,0,0,0,0,0,0,0,0,0,0,0,0,0,0,0,0,0,0,0,,,,0,0,0,8,1,2,1,10,11,uuid:93ed2681-e602-4247-9ebd-b7bcb9163870,6-108-503-FA,2685538,uuid:93ed2681-e602-4247-9ebd-b7bcb9163870
31 août 2026 15:21:53,31 août 2026 15:03:23,31 août 2026 15:16:38,b29fe4d936f74a14,,,,posaf2026,795,13.25,,,https://posaf.surveycto.com/view/submission-attachment/?uuid=uuid%3A1df0b015-88ee-4ac2-a496-95f56eae88cc&file=TA_1df0b015-88ee-4ac2-a496-95f56eae88cc.csv,30 juil. 2026,15:04:14,1,MUZAD KABAMB RENE,6,lm Lomami,119,lm Wikong,571,lm Kanintshin Centre de Santé,6-119-571,6-119-571-FA,-7.7972696,23.3787035,1033.1,2.2,mois_7,an2026,0,0,0,0,4,2,4,2,6,4,2,6,100,2,3,4,3,4,5,10,11,21,2,3,4,3,4,5,10,11,21,100,100,100,100,100,100,100,100,100,0,0,10,11,10,11,21,2,3,4,3,4,5,10,11,21,100,100,100,2,3,4,3,4,5,10,11,21,100,100,100,0,0,0,0,3,0,3,0,3,0,30,0,14.285714285714285,0,0,0,0,0,0,0,0,0,1,3,1,1,0,0,2,4,6,1,3,1,1,0,0,2,4,6,100,100,100,0,0,0,0,3,0,3,0,3,1,2,1,0,0,0,2,2,4,6,4,1,0,0,0,7,4,11,350,200,275,0,0,0,0,3,1,3,1,4,uuid:1df0b015-88ee-4ac2-a496-95f56eae88cc,6-119-571-FA,2685538,uuid:1df0b015-88ee-4ac2-a496-95f56eae88cc
31 août 2026 15:36:21,31 août 2026 15:28:32,31 août 2026 15:36:09,c70a931539d0c17f,,,,posaf2026,457,7.616666666666666,,,https://posaf.surveycto.com/view/submission-attachment/?uuid=uuid%3A5e9e12de-a5e7-4b27-8a48-34e17ed4768e&file=TA_5e9e12de-a5e7-4b27-8a48-34e17ed4768e.csv,31 août 2026,15:28:36,4,Camille NKUNDU Bute,6,lm Lomami,108,lm Kamana,503,lm Ebondo Kape Centre de Santé,6-108-503,6-108-503-FA,,,,,mois_7,an2026,0,0,1,3,4,2,5,5,10,0,0,0,0,0,0,0,0,0,0,0,0,0,0,0,0,0,0,0,0,0,0,,,,,,,,,,0,0,0,0,0,0,0,0,0,0,0,0,0,0,0,0,,,,0,0,0,0,0,0,0,0,0,,,,0,0,0,0,0,0,0,0,0,,,,,0,0,0,0,0,0,0,0,0,0,0,0,0,0,0,0,0,0,0,0,0,0,0,0,0,0,0,,,,0,0,0,0,0,0,0,0,0,0,0,0,0,0,0,0,0,0,0,0,0,0,0,0,0,0,0,,,,0,0,0,0,0,0,0,0,0,uuid:5e9e12de-a5e7-4b27-8a48-34e17ed4768e,6-108-503-FA,2685538,uuid:5e9e12de-a5e7-4b27-8a48-34e17ed4768e
31 août 2026 15:59:43,31 août 2026 06:50:18,31 août 2026 15:59:22,9b3ac28d15ba9347,,,,posaf2026,3543,59.05,,,https://posaf.surveycto.com/view/submission-attachment/?uuid=uuid%3A9e429977-fb70-4770-b1ea-525a4e76511a&file=TA_9e429977-fb70-4770-b1ea-525a4e76511a.csv,31 août 2026,06:50:39,1,N,6,lm Lomami,113,lm Luputa,536,lm Luputa Hôpital Général de Référence,6-113-536,6-113-536-FA,-7.1612637,23.7136353,0.0,300.0,mois_8,an2026,0,2,0,0,0,0,0,2,2,0,2,2,100,2,3,5,1,7,6,14,10,24,2,3,5,1,7,6,14,10,24,100,100,100,100,100,100,100,100,100,0,0,0,0,0,0,0,0,0,0,0,0,0,0,0,0,0,0,0,0,0,0,0,0,0,0,0,0,,,,0,0,0,0,0,0,0,0,0,0,0,0,0,0,0,0,0,0,0,0,0,0,2,3,0,0,0,0,2,3,5,0,0,0,0,0,0,0,0,0,0,0,0,0,0,0,0,0,0,0,0,0,2,3,0,0,0,0,2,3,5,0,2,0,0,0,0,0,2,2,0,66.66666666666666,40,0,0,0,0,1,0,1,0,1,uuid:9e429977-fb70-4770-b1ea-525a4e76511a,6-113-536-FA,2685538,uuid:9e429977-fb70-4770-b1ea-525a4e76511a
31 août 2026 17:18:34,31 août 2026 12:17:01,31 août 2026 12:38:30,a4778e3c9c6ef3b4,,,,posaf2026,1289,21.483333333333334,,,https://posaf.surveycto.com/view/submission-attachment/?uuid=uuid%3A090cc652-0b32-4f3d-90b3-7f4ee6633dff&file=TA_090cc652-0b32-4f3d-90b3-7f4ee6633dff.csv,27 août 2026,12:17:36,4,Alain BAGUMA,7,sk Sud Kivu,142,sk Mubumbano,648,sk Mubumbano Hôpital Général de Référence,7-142-648,7-142-648-FA,,,,,mois_7,an2026,0,0,0,0,3,0,3,0,3,1,0,1,33.33333333333333,0,1,0,0,5,3,5,4,9,0,1,0,0,5,3,5,4,9,,100,,,100,100,100,100,100,0,0,0,0,0,0,0,0,1,0,0,5,3,5,4,9,100,100,100,0,1,0,0,5,3,5,4,9,100,100,100,0,0,0,0,0,0,0,0,0,,0,0,0,0,0,0,0,0,0,0,0,0,0,1,0,0,0,0,0,1,1,0,1,0,0,0,0,0,1,1,,100,100,0,0,0,0,0,0,0,0,0,0,1,0,0,0,0,0,1,1,0,0,0,0,0,0,0,0,0,,0,0,0,0,0,0,2,0,2,0,2,uuid:090cc652-0b32-4f3d-90b3-7f4ee6633dff,7-142-648-FA,2685538,uuid:090cc652-0b32-4f3d-90b3-7f4ee6633dff
31 août 2026 18:00:28,31 août 2026 17:38:11,31 août 2026 17:59:43,70939baa8d927143,,,,posaf2026,1180,19.666666666666668,,,https://posaf.surveycto.com/view/submission-attachment/?uuid=uuid%3Ac0aac627-a2d1-430d-9ef9-6c70233b8693&file=TA_c0aac627-a2d1-430d-9ef9-6c70233b8693.csv,31 août 2026,17:38:27,1,Katumba Katumba Landry,6,lm Lomami,110,lm Kanda Kanda,517,lm Lulamba 1 Centre de Santé,6-110-517,6-110-517-FA,-6.8485991,23.6775422,718.7,4.7,mois_8,an2026,0,0,2,1,5,3,7,4,11,6,3,9,81.81818181818183,6,6,11,4,11,8,28,18,46,6,6,11,4,11,8,28,18,46,100,100,100,100,100,100,100,100,100,0,0,0,0,0,0,0,6,6,11,4,11,8,28,18,46,100,100,100,6,6,11,4,11,8,28,18,46,100,100,100,0,0,0,0,0,0,0,0,0,0,0,0,0,0,0,0,0,0,0,0,0,0,6,6,0,0,0,0,6,6,12,6,6,0,0,0,0,6,6,12,100,100,100,0,0,0,0,0,0,0,0,0,0,0,0,0,0,0,0,0,0,0,0,0,0,0,0,0,0,0,,,,0,0,0,0,0,0,0,0,0,uuid:c0aac627-a2d1-430d-9ef9-6c70233b8693,6-110-517-FA,2685538,uuid:c0aac627-a2d1-430d-9ef9-6c70233b8693
31 août 2026 19:46:52,31 août 2026 18:17:36,31 août 2026 18:59:35,642274e73b7ba88a,,,,posaf2026,1395,23.25,,,https://posaf.surveycto.com/view/submission-attachment/?uuid=uuid%3A76a20a44-a044-4688-837a-e6224044bf0f&file=TA_76a20a44-a044-4688-837a-e6224044bf0f.csv,31 août 2026,18:17:11,1,Ilunga ngoyi innocent,6,lm Lomami,110,lm Kanda Kanda,515,lm Kamanda Kadila Centre de Santé,6-110-515,6-110-515-FA,,,,,mois_8,an2026,0,0,1,2,6,6,7,8,15,7,8,15,100,1,0,4,7,6,14,11,21,32,1,0,4,7,6,14,11,21,32,100,,100,100,100,100,100,100,100,0,0,0,0,0,0,0,1,0,4,7,6,14,11,21,32,100,100,100,1,0,4,7,6,14,11,21,32,100,100,100,0,0,0,0,0,0,0,0,0,0,0,0,0,0,0,0,0,0,0,0,0,0,1,0,4,7,0,0,5,7,12,1,0,4,7,0,0,5,7,12,100,100,100,0,0,0,0,0,0,0,0,0,1,0,4,7,0,0,5,7,12,0,0,5,4,0,0,5,4,9,100,57.14285714285714,75,0,0,0,0,7,4,7,4,11,uuid:76a20a44-a044-4688-837a-e6224044bf0f,6-110-515-FA,2685538,uuid:76a20a44-a044-4688-837a-e6224044bf0f
31 août 2026 22:32:26,31 août 2026 22:21:02,31 août 2026 22:31:11,41151210ad6612d6,,,,posaf2026,609,10.15,,,https://posaf.surveycto.com/view/submission-attachment/?uuid=uuid%3A8b2ac83a-c8a8-4284-9d6f-b74dbbd81b2a&file=TA_8b2ac83a-c8a8-4284-9d6f-b74dbbd81b2a.csv,31 août 2026,22:21:17,1,Kadishi bilamba,6,lm Lomami,106,lm Kalenda,490,lm Makena Centre de Santé,6-106-490,6-106-490-FA,-7.716559,23.4822436,979.7,1.0,mois_8,an2026,0,0,0,1,5,2,5,3,8,5,3,8,100,1,0,2,1,11,23,14,24,38,1,0,2,1,11,23,14,24,38,100,,100,100,100,100,100,100,100,0,0,0,0,0,0,0,1,0,2,1,11,23,14,24,38,100,100,100,1,0,2,1,11,23,14,24,38,100,100,100,0,0,0,1,5,2,5,3,8,0,35.714285714285715,12.5,21.052631578947366,0,0,0,1,5,2,5,3,8,0,0,0,0,0,0,0,0,0,0,0,0,0,0,0,0,0,0,,,,0,0,0,1,5,2,5,3,8,0,0,0,0,0,0,0,0,0,0,0,0,0,0,0,0,0,0,,,,0,0,1,1,5,2,6,3,9,uuid:8b2ac83a-c8a8-4284-9d6f-b74dbbd81b2a,6-106-490-FA,2685538,uuid:8b2ac83a-c8a8-4284-9d6f-b74dbbd81b2a
1 sept. 2026 07:11:01,1 sept. 2026 06:51:19,1 sept. 2026 07:00:18,f64f046d16287899,,,,posaf2026,540,9,,,https://posaf.surveycto.com/view/submission-attachment/?uuid=uuid%3A46a312bd-365b-40f1-b628-ce0414884e8e&file=TA_46a312bd-365b-40f1-b628-ce0414884e8e.csv,31 juil. 2026,14:51:04,1,MUKADI MULANGU GASTON,6,lm Lomami,106,lm Kalenda,492,lm Mulundu Centre de Santé,6-106-492,6-106-492-FA,,,,,mois_8,an2026,0,0,1,1,2,3,3,4,7,3,2,5,71.42857142857143,5,3,26,30,24,19,55,52,107,2,3,15,16,15,14,32,33,65,40,100,57.692307692307686,53.333333333333336,62.5,73.68421052631578,58.18181818181818,63.46153846153846,60.747663551401864,0,0,0,0,0,0,0,1,2,12,15,10,14,23,31,54,41.81818181818181,59.61538461538461,50.467289719626166,1,2,9,10,10,9,20,21,41,86.95652173913044,67.74193548387096,75.92592592592592,0,0,1,1,2,2,3,3,6,0,9.375,9.090909090909092,9.230769230769232,0,0,1,1,2,2,3,3,6,2,3,0,0,0,0,2,3,5,2,3,0,0,0,0,2,3,5,100,100,100,0,0,1,1,2,2,3,3,6,0,0,0,0,0,0,0,0,0,2,5,0,0,0,0,2,5,7,Infinity,Infinity,Infinity,0,0,2,2,1,1,3,3,6,uuid:46a312bd-365b-40f1-b628-ce0414884e8e,6-106-492-FA,2685538,uuid:46a312bd-365b-40f1-b628-ce0414884e8e
1 sept. 2026 07:11:02,1 sept. 2026 07:00:57,1 sept. 2026 07:10:30,f64f046d16287899,,,,posaf2026,573,9.55,,,https://posaf.surveycto.com/view/submission-attachment/?uuid=uuid%3A14d22abd-c961-4208-991f-918fac623cd5&file=TA_14d22abd-c961-4208-991f-918fac623cd5.csv,29 mai 2026,10:05:31,1,MUKADI MULANGU GASTON,6,lm Lomami,106,lm Kalenda,492,lm Mulundu Centre de Santé,6-106-492,6-106-492-FA,,,,,mois_6,an2026,1,0,1,2,2,2,4,4,8,4,4,8,100,5,7,18,21,23,28,46,56,102,3,4,10,12,14,13,27,29,56,60,57.14285714285714,55.55555555555556,57.14285714285714,60.86956521739131,46.42857142857143,58.69565217391305,51.78571428571429,54.90196078431373,0,0,0,0,0,0,0,3,2,10,11,13,10,26,23,49,56.52173913043478,41.07142857142857,48.03921568627451,2,2,3,7,10,9,15,18,33,57.692307692307686,78.26086956521739,67.3469387755102,0,0,2,0,2,1,4,1,5,0,14.814814814814813,3.4482758620689653,8.928571428571429,0,0,2,0,2,1,4,1,5,3,4,0,0,0,0,3,4,7,0,0,0,0,0,0,0,0,0,0,0,0,0,0,2,0,2,1,4,1,5,0,0,0,0,0,0,0,0,0,2,2,0,0,0,0,2,2,4,Infinity,Infinity,Infinity,0,0,1,1,3,2,4,3,7,uuid:14d22abd-c961-4208-991f-918fac623cd5,6-106-492-FA,2685538,uuid:14d22abd-c961-4208-991f-918fac623cd5
1 sept. 2026 09:30:52,1 sept. 2026 09:20:23,1 sept. 2026 09:30:11,c70a931539d0c17f,,,,posaf2026,589,9.816666666666666,,,https://posaf.surveycto.com/view/submission-attachment/?uuid=uuid%3A81aa0741-8f82-4c38-9688-a99b528d6818&file=TA_81aa0741-8f82-4c38-9688-a99b528d6818.csv,1 sept. 2026,09:20:43,4,Camille NKUNDU MUANABUTE,6,lm Lomami,108,lm Kamana,507,lm Muamuayi Centre de Santé,6-108-507,6-108-507-FA,,,,,mois_6,an2026,0,0,2,3,1,7,3,10,13,0,0,0,0,0,0,0,0,0,0,0,0,0,0,0,0,0,0,0,0,0,0,,,,,,,,,,0,0,0,0,0,0,0,0,0,0,0,0,0,0,0,0,,,,0,0,0,0,0,0,0,0,0,,,,0,0,0,0,0,0,0,0,0,,,,,0,0,0,0,0,0,0,0,0,0,0,0,0,0,0,0,0,0,0,0,0,0,0,0,0,0,0,,,,0,0,0,0,0,0,0,0,0,0,0,0,0,0,0,0,0,0,0,0,0,0,0,0,0,0,0,,,,0,0,0,0,1,1,1,1,2,uuid:81aa0741-8f82-4c38-9688-a99b528d6818,6-108-507-FA,2685538,uuid:81aa0741-8f82-4c38-9688-a99b528d6818
1 sept. 2026 10:03:36,1 sept. 2026 09:55:45,1 sept. 2026 10:03:21,c70a931539d0c17f,,,,posaf2026,456,7.6,,,https://posaf.surveycto.com/view/submission-attachment/?uuid=uuid%3Aeb9fc3e7-e34d-4ff5-9044-48c8adaf7741&file=TA_eb9fc3e7-e34d-4ff5-9044-48c8adaf7741.csv,1 sept. 2026,09:55:52,4,Camille NKUNDU MUANABUTE,6,lm Lomami,108,lm Kamana,507,lm Muamuayi Centre de Santé,6-108-507,6-108-507-FA,,,,,mois_7,an2026,0,0,2,3,2,7,4,10,14,0,0,0,0,0,0,0,0,0,0,0,0,0,0,0,0,0,0,0,0,0,0,,,,,,,,,,0,0,0,0,0,0,0,0,0,0,0,0,0,0,0,0,,,,0,0,0,0,0,0,0,0,0,,,,0,0,0,0,0,0,0,0,0,,,,,0,0,0,0,0,0,0,0,0,0,0,0,0,0,0,0,0,0,0,0,0,0,0,0,0,0,0,,,,0,0,0,0,0,0,0,0,0,0,0,0,0,0,0,0,0,0,0,0,0,0,0,0,0,0,0,,,,0,0,0,0,1,2,1,2,3,uuid:eb9fc3e7-e34d-4ff5-9044-48c8adaf7741,6-108-507-FA,2685538,uuid:eb9fc3e7-e34d-4ff5-9044-48c8adaf7741
1 sept. 2026 11:04:19,1 sept. 2026 10:03:52,1 sept. 2026 11:04:01,ab35c75ca7d24690,,,,posaf2026,2454,40.9,,,https://posaf.surveycto.com/view/submission-attachment/?uuid=uuid%3A50219b39-7a27-4b91-b307-d26997ddc91f&file=TA_50219b39-7a27-4b91-b307-d26997ddc91f.csv,1 sept. 2026,10:03:03,4,MUTEGI,7,sk Sud Kivu,145,sk Mwenga,9052,KASIKA,7-145-9052,7-145-9052-FA,-3.0378125,28.4174635,1385.0,4.8,mois_7,an2026,0,0,1,0,1,1,2,1,3,2,1,3,100,0,0,10,9,12,17,22,26,48,0,0,10,9,12,17,22,26,48,,,100,100,100,100,100,100,100,0,0,0,0,0,0,0,0,0,10,9,12,17,22,26,48,100,100,100,0,0,10,9,12,9,22,18,40,100,69.23076923076923,83.33333333333334,0,0,10,9,12,17,22,26,48,,100,100,100,0,0,10,9,12,9,22,18,40,0,0,2,4,1,2,3,6,9,0,0,1,2,1,2,2,4,6,66.66666666666666,66.66666666666666,66.66666666666666,0,0,1,0,1,1,2,1,3,0,0,1,2,0,0,1,2,3,0,0,2,3,0,0,2,3,5,200,150,166.66666666666669,0,0,0,0,2,1,2,1,3,uuid:50219b39-7a27-4b91-b307-d26997ddc91f,7-145-9052-FA,2685538,uuid:50219b39-7a27-4b91-b307-d26997ddc91f
1 sept. 2026 11:12:26,1 sept. 2026 10:20:02,1 sept. 2026 11:12:04,9b3ac28d15ba9347,,,,posaf2026,2856,47.6,,,https://posaf.surveycto.com/view/submission-attachment/?uuid=uuid%3A4f741e7d-56ea-4aa3-a031-5bc43473044e&file=TA_4f741e7d-56ea-4aa3-a031-5bc43473044e.csv,28 mai 2026,10:20:38,1,NYEMBA BIFWENKE Charlotte,6,lm Lomami,113,lm Luputa,536,lm Luputa Hôpital Général de Référence,6-113-536,6-113-536-FA,-7.1660551,23.7173544,0.0,300.0,mois_6,an2026,0,0,0,2,1,2,1,4,5,1,4,5,100,1,1,6,4,9,8,16,13,29,1,1,6,4,9,8,16,13,29,100,100,100,100,100,100,100,100,100,0,0,0,0,0,0,0,0,0,0,0,0,0,0,0,0,0,0,0,0,0,0,0,0,0,0,0,0,,,,0,0,0,0,0,0,0,0,0,0,0,0,0,0,0,0,0,0,0,0,0,0,1,1,0,0,0,0,1,1,2,1,1,0,0,0,0,1,1,2,100,100,100,0,0,0,0,0,0,0,0,0,1,1,0,0,0,0,1,1,2,3,1,0,0,0,0,3,1,4,300,100,200,0,0,0,0,1,5,1,5,6,uuid:4f741e7d-56ea-4aa3-a031-5bc43473044e,6-113-536-FA,2685538,uuid:4f741e7d-56ea-4aa3-a031-5bc43473044e
1 sept. 2026 11:19:14,1 sept. 2026 11:13:30,1 sept. 2026 11:19:00,9750da4a371b5702,,,+243997746679,posaf2026,331,5.516666666666667,,,https://posaf.surveycto.com/view/submission-attachment/?uuid=uuid%3Acb0600fe-96ee-4f88-b932-52e04e4c1a30&file=TA_cb0600fe-96ee-4f88-b932-52e04e4c1a30.csv,1 sept. 2026,11:13:49,4,Alain Munga,7,sk Sud Kivu,122,sk Haut Plateau,583,sk Bijombo Centre de Santé,7-122-583,7-122-583-FA,,,,,mois_7,an2026,2,1,0,0,0,0,2,1,3,0,0,0,0,0,0,0,0,0,0,0,0,0,0,0,0,0,0,0,0,0,0,,,,,,,,,,0,0,0,0,0,0,0,0,0,0,0,0,0,0,0,0,,,,0,0,0,0,0,0,0,0,0,,,,0,0,0,0,0,0,0,0,0,,,,,0,0,0,0,0,0,0,0,0,0,0,0,0,0,0,0,0,0,0,0,0,0,0,0,0,0,0,,,,0,0,0,0,0,0,0,0,0,0,0,0,0,0,0,0,0,0,0,0,0,0,0,0,0,0,0,,,,0,0,0,0,0,0,0,0,0,uuid:cb0600fe-96ee-4f88-b932-52e04e4c1a30,7-122-583-FA,2685538,uuid:cb0600fe-96ee-4f88-b932-52e04e4c1a30
1 sept. 2026 11:21:24,1 sept. 2026 09:40:56,1 sept. 2026 10:13:04,9323093040953616,,,,posaf2026,1006,16.766666666666666,,,https://posaf.surveycto.com/view/submission-attachment/?uuid=uuid%3A7d8748d2-3e86-4a33-a5cd-702dd8a5c612&file=TA_7d8748d2-3e86-4a33-a5cd-702dd8a5c612.csv,1 sept. 2026,09:40:00,4,Micheline MBELE,6,lm Lomami,107,lm Kalonda Est,496,lm Bakoma Centre de Santé,6-107-496,6-107-496-FA,-6.6186332,25.1763739,877.2,25.9,mois_7,an2026,6,6,1,2,15,10,22,18,40,16,12,28,70,6,6,8,6,12,10,26,22,48,6,6,8,6,12,10,26,22,48,100,100,100,100,100,100,100,100,100,0,0,26,22,26,22,48,6,6,8,6,12,10,26,22,48,100,100,100,6,6,8,6,12,10,26,22,48,100,100,100,0,0,0,0,1,2,1,2,3,0,3.8461538461538463,9.090909090909092,6.25,0,0,0,0,1,2,1,2,3,6,6,0,0,0,0,6,6,12,6,6,0,0,0,0,6,6,12,100,100,100,0,0,0,0,1,2,1,2,3,0,0,0,0,0,0,0,0,0,4,5,0,0,0,0,4,5,9,Infinity,Infinity,Infinity,0,0,0,0,5,5,5,5,10,uuid:7d8748d2-3e86-4a33-a5cd-702dd8a5c612,6-107-496-FA,2685538,uuid:7d8748d2-3e86-4a33-a5cd-702dd8a5c612
1 sept. 2026 11:21:25,31 août 2026 17:33:47,1 sept. 2026 10:13:32,9323093040953616,,,,posaf2026,955,15.916666666666666,,,https://posaf.surveycto.com/view/submission-attachment/?uuid=uuid%3Aae06898a-781c-46a5-a5ba-4a3070c1b3e3&file=TA_ae06898a-781c-46a5-a5ba-4a3070c1b3e3.csv,31 août 2026,17:33:50,4,Micheline MBELE,6,lm Lomami,107,lm Kalonda Est,500,lm Ngievu Lulu Centre de Santé,6-107-500,6-107-500-FA,-6.6198619,25.1768733,873.1,200.0,mois_7,an2026,1,0,0,1,5,6,6,7,13,3,3,6,46.15384615384615,4,4,0,0,9,9,13,13,26,4,4,0,0,9,9,13,13,26,100,100,,,100,100,100,100,100,0,0,3,3,3,3,6,4,4,0,0,9,9,13,13,26,100,100,100,4,4,0,0,9,9,13,13,26,100,100,100,0,0,0,0,1,2,1,2,3,0,7.6923076923076925,15.384615384615385,11.538461538461538,0,0,0,0,1,2,1,2,3,4,4,0,0,0,0,4,4,8,4,4,0,0,0,0,4,4,8,100,100,100,0,0,0,0,1,2,1,2,3,4,4,0,0,0,0,4,4,8,4,6,0,0,0,0,4,6,10,100,150,125,0,0,0,0,3,3,3,3,6,uuid:ae06898a-781c-46a5-a5ba-4a3070c1b3e3,6-107-500-FA,2685538,uuid:ae06898a-781c-46a5-a5ba-4a3070c1b3e3
1 sept. 2026 11:44:57,1 sept. 2026 10:53:25,1 sept. 2026 11:43:41,5b8d261cfd3dee7b,,,,posaf2026,2428,40.46666666666667,,,https://posaf.surveycto.com/view/submission-attachment/?uuid=uuid%3A891f8028-0fca-45b7-a508-9c6020a4f969&file=TA_891f8028-0fca-45b7-a508-9c6020a4f969.csv,1 sept. 2026,10:53:28,4,TSHIBANDA DELPHIN,6,lm Lomami,116,lm Mweneditu,556,lm Macici Centre de Santé,6-116-556,6-116-556-FA,,,,,mois_7,an2026,0,0,0,0,1,0,1,0,1,1,0,1,100,2,2,2,1,1,4,5,7,12,2,2,2,1,1,4,5,7,12,100,100,100,100,100,100,100,100,100,0,0,0,0,0,0,0,0,0,1,0,0,2,1,2,3,20,28.57142857142857,25,0,0,1,0,0,2,1,2,3,100,100,100,0,0,0,0,0,0,0,0,0,0,0,0,0,0,0,0,0,0,0,0,0,0,2,2,0,0,0,0,2,2,4,2,2,0,0,0,0,2,2,4,100,100,100,0,0,0,0,0,0,0,0,0,2,2,0,0,0,0,2,2,4,2,2,0,0,0,0,2,2,4,100,100,100,0,1,1,0,3,3,4,4,8,uuid:891f8028-0fca-45b7-a508-9c6020a4f969,6-116-556-FA,2685538,uuid:891f8028-0fca-45b7-a508-9c6020a4f969
1 sept. 2026 11:54:44,1 sept. 2026 11:37:26,1 sept. 2026 11:54:12,76b9db24c22a69f8,,,,posaf2026,1006,16.766666666666666,,,https://posaf.surveycto.com/view/submission-attachment/?uuid=uuid%3A071a41e2-08bd-4499-8b83-7d5f607df0e2&file=TA_071a41e2-08bd-4499-8b83-7d5f607df0e2.csv,1 sept. 2026,11:37:33,1,SULU TSHIANGA FRANÇAIS,6,lm Lomami,106,lm Kalenda,489,lm Kalenda Hôpital Général de Référence,6-106-489,6-106-489-FA,-7.1049683,23.57103,825.6,4.5,mois_8,an2026,0,0,0,0,0,3,0,3,3,0,3,3,100,5,3,3,2,13,14,21,19,40,5,3,3,2,13,14,21,19,40,100,100,100,100,100,100,100,100,100,0,1,21,18,21,19,40,3,1,2,2,9,11,14,14,28,66.66666666666666,73.68421052631578,70,3,1,2,2,9,11,14,14,28,100,100,100,0,0,0,0,0,3,0,3,3,0,0,15.789473684210526,7.5,0,0,0,0,0,3,0,3,3,3,1,0,0,0,0,3,1,4,3,1,0,0,0,0,3,1,4,100,100,100,0,0,0,0,0,3,0,3,3,2,1,0,0,0,0,2,1,3,4,4,0,0,0,0,4,4,8,200,400,266.66666666666663,0,0,0,0,2,1,2,1,3,uuid:071a41e2-08bd-4499-8b83-7d5f607df0e2,6-106-489-FA,2685538,uuid:071a41e2-08bd-4499-8b83-7d5f607df0e2
1 sept. 2026 12:05:36,1 sept. 2026 11:57:47,1 sept. 2026 12:05:24,c70a931539d0c17f,,,,posaf2026,456,7.6,,,https://posaf.surveycto.com/view/submission-attachment/?uuid=uuid%3Ac2c4d782-3d03-48f0-a587-d9d844f3c745&file=TA_c2c4d782-3d03-48f0-a587-d9d844f3c745.csv,1 sept. 2026,11:58:32,4,Camille NKUNDU MUANABUTE,6,lm Lomami,108,lm Kamana,508,lm Mulenda Centre de Santé,6-108-508,6-108-508-FA,,,,,mois_6,an2026,0,0,1,2,0,1,1,3,4,0,0,0,0,0,0,0,0,0,0,0,0,0,0,0,0,0,0,0,0,0,0,,,,,,,,,,0,0,0,0,0,0,0,0,0,0,0,0,0,0,0,0,,,,0,0,0,0,0,0,0,0,0,,,,0,0,0,0,0,0,0,0,0,,,,,0,0,0,0,0,0,0,0,0,0,0,0,0,0,0,0,0,0,0,0,0,0,0,0,0,0,0,,,,0,0,0,0,0,0,0,0,0,0,0,0,0,0,0,0,0,0,8,0,0,0,0,0,8,0,8,Infinity,,Infinity,2,3,0,0,2,3,4,6,10,uuid:c2c4d782-3d03-48f0-a587-d9d844f3c745,6-108-508-FA,2685538,uuid:c2c4d782-3d03-48f0-a587-d9d844f3c745
1 sept. 2026 12:34:55,1 sept. 2026 12:26:15,1 sept. 2026 12:34:35,c70a931539d0c17f,,,,posaf2026,501,8.35,,,https://posaf.surveycto.com/view/submission-attachment/?uuid=uuid%3Acd0d61f0-cac4-46ad-a541-6f3aa7fc55f2&file=TA_cd0d61f0-cac4-46ad-a541-6f3aa7fc55f2.csv,1 sept. 2026,12:26:19,4,Camille NKUNDU MUANABUTE,6,lm Lomami,108,lm Kamana,508,lm Mulenda Centre de Santé,6-108-508,6-108-508-FA,,,,,mois_7,an2026,0,0,2,1,3,6,5,7,12,0,0,0,0,0,0,0,0,0,0,0,0,0,0,0,0,0,0,0,0,0,0,,,,,,,,,,0,0,0,0,0,0,0,0,0,0,0,0,0,0,0,0,,,,0,0,0,0,0,0,0,0,0,,,,0,0,0,0,0,0,0,0,0,,,,,0,0,0,0,0,0,0,0,0,0,0,0,0,0,0,0,0,0,0,0,0,0,0,0,0,0,0,,,,0,0,0,0,0,0,0,0,0,0,0,0,0,0,0,0,0,0,0,0,0,0,0,0,0,0,0,,,,0,0,0,0,2,2,2,2,4,uuid:cd0d61f0-cac4-46ad-a541-6f3aa7fc55f2,6-108-508-FA,2685538,uuid:cd0d61f0-cac4-46ad-a541-6f3aa7fc55f2
1 sept. 2026 13:11:12,1 sept. 2026 13:02:12,1 sept. 2026 13:10:41,c70a931539d0c17f,,,,posaf2026,508,8.466666666666667,,,https://posaf.surveycto.com/view/submission-attachment/?uuid=uuid%3Adf2b3089-9fa9-4891-9d76-15fcae15cf9f&file=TA_df2b3089-9fa9-4891-9d76-15fcae15cf9f.csv,1 sept. 2026,13:02:58,4,Camille NKUNDU MUANABUTE,6,lm Lomami,108,lm Kamana,502,lm Bakunda Centre de Santé,6-108-502,6-108-502-FA,,,,,mois_6,an2026,0,0,1,1,2,2,3,3,6,0,0,0,0,0,0,0,0,0,0,0,0,0,0,0,0,0,0,0,0,0,0,,,,,,,,,,0,0,0,0,0,0,0,0,0,0,0,0,0,0,0,0,,,,0,0,0,0,0,0,0,0,0,,,,0,0,0,0,0,0,0,0,0,,,,,0,0,0,0,0,0,0,0,0,0,0,0,0,0,0,0,0,0,0,0,0,0,0,0,0,0,0,,,,0,0,0,0,0,0,0,0,0,0,0,0,0,0,0,0,0,0,0,0,0,0,0,0,0,0,0,,,,0,0,0,0,1,2,1,2,3,uuid:df2b3089-9fa9-4891-9d76-15fcae15cf9f,6-108-502-FA,2685538,uuid:df2b3089-9fa9-4891-9d76-15fcae15cf9f
1 sept. 2026 13:12:53,1 sept. 2026 11:37:08,1 sept. 2026 13:12:41,9fda552b5373c415,,,,posaf2026,4555,75.91666666666667,,,https://posaf.surveycto.com/view/submission-attachment/?uuid=uuid%3Acc970753-7b7f-43d8-981d-cee9781cd9bb&file=TA_cc970753-7b7f-43d8-981d-cee9781cd9bb.csv,1 sept. 2026,11:45:42,1,Mutombo mukendi venance,6,lm Lomami,116,lm Mweneditu,557,lm NDG Centre Hospitalier,6-116-557,6-116-557-FA,-7.0027788,23.4569599,0.0,300.0,mois_7,an2026,30,25,12,10,17,15,59,50,109,19,9,28,25.688073394495415,29,25,13,1,9,8,51,34,85,14,13,12,0,0,0,26,13,39,48.275862068965516,52,92.3076923076923,0,0,0,50.98039215686274,38.23529411764706,45.88235294117647,0,0,0,0,0,0,0,4,4,4,0,0,0,8,4,12,15.686274509803921,11.76470588235294,14.117647058823529,3,2,2,0,0,0,5,2,7,62.5,50,58.333333333333336,0,0,0,0,0,0,0,0,0,0,0,0,0,0,0,0,0,0,0,0,0,0,5,2,6,0,0,0,11,2,13,5,2,6,0,0,0,11,2,13,100,100,100,0,0,0,0,0,0,0,0,0,0,0,0,0,0,0,0,0,0,1,1,0,0,0,0,1,1,2,Infinity,Infinity,Infinity,0,0,1,1,1,1,2,2,4,uuid:cc970753-7b7f-43d8-981d-cee9781cd9bb,6-116-557-FA,2685538,uuid:cc970753-7b7f-43d8-981d-cee9781cd9bb
1 sept. 2026 13:22:32,1 sept. 2026 13:03:12,1 sept. 2026 13:21:03,5b8d261cfd3dee7b,,,,posaf2026,932,15.533333333333333,,,https://posaf.surveycto.com/view/submission-attachment/?uuid=uuid%3Aaf87cdd5-9195-43ce-97fd-a1ae389e1ef2&file=TA_af87cdd5-9195-43ce-97fd-a1ae389e1ef2.csv,1 sept. 2026,13:03:16,4,TSHIBANDA DELPHIN,6,lm Lomami,116,lm Mweneditu,555,lm Katabaie Centre de Santé,6-116-555,6-116-555-FA,,,,,mois_6,an2026,0,0,0,0,1,2,1,2,3,1,2,3,100,0,0,2,2,3,3,5,5,10,0,0,2,2,3,3,5,5,10,,,100,100,100,100,100,100,100,0,0,1,2,1,2,3,0,0,2,2,3,3,5,5,10,100,100,100,0,0,2,2,3,3,5,5,10,100,100,100,0,0,0,0,0,2,0,2,2,,0,40,20,0,0,0,0,0,2,0,2,2,0,0,0,0,0,0,0,0,0,0,0,0,0,0,0,0,0,0,,,,0,0,0,0,0,2,0,2,2,0,0,0,0,0,0,0,0,0,0,0,0,0,0,0,0,0,0,,,,0,0,0,0,0,0,0,0,0,uuid:af87cdd5-9195-43ce-97fd-a1ae389e1ef2,6-116-555-FA,2685538,uuid:af87cdd5-9195-43ce-97fd-a1ae389e1ef2
1 sept. 2026 13:39:25,31 août 2026 17:43:55,31 août 2026 17:56:26,4d64f404a3d5c2fa,,,,posaf2026,694,11.566666666666666,,,https://posaf.surveycto.com/view/submission-attachment/?uuid=uuid%3A8fcca603-bd8f-4e13-a32a-f7023b734c7f&file=TA_8fcca603-bd8f-4e13-a32a-f7023b734c7f.csv,28 juin 2026,17:44:13,4,Boniface KALALA,8,sn Sankuru,160,sn Lusambo,5714,CDT Lunkala,8-160-5714,8-160-5714-FA,-4.6634283,23.2331383,377.9,4.8,mois_6,an2026,0,0,0,0,1,2,1,2,3,1,2,3,100,0,0,0,0,6,5,6,5,11,0,0,0,0,6,5,6,5,11,,,,,100,100,100,100,100,0,0,0,0,0,0,0,0,0,0,0,0,0,0,0,0,0,0,0,0,0,0,0,0,0,0,0,0,,,,0,0,0,0,0,0,0,0,0,,0,0,0,0,0,0,0,0,0,0,0,0,0,0,0,0,0,0,0,0,0,0,0,0,0,0,0,0,0,0,,,,0,0,0,0,0,0,0,0,0,0,0,0,0,0,0,0,0,0,0,0,0,0,0,0,0,0,0,,,,0,0,0,0,1,1,1,1,2,uuid:8fcca603-bd8f-4e13-a32a-f7023b734c7f,8-160-5714-FA,2685538,uuid:8fcca603-bd8f-4e13-a32a-f7023b734c7f
1 sept. 2026 13:50:25,1 sept. 2026 13:39:26,1 sept. 2026 13:49:09,5b8d261cfd3dee7b,,,,posaf2026,583,9.716666666666667,,,https://posaf.surveycto.com/view/submission-attachment/?uuid=uuid%3A2bb2f410-4fa7-4340-88fc-a2045f680454&file=TA_2bb2f410-4fa7-4340-88fc-a2045f680454.csv,1 sept. 2026,13:39:31,4,TSHIBANDA DELPHIN,6,lm Lomami,116,lm Mweneditu,555,lm Katabaie Centre de Santé,6-116-555,6-116-555-FA,,,,,mois_7,an2026,0,0,0,1,10,9,10,10,20,10,10,20,100,0,0,3,3,4,3,7,6,13,0,0,3,3,4,3,7,6,13,,,100,100,100,100,100,100,100,0,0,0,0,0,0,0,0,0,3,3,4,3,7,6,13,100,100,100,0,0,3,3,4,3,7,6,13,100,100,100,0,0,0,1,0,0,0,1,1,,0,16.666666666666664,7.6923076923076925,0,0,0,1,0,0,0,1,1,0,0,0,0,0,0,0,0,0,0,0,0,0,0,0,0,0,0,,,,0,0,0,0,0,0,0,0,0,0,0,0,0,0,0,0,0,0,0,0,0,0,0,0,0,0,0,,,,0,0,0,0,0,0,0,0,0,uuid:2bb2f410-4fa7-4340-88fc-a2045f680454,6-116-555-FA,2685538,uuid:2bb2f410-4fa7-4340-88fc-a2045f680454
1 sept. 2026 13:52:50,1 sept. 2026 13:43:19,1 sept. 2026 13:52:39,c70a931539d0c17f,,,,posaf2026,560,9.333333333333334,,,https://posaf.surveycto.com/view/submission-attachment/?uuid=uuid%3A4577f2c7-083c-4604-8d98-7f5813918dc4&file=TA_4577f2c7-083c-4604-8d98-7f5813918dc4.csv,1 sept. 2026,13:43:26,4,Camille NKUNDU MUANABUTE,6,lm Lomami,108,lm Kamana,502,lm Bakunda Centre de Santé,6-108-502,6-108-502-FA,,,,,mois_7,an2026,0,0,0,0,1,3,1,3,4,0,0,0,0,0,0,0,0,0,0,0,0,0,0,0,0,0,0,0,0,0,0,,,,,,,,,,0,0,0,0,0,0,0,0,0,0,0,0,0,0,0,0,,,,0,0,0,0,0,0,0,0,0,,,,0,0,0,0,0,0,0,0,0,,,,,0,0,0,0,0,0,0,0,0,0,0,0,0,0,0,0,0,0,0,0,0,0,0,0,0,0,0,,,,0,0,0,0,0,0,0,0,0,0,0,0,0,0,0,0,0,0,0,0,0,0,0,0,0,0,0,,,,0,0,0,0,0,0,0,0,0,uuid:4577f2c7-083c-4604-8d98-7f5813918dc4,6-108-502-FA,2685538,uuid:4577f2c7-083c-4604-8d98-7f5813918dc4
1 sept. 2026 15:29:15,1 sept. 2026 15:03:32,1 sept. 2026 15:29:11,a24a6207e7709924,,,,posaf2026,1539,25.65,,,https://posaf.surveycto.com/view/submission-attachment/?uuid=uuid%3A177a97b3-5eb2-487a-9961-6e8739c7f55a&file=TA_177a97b3-5eb2-487a-9961-6e8739c7f55a.csv,2 juil. 2026,11:30:58,1,KITENGIE NGOYI FRANÇOISE,6,lm Lomami,104,lm Kabinda,476,lm Kabinda Hôpital Général de Référence,6-104-476,6-104-476-FA,,,,,mois_6,an2026,1,0,2,2,6,1,9,3,12,2,1,3,25,3,0,3,4,4,6,10,10,20,0,0,0,0,4,6,4,6,10,0,,0,0,100,100,40,60,50,0,0,0,0,0,0,0,0,0,0,0,0,3,0,3,3,0,30,15,0,0,0,0,0,3,0,3,3,,100,100,0,0,0,0,0,0,0,0,0,,0,0,0,0,0,0,0,0,0,0,0,0,0,0,0,0,0,0,0,0,0,0,0,0,0,0,0,0,0,0,,,,0,0,0,0,0,0,0,0,0,0,0,0,0,0,0,0,0,0,0,0,0,0,0,0,0,0,0,,,,0,0,0,0,3,1,3,1,4,uuid:177a97b3-5eb2-487a-9961-6e8739c7f55a,6-104-476-FA,2685538,uuid:177a97b3-5eb2-487a-9961-6e8739c7f55a
1 sept. 2026 15:38:50,1 sept. 2026 12:18:51,1 sept. 2026 14:47:35,073280fddd42a86b,,,,posaf2026,1152,19.2,,,https://posaf.surveycto.com/view/submission-attachment/?uuid=uuid%3Abad4dc78-e8be-4e2d-bc5a-4008169f9aa2&file=TA_bad4dc78-e8be-4e2d-bc5a-4008169f9aa2.csv,1 sept. 2026,14:40:48,1,Mukadi Sabue JEAN BOSCO,6,lm Lomami,116,lm Mweneditu,553,lm Ciamala Hôpital Général de Référence,6-116-553,6-116-553-FA,,,,,mois_8,an2026,0,0,3,2,20,9,23,11,34,20,6,26,76.47058823529412,2,3,22,11,12,22,36,36,72,2,3,22,11,12,22,36,36,72,100,100,100,100,100,100,100,100,100,0,0,0,0,0,0,0,2,2,14,10,8,17,24,29,53,66.66666666666666,80.55555555555556,73.61111111111111,2,2,14,10,8,17,24,29,53,100,100,100,0,0,0,0,0,0,0,0,0,0,0,0,0,0,0,0,0,0,0,0,0,0,2,3,18,11,2,2,22,16,38,2,3,18,11,2,2,22,16,38,100,100,100,0,0,0,0,0,0,0,0,0,2,3,18,11,2,2,22,16,38,3,3,1,2,0,2,4,7,11,18.181818181818183,43.75,28.947368421052634,0,0,0,3,5,5,5,8,13,uuid:bad4dc78-e8be-4e2d-bc5a-4008169f9aa2,6-116-553-FA,2685538,uuid:bad4dc78-e8be-4e2d-bc5a-4008169f9aa2
1 sept. 2026 15:45:27,1 sept. 2026 15:29:24,1 sept. 2026 15:45:23,a24a6207e7709924,,,,posaf2026,959,15.983333333333333,,,https://posaf.surveycto.com/view/submission-attachment/?uuid=uuid%3A369af9de-f65c-4591-8d81-2ba732e76273&file=TA_369af9de-f65c-4591-8d81-2ba732e76273.csv,2 août 2026,12:30:53,1,KITENGIE NGOYI FRANÇOISE,6,lm Lomami,104,lm Kabinda,476,lm Kabinda Hôpital Général de Référence,6-104-476,6-104-476-FA,,,,,mois_7,an2026,0,0,1,1,10,2,11,3,14,2,0,2,14.285714285714285,0,0,8,7,13,8,21,15,36,0,0,3,4,5,4,8,8,16,,,37.5,57.14285714285714,38.46153846153847,50,38.095238095238095,53.333333333333336,44.44444444444444,0,0,0,0,0,0,0,0,0,0,0,0,0,0,0,0,0,0,0,0,0,0,0,0,0,0,0,0,,,,0,0,0,0,0,0,0,0,0,,0,0,0,0,0,0,0,0,0,0,0,0,0,0,0,0,0,0,0,0,0,0,0,0,0,0,0,0,0,0,,,,0,0,0,0,0,0,0,0,0,0,0,0,0,0,0,0,0,0,0,0,0,0,0,0,0,0,0,,,,0,0,0,0,0,0,0,0,0,uuid:369af9de-f65c-4591-8d81-2ba732e76273,6-104-476-FA,2685538,uuid:369af9de-f65c-4591-8d81-2ba732e76273
1 sept. 2026 16:57:17,1 sept. 2026 15:52:37,1 sept. 2026 16:02:48,fbe45d7d92bce9d6,,,,posaf2026,611,10.183333333333334,,,https://posaf.surveycto.com/view/submission-attachment/?uuid=uuid%3Ac7bd92d9-75f9-4602-9e98-0ae457edf649&file=TA_c7bd92d9-75f9-4602-9e98-0ae457edf649.csv,1 sept. 2026,15:52:49,8,Mutuza yano simon,7,sk Sud Kivu,150,sk Shabunda,9061,MATILI,7-150-9061,7-150-9061-FA,-2.8638465,27.1838627,601.0,3.3,mois_8,an2026,0,0,0,0,0,0,0,0,0,0,0,0,,0,0,0,0,0,0,0,0,0,0,0,0,0,0,0,0,0,0,,,,,,,,,,0,0,0,0,0,0,0,0,0,0,0,0,0,0,0,0,,,,0,0,0,0,0,0,0,0,0,,,,0,0,0,0,0,0,0,0,0,,,,,0,0,0,0,0,0,0,0,0,0,0,0,0,0,0,0,0,0,0,0,0,0,0,0,0,0,0,,,,0,0,0,0,0,0,0,0,0,0,0,0,0,0,0,0,0,0,0,0,0,0,0,0,0,0,0,,,,0,0,0,0,0,0,0,0,0,uuid:c7bd92d9-75f9-4602-9e98-0ae457edf649,7-150-9061-FA,2685538,uuid:c7bd92d9-75f9-4602-9e98-0ae457edf649
1 sept. 2026 17:12:39,1 sept. 2026 08:58:41,1 sept. 2026 09:16:15,667b025cb2fb6b24,,,,posaf2026,1031,17.183333333333334,,,https://posaf.surveycto.com/view/submission-attachment/?uuid=uuid%3A42eb61f5-991a-4d69-a8a6-8e6ea4f68fe2&file=TA_42eb61f5-991a-4d69-a8a6-8e6ea4f68fe2.csv,1 sept. 2026,08:58:47,1,MUTOMBO MUYOMBO FLORIBERT,6,lm Lomami,115,lm Mulumba,549,lm Luanga Centre de Santé,6-115-549,6-115-549-FA,,,,,mois_6,an2026,0,0,2,0,4,4,6,4,10,6,4,10,100,0,0,2,0,4,4,6,4,10,0,0,2,0,4,4,6,4,10,,,100,,100,100,100,100,100,0,0,0,0,0,0,0,0,0,2,0,4,4,6,4,10,100,100,100,0,0,2,0,4,4,6,4,10,100,100,100,0,0,2,0,4,4,6,4,10,,100,100,100,0,0,2,0,4,4,6,4,10,0,0,2,0,4,4,6,4,10,0,0,2,0,4,4,6,4,10,100,100,100,0,0,2,0,4,4,6,4,10,0,0,2,0,4,4,6,4,10,0,0,1,0,1,1,2,1,3,33.33333333333333,25,30,0,0,1,0,3,3,4,3,7,uuid:42eb61f5-991a-4d69-a8a6-8e6ea4f68fe2,6-115-549-FA,2685538,uuid:42eb61f5-991a-4d69-a8a6-8e6ea4f68fe2
1 sept. 2026 17:12:40,1 sept. 2026 09:16:33,1 sept. 2026 09:30:14,667b025cb2fb6b24,,,,posaf2026,738,12.3,,,https://posaf.surveycto.com/view/submission-attachment/?uuid=uuid%3A0f00ddcb-2864-473e-b19b-7fd905604bdb&file=TA_0f00ddcb-2864-473e-b19b-7fd905604bdb.csv,1 sept. 2026,09:16:37,1,MUTOMBO MUYOMBO FLORIBERT,6,lm Lomami,115,lm Mulumba,549,lm Luanga Centre de Santé,6-115-549,6-115-549-FA,,,,,mois_6,an2026,0,0,0,1,4,3,4,4,8,4,4,8,100,0,0,0,1,4,3,4,4,8,0,0,0,1,4,3,4,4,8,,,,100,100,100,100,100,100,0,0,0,0,0,0,0,0,0,0,1,4,3,4,4,8,100,100,100,0,0,0,1,4,3,4,4,8,100,100,100,0,0,0,1,4,3,4,4,8,,100,100,100,0,0,0,1,4,3,4,4,8,0,0,0,1,4,3,4,4,8,0,0,0,1,4,3,4,4,8,100,100,100,0,0,0,1,4,3,4,4,8,0,0,0,1,4,3,4,4,8,0,0,0,1,1,1,1,2,3,25,50,37.5,0,0,0,0,3,2,3,2,5,uuid:0f00ddcb-2864-473e-b19b-7fd905604bdb,6-115-549-FA,2685538,uuid:0f00ddcb-2864-473e-b19b-7fd905604bdb
1 sept. 2026 17:28:38,1 sept. 2026 17:20:49,1 sept. 2026 17:26:02,c3046bf1ab370596,,,,posaf2026,313,5.216666666666667,,,https://posaf.surveycto.com/view/submission-attachment/?uuid=uuid%3A0e2e518d-757d-4208-a508-7a8d58f47f20&file=TA_0e2e518d-757d-4208-a508-7a8d58f47f20.csv,31 août 2026,12:20:58,1,NGONGO NTAMBUE CLEMENT,6,lm Lomami,104,lm Kabinda,479,lm Mbunda Centre de Santé,6-104-479,6-104-479-FA,-6.3112297,24.3608772,790.4,1.2,mois_8,an2026,0,0,1,1,1,0,2,1,3,2,1,3,100,0,0,1,1,1,0,2,1,3,0,0,1,1,1,0,2,1,3,,,100,100,100,,100,100,100,0,0,0,0,0,0,0,0,0,1,1,1,0,2,1,3,100,100,100,0,0,0,0,0,0,0,0,0,0,0,0,0,0,0,0,0,0,0,0,0,,0,0,0,0,0,0,0,0,0,0,0,0,0,0,0,0,0,0,0,0,0,0,0,0,0,0,0,0,0,0,,,,0,0,0,0,0,0,0,0,0,0,0,0,0,0,0,0,0,0,0,0,0,0,0,0,0,0,0,,,,0,0,0,0,0,0,0,0,0,uuid:0e2e518d-757d-4208-a508-7a8d58f47f20,6-104-479-FA,2685538,uuid:0e2e518d-757d-4208-a508-7a8d58f47f20
1 sept. 2026 19:11:35,1 sept. 2026 19:01:02,1 sept. 2026 19:11:15,642274e73b7ba88a,,,,posaf2026,613,10.216666666666667,,,https://posaf.surveycto.com/view/submission-attachment/?uuid=uuid%3A83425753-bb18-4f53-8927-d976cf7aab21&file=TA_83425753-bb18-4f53-8927-d976cf7aab21.csv,1 sept. 2026,19:01:09,1,Kadiata Mbaya,6,lm Lomami,110,lm Kanda Kanda,518,lm Matamba Centre de Santé,6-110-518,6-110-518-FA,,,,,mois_7,an2026,1,0,2,3,4,6,7,9,16,7,9,16,100,11,6,5,8,9,11,25,25,50,11,6,5,8,9,11,25,25,50,100,100,100,100,100,100,100,100,100,0,0,0,0,0,0,0,11,6,5,8,9,11,25,25,50,100,100,100,11,6,5,8,9,11,25,25,50,100,100,100,0,0,0,0,0,0,0,0,0,0,0,0,0,0,0,0,0,0,0,0,0,0,11,6,5,8,0,0,16,14,30,11,6,5,8,0,0,16,14,30,100,100,100,0,0,0,0,0,0,0,0,0,0,2,0,6,0,0,0,8,8,0,0,2,0,0,6,2,6,8,Infinity,75,100,0,0,0,0,2,2,2,2,4,uuid:83425753-bb18-4f53-8927-d976cf7aab21,6-110-518-FA,2685538,uuid:83425753-bb18-4f53-8927-d976cf7aab21
1 sept. 2026 21:28:38,1 sept. 2026 20:55:19,1 sept. 2026 21:28:28,a437cb25dd949337,,,,posaf2026,793,13.216666666666667,,,https://posaf.surveycto.com/view/submission-attachment/?uuid=uuid%3A3a519dd2-7a72-4721-a2ce-a59f88229048&file=TA_3a519dd2-7a72-4721-a2ce-a59f88229048.csv,29 mai 2026,11:53:16,1,José TSHISUAKA,6,lm Lomami,116,lm Mweneditu,558,lm Tshishinji Centre de Santé,6-116-558,6-116-558-FA,,,,,mois_6,an2026,0,0,0,0,1,2,1,2,3,1,2,3,100,1,2,3,1,2,2,6,5,11,1,2,3,1,2,2,6,5,11,100,100,100,100,100,100,100,100,100,0,0,0,0,0,0,0,0,0,2,0,1,0,3,0,3,50,0,27.27272727272727,0,0,2,0,1,0,3,0,3,100,,100,0,0,0,0,1,0,1,0,1,0,16.666666666666664,0,9.090909090909092,0,0,0,0,1,0,1,0,1,0,0,0,1,0,0,0,1,1,0,0,0,0,0,0,0,0,0,,0,0,0,0,0,0,1,0,1,0,1,0,0,0,0,0,0,0,0,0,0,4,8,0,0,0,8,4,12,Infinity,Infinity,Infinity,0,0,0,0,7,8,7,8,15,uuid:3a519dd2-7a72-4721-a2ce-a59f88229048,6-116-558-FA,2685538,uuid:3a519dd2-7a72-4721-a2ce-a59f88229048
2 sept. 2026 06:56:41,27 août 2026 18:49:17,31 août 2026 14:25:41,f253b9895dee5260,,,,posaf2026,2012,33.53333333333333,,,https://posaf.surveycto.com/view/submission-attachment/?uuid=uuid%3Aa8828260-ffc4-4811-9562-dbf52905717d&file=TA_a8828260-ffc4-4811-9562-dbf52905717d.csv,27 août 2026,18:49:13,1,Bonard,8,sn Sankuru,165,sn Tshudi Loto,747,sn Mpombi Centre de Santé,8-165-747,8-165-747-FA,-2.8731396,23.0371692,574.4,4.7,mois_7,an2026,0,0,0,0,0,0,0,0,0,0,0,0,,0,0,0,0,0,0,0,0,0,0,0,0,0,0,0,0,0,0,,,,,,,,,,0,0,0,0,0,0,0,0,0,0,0,0,0,0,0,0,,,,0,0,0,0,0,0,0,0,0,,,,0,0,0,0,0,0,0,0,0,,,,,0,0,0,0,0,0,0,0,0,0,0,0,0,0,0,0,0,0,0,0,0,0,0,0,0,0,0,,,,0,0,0,0,0,0,0,0,0,0,0,0,0,0,0,0,0,0,0,0,0,0,0,0,0,0,0,,,,0,0,0,0,0,0,0,0,0,uuid:a8828260-ffc4-4811-9562-dbf52905717d,8-165-747-FA,2685538,uuid:a8828260-ffc4-4811-9562-dbf52905717d
2 sept. 2026 07:06:31,1 sept. 2026 16:27:35,1 sept. 2026 16:46:14,4b9735389e0dceb1,,,,posaf2026,1119,18.65,,,https://posaf.surveycto.com/view/submission-attachment/?uuid=uuid%3A101290af-a564-4fe4-b119-ccf2353f7fcb&file=TA_101290af-a564-4fe4-b119-ccf2353f7fcb.csv,1 sept. 2026,16:27:39,1,MUGANZA  ALPHANI,9,tn Tanganyika,179,tn Nyunzu,828,tn Kabeya May Centre de Santé,9-179-828,9-179-828-FA,-5.6776934,27.9628001,580.2,4.6,mois_8,an2026,0,0,0,0,4,2,4,2,6,4,2,6,100,19,19,0,0,7,7,26,26,52,0,0,0,0,0,0,0,0,0,0,0,,,0,0,0,0,0,0,0,0,0,0,0,0,0,0,0,0,0,0,0,0,0,0,0,0,0,0,0,0,0,0,0,0,0,,,,0,0,0,0,0,0,0,0,0,,,,,0,0,0,0,0,0,0,0,0,0,0,0,0,0,0,0,0,0,0,0,0,0,0,0,0,0,0,,,,0,0,0,0,0,0,0,0,0,0,0,0,0,0,0,0,0,0,0,0,0,0,3,1,3,1,4,Infinity,Infinity,Infinity,0,0,0,0,3,1,3,1,4,uuid:101290af-a564-4fe4-b119-ccf2353f7fcb,9-179-828-FA,2685538,uuid:101290af-a564-4fe4-b119-ccf2353f7fcb
2 sept. 2026 10:12:31,25 août 2026 14:41:49,2 sept. 2026 09:58:07,405bc0e01f33029d,,,,posaf2026,2230,37.166666666666664,,,https://posaf.surveycto.com/view/submission-attachment/?uuid=uuid%3Aae3b9d5b-ec31-43c7-9926-16d350ee06f6&file=TA_ae3b9d5b-ec31-43c7-9926-16d350ee06f6.csv,6 juin 2026,09:15:30,1,Shamanga muenyambango louis,8,sn Sankuru,160,sn Lusambo,721,sn Lusambo Hôpital Général de Référence,8-160-721,8-160-721-FA,-4.9669518,23.4320442,417.5,1.2,mois_6,an2026,0,0,0,0,0,0,0,0,0,0,0,0,,0,1,0,1,0,0,0,2,2,0,0,0,0,0,0,0,0,0,,0,,0,,,,0,0,0,0,0,0,0,0,0,0,0,0,0,0,0,0,0,0,,0,0,0,0,0,0,0,0,0,0,0,,,,0,0,0,0,0,0,0,0,0,,,,,0,0,0,0,0,0,0,0,0,0,0,0,0,0,0,0,0,0,0,0,0,0,0,0,0,0,0,,,,0,0,0,0,0,0,0,0,0,0,0,0,0,0,0,0,0,0,3,3,0,0,0,0,3,3,6,Infinity,Infinity,Infinity,0,0,0,0,2,3,2,3,5,uuid:ae3b9d5b-ec31-43c7-9926-16d350ee06f6,8-160-721-FA,2685538,uuid:ae3b9d5b-ec31-43c7-9926-16d350ee06f6
2 sept. 2026 10:12:31,26 août 2026 08:59:59,2 sept. 2026 09:57:55,405bc0e01f33029d,,,,posaf2026,1674,27.9,,,https://posaf.surveycto.com/view/submission-attachment/?uuid=uuid%3A0983808f-ec9c-4086-a4f7-0e070f719e18&file=TA_0983808f-ec9c-4086-a4f7-0e070f719e18.csv,31 juil. 2026,09:15:59,1,Shamanga muenyambango louis,8,sn Sankuru,160,sn Lusambo,721,sn Lusambo Hôpital Général de Référence,8-160-721,8-160-721-FA,-4.9668302,23.4321115,435.6,2.5,mois_7,an2026,0,0,0,0,0,0,0,0,0,0,0,0,,1,2,0,1,0,0,1,3,4,0,0,0,0,0,0,0,0,0,0,0,,0,,,0,0,0,0,0,0,0,0,0,0,0,0,0,0,0,0,0,0,0,0,0,0,0,0,0,0,0,0,0,0,0,,,,0,0,0,0,0,0,0,0,0,,,,,0,0,0,0,0,0,0,0,0,0,0,0,0,0,0,0,0,0,0,0,0,0,0,0,0,0,0,,,,0,0,0,0,0,0,0,0,0,0,0,0,0,0,0,0,0,0,2,4,0,0,0,0,2,4,6,Infinity,Infinity,Infinity,0,0,0,1,3,0,3,1,4,uuid:0983808f-ec9c-4086-a4f7-0e070f719e18,8-160-721-FA,2685538,uuid:0983808f-ec9c-4086-a4f7-0e070f719e18
2 sept. 2026 10:12:32,2 sept. 2026 09:17:02,2 sept. 2026 09:57:38,405bc0e01f33029d,,,,posaf2026,1277,21.283333333333335,,,https://posaf.surveycto.com/view/submission-attachment/?uuid=uuid%3Ac4359f89-6d79-4114-87bd-580a836e6da3&file=TA_c4359f89-6d79-4114-87bd-580a836e6da3.csv,2 sept. 2026,09:17:09,1,Shamanga muenyambango louis,8,sn Sankuru,160,sn Lusambo,721,sn Lusambo Hôpital Général de Référence,8-160-721,8-160-721-FA,-4.9669541,23.4321389,425.2,2.5,mois_8,an2026,0,0,0,0,1,3,1,3,4,0,0,0,0,0,1,1,1,0,0,1,2,3,0,0,0,0,0,0,0,0,0,,0,0,0,,,0,0,0,0,0,0,0,0,0,0,0,0,0,0,0,0,0,0,0,0,0,0,0,0,0,0,0,0,0,0,0,,,,0,0,0,0,0,0,0,0,0,,,,,0,0,0,0,0,0,0,0,0,0,0,0,0,0,0,0,0,0,0,0,0,0,0,0,0,0,0,,,,0,0,0,0,0,0,0,0,0,0,0,0,0,0,0,0,0,0,0,2,0,0,0,0,0,2,2,,Infinity,Infinity,0,0,1,0,2,0,3,0,3,uuid:c4359f89-6d79-4114-87bd-580a836e6da3,8-160-721-FA,2685538,uuid:c4359f89-6d79-4114-87bd-580a836e6da3
2 sept. 2026 11:49:40,2 sept. 2026 11:01:48,2 sept. 2026 11:49:29,642274e73b7ba88a,,,,posaf2026,2861,47.68333333333333,,,https://posaf.surveycto.com/view/submission-attachment/?uuid=uuid%3Aadcad7a7-f187-4d07-8743-047210343783&file=TA_adcad7a7-f187-4d07-8743-047210343783.csv,2 sept. 2026,11:01:53,1,Ilunga ngoyi innocent,6,lm Lomami,110,lm Kanda Kanda,515,lm Kamanda Kadila Centre de Santé,6-110-515,6-110-515-FA,,,,,mois_6,an2026,0,0,2,1,8,2,10,3,13,10,3,13,100,6,4,2,5,6,4,14,13,27,6,4,2,5,6,4,14,13,27,100,100,100,100,100,100,100,100,100,0,0,0,0,0,0,0,6,4,2,5,6,4,14,13,27,100,100,100,6,4,2,5,6,4,14,13,27,100,100,100,0,0,0,0,0,0,0,0,0,0,0,0,0,0,0,0,0,0,0,0,0,0,6,4,2,5,0,0,8,9,17,6,4,2,5,0,0,8,9,17,100,100,100,0,0,0,0,0,0,0,0,0,0,0,0,0,0,0,0,0,0,1,3,1,2,0,0,2,5,7,Infinity,Infinity,Infinity,0,0,0,0,4,6,4,6,10,uuid:adcad7a7-f187-4d07-8743-047210343783,6-110-515-FA,2685538,uuid:adcad7a7-f187-4d07-8743-047210343783
2 sept. 2026 12:44:54,2 sept. 2026 12:10:58,2 sept. 2026 12:44:41,351331876026786,630860140348107,89243841181070781076,,posaf2026,2022,33.7,,,https://posaf.surveycto.com/view/submission-attachment/?uuid=uuid%3A66cdf6c2-92b6-4de8-8fca-73b6bcaa7601&file=TA_66cdf6c2-92b6-4de8-8fca-73b6bcaa7601.csv,2 sept. 2026,12:11:28,1,MUAMBA TSHIBANDA,6,lm Lomami,110,lm Kanda Kanda,514,lm Kabwela Centre Hospitalier,6-110-514,6-110-514-FA,-6.8976617,23.4979228,918.7,4.7,mois_6,an2026,0,0,2,0,2,8,4,8,12,2,6,8,66.66666666666666,1,2,5,14,11,13,17,29,46,1,2,5,14,11,13,17,29,46,100,100,100,100,100,100,100,100,100,0,0,0,0,0,0,0,0,0,4,10,6,3,10,13,23,58.82352941176471,44.827586206896555,50,0,0,2,4,3,2,5,6,11,50,46.15384615384615,47.82608695652174,0,0,0,0,0,0,0,0,0,0,0,0,0,0,0,0,0,0,0,0,0,0,1,2,2,4,0,0,3,6,9,1,2,2,4,0,0,3,6,9,100,100,100,0,0,0,0,0,0,0,0,0,0,0,1,2,0,0,1,2,3,0,0,0,0,0,0,0,0,0,0,0,0,0,0,0,0,0,0,0,0,0,uuid:66cdf6c2-92b6-4de8-8fca-73b6bcaa7601,6-110-514-FA,2685538,uuid:66cdf6c2-92b6-4de8-8fca-73b6bcaa7601
2 sept. 2026 12:51:38,2 sept. 2026 12:39:00,2 sept. 2026 12:51:07,72bf7587a750e784,,,,posaf2026,726,12.1,,,https://posaf.surveycto.com/view/submission-attachment/?uuid=uuid%3Aaf11ce5a-ba99-44ba-8660-2e21015f7bdd&file=TA_af11ce5a-ba99-44ba-8660-2e21015f7bdd.csv,31 août 2026,13:39:19,1,Mukadi mukadi Athanase,6,lm Lomami,110,lm Kanda Kanda,520,lm Saint Leonard Centre Hospitalier,6-110-520,6-110-520-FA,-6.8672732,23.739706,742.4,4.3,mois_8,an2026,0,0,1,1,7,7,8,8,16,8,8,16,100,0,11,6,4,8,8,14,23,37,0,0,0,0,0,0,0,0,0,,0,0,0,0,0,0,0,0,0,0,0,0,0,0,0,0,0,0,0,0,0,0,0,0,0,0,0,0,0,0,0,0,0,0,0,0,,,,0,0,0,0,0,0,0,0,0,,,,,0,0,0,0,0,0,0,0,0,0,0,0,0,0,0,0,0,0,0,0,0,0,0,0,0,0,0,,,,0,0,0,0,0,0,0,0,0,0,0,0,0,0,0,0,0,0,0,0,0,0,0,0,0,0,0,,,,0,0,0,0,0,0,0,0,0,uuid:af11ce5a-ba99-44ba-8660-2e21015f7bdd,6-110-520-FA,2685538,uuid:af11ce5a-ba99-44ba-8660-2e21015f7bdd
2 sept. 2026 13:27:10,2 sept. 2026 13:16:34,2 sept. 2026 13:26:54,824c8c6840ae8142,,,,posaf2026,620,10.333333333333334,,,https://posaf.surveycto.com/view/submission-attachment/?uuid=uuid%3Af7ed18bc-0771-4cdb-b475-84884c731332&file=TA_f7ed18bc-0771-4cdb-b475-84884c731332.csv,2 sept. 2026,13:16:57,1,Barhuze Evariste,7,sk Sud Kivu,9400,KAZIBA,9402,CS MUSHENYI,7-9400-9402,7-9400-9402-FA,-2.7491524,28.8367857,1878.4,4.7,mois_8,an2026,0,0,0,0,0,0,0,0,0,0,0,0,,0,0,0,0,0,0,0,0,0,0,0,0,0,0,0,0,0,0,,,,,,,,,,0,0,0,0,0,0,0,0,0,0,0,0,0,0,0,0,,,,0,0,0,0,0,0,0,0,0,,,,0,0,0,0,0,0,0,0,0,,,,,0,0,0,0,0,0,0,0,0,0,0,0,0,0,0,0,0,0,0,0,0,0,0,0,0,0,0,,,,0,0,0,0,0,0,0,0,0,0,0,0,0,0,0,0,0,0,0,0,0,0,0,0,0,0,0,,,,0,0,0,0,2,1,2,1,3,uuid:f7ed18bc-0771-4cdb-b475-84884c731332,7-9400-9402-FA,2685538,uuid:f7ed18bc-0771-4cdb-b475-84884c731332
2 sept. 2026 13:38:15,2 sept. 2026 13:21:36,2 sept. 2026 13:37:38,8addf5164514ed48,,,,posaf2026,960,16,,,https://posaf.surveycto.com/view/submission-attachment/?uuid=uuid%3A78456e73-c0f4-43ed-976e-df27ac6a6cef&file=TA_78456e73-c0f4-43ed-976e-df27ac6a6cef.csv,2 sept. 2026,13:21:59,1,Martin nshimba z,6,lm Lomami,104,lm Kabinda,480,lm Mulemayi Centre de Santé,6-104-480,6-104-480-FA,-6.2984264,24.7989066,816.1,4.9,mois_8,an2026,0,0,0,0,9,3,9,3,12,9,3,12,100,0,0,0,0,2,0,2,0,2,0,0,0,0,2,0,2,0,2,,,,,100,,100,,100,0,0,0,0,0,0,0,0,0,0,0,0,0,0,0,0,0,,0,0,0,0,0,0,0,0,0,0,,,,0,0,0,0,2,0,2,0,2,,100,,100,0,0,0,0,2,0,2,0,2,0,0,0,0,0,0,0,0,0,0,0,0,0,0,0,0,0,0,,,,0,0,0,0,0,0,0,0,0,0,0,0,0,0,0,0,0,0,0,0,0,0,0,0,0,0,0,,,,0,0,0,0,0,0,0,0,0,uuid:78456e73-c0f4-43ed-976e-df27ac6a6cef,6-104-480-FA,2685538,uuid:78456e73-c0f4-43ed-976e-df27ac6a6cef
2 sept. 2026 14:45:50,2 sept. 2026 14:33:55,2 sept. 2026 14:43:29,642274e73b7ba88a,,,,posaf2026,574,9.566666666666666,,,https://posaf.surveycto.com/view/submission-attachment/?uuid=uuid%3Ae5e1bf77-022e-4097-8ea4-3f73975612ff&file=TA_e5e1bf77-022e-4097-8ea4-3f73975612ff.csv,2 sept. 2026,14:34:29,1,Kadiata Mbaya,6,lm Lomami,110,lm Kanda Kanda,518,lm Matamba Centre de Santé,6-110-518,6-110-518-FA,,,,,mois_6,an2026,0,3,1,0,8,2,9,5,14,9,5,14,100,11,7,5,13,9,11,25,31,56,11,7,5,13,9,11,25,31,56,100,100,100,100,100,100,100,100,100,0,0,0,0,0,0,0,11,7,5,13,9,11,25,31,56,100,100,100,11,7,5,13,9,11,25,31,56,100,100,100,0,0,0,0,0,0,0,0,0,0,0,0,0,0,0,0,0,0,0,0,0,0,11,7,0,0,0,0,11,7,18,11,7,0,0,0,0,11,7,18,100,100,100,0,0,0,0,0,0,0,0,0,0,0,0,0,0,0,0,0,0,2,0,0,0,0,0,2,0,2,Infinity,,Infinity,0,0,0,0,5,3,5,3,8,uuid:e5e1bf77-022e-4097-8ea4-3f73975612ff,6-110-518-FA,2685538,uuid:e5e1bf77-022e-4097-8ea4-3f73975612ff
2 sept. 2026 15:10:53,2 sept. 2026 12:13:19,2 sept. 2026 13:33:58,15ad2c326578c513,,,,posaf2026,4775,79.58333333333333,,,https://posaf.surveycto.com/view/submission-attachment/?uuid=uuid%3Aa348838e-51ab-427f-8188-b8aefb5464e5&file=TA_a348838e-51ab-427f-8188-b8aefb5464e5.csv,2 sept. 2026,12:13:24,4,Makuwa jacques,1,hk Haut Katanga,8,hk Katuba,30,hk Bukama Centre de Santé,1-8-30,1-8-30-FA,,,,,mois_6,an2026,0,0,0,0,7,3,7,3,10,7,3,10,100,1,2,8,4,9,10,18,16,34,1,2,8,4,9,10,18,16,34,100,100,100,100,100,100,100,100,100,0,0,0,0,0,0,0,0,0,0,0,0,0,0,0,0,0,0,0,0,0,0,0,0,0,0,0,0,,,,0,0,1,0,0,0,1,0,1,0,5.555555555555555,0,2.941176470588235,0,0,0,0,0,0,0,0,0,1,2,8,4,9,10,18,16,34,1,2,8,3,9,10,18,15,33,100,93.75,97.05882352941177,0,0,0,0,0,0,0,0,0,1,2,1,1,0,0,2,3,5,2,2,0,0,0,0,2,2,4,100,66.66666666666666,80,0,0,0,0,3,1,3,1,4,uuid:a348838e-51ab-427f-8188-b8aefb5464e5,1-8-30-FA,2685538,uuid:a348838e-51ab-427f-8188-b8aefb5464e5
2 sept. 2026 15:10:53,2 sept. 2026 13:39:10,2 sept. 2026 14:20:03,15ad2c326578c513,,,,posaf2026,2163,36.05,,,https://posaf.surveycto.com/view/submission-attachment/?uuid=uuid%3Af983ea73-236c-42fc-a24c-a9dbc524f085&file=TA_f983ea73-236c-42fc-a24c-a9dbc524f085.csv,2 sept. 2026,13:39:15,4,Makuwa jacques,1,hk Haut Katanga,8,hk Katuba,30,hk Bukama Centre de Santé,1-8-30,1-8-30-FA,,,,,mois_7,an2026,1,1,0,1,12,7,13,9,22,13,8,21,95.45454545454545,0,2,0,1,7,5,7,8,15,0,2,0,1,7,5,7,8,15,,100,,100,100,100,100,100,100,0,0,7,5,7,5,12,0,0,0,0,3,1,3,1,4,42.857142857142854,12.5,26.666666666666668,0,0,0,0,3,1,3,1,4,100,100,100,0,0,0,0,0,0,0,0,0,,0,0,0,0,0,0,0,0,0,0,0,0,0,2,0,1,0,0,0,3,3,0,2,0,1,0,0,0,3,3,,100,100,0,0,0,0,0,0,0,0,0,0,2,0,1,0,0,0,3,3,5,3,2,2,0,0,7,5,12,Infinity,166.66666666666669,400,0,0,1,0,12,2,13,2,15,uuid:f983ea73-236c-42fc-a24c-a9dbc524f085,1-8-30-FA,2685538,uuid:f983ea73-236c-42fc-a24c-a9dbc524f085
2 sept. 2026 15:10:54,2 sept. 2026 14:47:10,2 sept. 2026 15:09:29,15ad2c326578c513,,,,posaf2026,1337,22.283333333333335,,,https://posaf.surveycto.com/view/submission-attachment/?uuid=uuid%3Ae05eb785-4d72-4cc1-948d-2cc26b075808&file=TA_e05eb785-4d72-4cc1-948d-2cc26b075808.csv,2 sept. 2026,14:47:15,4,Makuwa jacques,1,hk Haut Katanga,8,hk Katuba,30,hk Bukama Centre de Santé,1-8-30,1-8-30-FA,,,,,mois_8,an2026,0,0,0,0,10,2,10,2,12,10,2,12,100,0,0,0,0,13,10,13,10,23,0,0,0,0,0,0,0,0,0,,,,,0,0,0,0,0,0,0,0,0,0,0,0,0,0,0,0,0,0,0,0,0,0,0,0,0,0,0,0,0,0,0,0,0,,,,0,0,0,0,0,0,0,0,0,,,,,0,0,0,0,0,0,0,0,0,0,0,0,0,0,0,0,0,0,0,0,0,0,0,0,0,0,0,,,,0,0,0,0,0,0,0,0,0,0,0,0,0,0,0,0,0,0,2,4,0,0,0,0,2,4,6,Infinity,Infinity,Infinity,0,0,1,0,4,4,5,4,9,uuid:e05eb785-4d72-4cc1-948d-2cc26b075808,1-8-30-FA,2685538,uuid:e05eb785-4d72-4cc1-948d-2cc26b075808
2 sept. 2026 15:48:51,2 sept. 2026 11:48:44,2 sept. 2026 13:00:38,809572aecdc2701f,,,,posaf2026,3422,57.03333333333333,,,https://posaf.surveycto.com/view/submission-attachment/?uuid=uuid%3Ad2f9b0ad-6b03-43ea-ae44-80b326304eb1&file=TA_d2f9b0ad-6b03-43ea-ae44-80b326304eb1.csv,2 sept. 2026,11:48:47,4,David ngandu,6,lm Lomami,105,lm Kalambayi Kabanga,486,lm Mbao Lubiji Centre de Santé,6-105-486,6-105-486-FA,-6.4983118,23.9959444,596.6,4.5,mois_6,an2026,0,0,1,1,3,4,4,5,9,4,5,9,100,6,7,2,2,1,2,9,11,20,6,7,1,1,1,1,8,9,17,100,100,50,50,100,50,88.88888888888889,81.81818181818183,85,0,0,0,0,0,0,0,0,0,1,0,0,1,1,1,2,11.11111111111111,9.090909090909092,10,0,0,1,0,0,1,1,1,2,100,100,100,0,0,0,0,0,0,0,0,0,0,0,0,0,0,0,0,0,0,0,0,0,0,6,7,0,0,0,0,6,7,13,5,6,0,0,0,0,5,6,11,83.33333333333334,85.71428571428571,84.61538461538461,0,0,0,0,0,0,0,0,0,3,3,0,0,0,0,3,3,6,2,3,0,0,0,0,2,3,5,66.66666666666666,100,83.33333333333334,0,0,0,0,0,0,0,0,0,uuid:d2f9b0ad-6b03-43ea-ae44-80b326304eb1,6-105-486-FA,2685538,uuid:d2f9b0ad-6b03-43ea-ae44-80b326304eb1
2 sept. 2026 15:48:52,2 sept. 2026 13:01:13,2 sept. 2026 13:44:36,809572aecdc2701f,,,,posaf2026,1993,33.21666666666667,,,https://posaf.surveycto.com/view/submission-attachment/?uuid=uuid%3Aa7892bcf-fe09-4f8f-9b1d-5776e1c0f10e&file=TA_a7892bcf-fe09-4f8f-9b1d-5776e1c0f10e.csv,2 sept. 2026,13:01:15,4,David ngandu,6,lm Lomami,105,lm Kalambayi Kabanga,486,lm Mbao Lubiji Centre de Santé,6-105-486,6-105-486-FA,-6.4982934,23.9955399,791.4,5.0,mois_7,an2026,0,0,1,2,2,3,3,5,8,3,5,8,100,8,7,6,3,2,0,16,10,26,8,7,2,2,2,0,12,9,21,100,100,33.33333333333333,66.66666666666666,100,,75,90,80.76923076923077,0,0,0,0,0,0,0,0,0,0,0,0,0,0,0,0,0,0,0,0,0,0,0,0,0,0,0,0,,,,0,0,0,0,0,0,0,0,0,0,0,0,0,0,0,0,0,0,0,0,0,0,6,5,0,0,0,0,6,5,11,6,5,0,0,0,0,6,5,11,100,100,100,0,0,0,0,0,0,0,0,0,0,0,0,0,0,0,0,0,0,0,0,0,0,0,0,0,0,0,,,,0,0,2,0,0,0,2,0,2,uuid:a7892bcf-fe09-4f8f-9b1d-5776e1c0f10e,6-105-486-FA,2685538,uuid:a7892bcf-fe09-4f8f-9b1d-5776e1c0f10e
2 sept. 2026 15:48:52,2 sept. 2026 10:24:19,2 sept. 2026 11:18:36,809572aecdc2701f,,,,posaf2026,2906,48.43333333333333,,,https://posaf.surveycto.com/view/submission-attachment/?uuid=uuid%3A9847f9cd-149a-4fbd-ba2f-a54e28d05c7a&file=TA_9847f9cd-149a-4fbd-ba2f-a54e28d05c7a.csv,2 sept. 2026,10:24:23,4,David ngandu,6,lm Lomami,105,lm Kalambayi Kabanga,487,lm Mbao Lubimbi Centre de Santé,6-105-487,6-105-487-FA,-6.4983109,23.9958569,612.0,4.1,mois_6,an2026,0,0,0,0,2,2,2,2,4,2,2,4,100,5,7,2,3,1,1,8,11,19,4,5,2,2,1,1,7,8,15,80,71.42857142857143,100,66.66666666666666,100,100,87.5,72.72727272727273,78.94736842105263,0,0,0,0,0,0,0,0,0,0,0,1,1,1,1,2,12.5,9.090909090909092,10.526315789473683,0,0,0,0,1,1,1,1,2,100,100,100,0,0,0,0,0,0,0,0,0,0,0,0,0,0,0,0,0,0,0,0,0,0,4,5,0,0,0,0,4,5,9,4,5,0,0,0,0,4,5,9,100,100,100,0,0,0,0,0,0,0,0,0,4,5,0,0,0,0,4,5,9,0,0,0,0,0,0,0,0,0,0,0,0,0,0,0,0,0,0,0,0,0,uuid:9847f9cd-149a-4fbd-ba2f-a54e28d05c7a,6-105-487-FA,2685538,uuid:9847f9cd-149a-4fbd-ba2f-a54e28d05c7a
2 sept. 2026 15:48:52,2 sept. 2026 11:19:02,2 sept. 2026 11:43:06,809572aecdc2701f,,,,posaf2026,1408,23.466666666666665,,,https://posaf.surveycto.com/view/submission-attachment/?uuid=uuid%3A2685f74a-ec66-42c4-8b20-1780a2283a9a&file=TA_2685f74a-ec66-42c4-8b20-1780a2283a9a.csv,2 sept. 2026,11:19:06,4,David ngandu,6,lm Lomami,105,lm Kalambayi Kabanga,487,lm Mbao Lubimbi Centre de Santé,6-105-487,6-105-487-FA,-6.4981493,23.9957048,616.3,4.7,mois_7,an2026,0,0,0,0,2,3,2,3,5,2,3,5,100,6,6,5,1,1,2,12,9,21,2,6,5,1,1,2,8,9,17,33.33333333333333,100,100,100,100,100,66.66666666666666,100,80.95238095238095,0,0,0,0,0,0,0,2,1,0,0,1,1,3,2,5,25,22.22222222222222,23.809523809523807,2,0,0,0,0,0,2,0,2,66.66666666666666,0,40,0,0,0,0,0,0,0,0,0,0,0,0,0,0,0,0,0,0,0,0,0,0,2,2,0,0,0,0,2,2,4,2,2,0,0,0,0,2,2,4,100,100,100,0,0,0,0,0,0,0,0,0,0,0,0,0,0,0,0,0,0,0,0,0,5,3,2,3,7,10,Infinity,Infinity,Infinity,0,0,0,0,2,3,2,3,5,uuid:2685f74a-ec66-42c4-8b20-1780a2283a9a,6-105-487-FA,2685538,uuid:2685f74a-ec66-42c4-8b20-1780a2283a9a
2 sept. 2026 15:48:53,1 sept. 2026 19:02:04,1 sept. 2026 19:07:44,809572aecdc2701f,,,,posaf2026,340,5.666666666666667,,,https://posaf.surveycto.com/view/submission-attachment/?uuid=uuid%3Ac9df5b70-d2bb-42f6-9388-49de39c119a2&file=TA_c9df5b70-d2bb-42f6-9388-49de39c119a2.csv,1 sept. 2026,19:02:07,4,David ngandu,6,lm Lomami,105,lm Kalambayi Kabanga,488,lm Tshilewu Centre de Santé,6-105-488,6-105-488-FA,-6.45021,23.9996217,630.8,3.7,mois_6,an2026,0,0,0,0,2,2,2,2,4,2,2,4,100,0,0,0,0,2,2,2,2,4,0,0,0,0,2,2,2,2,4,,,,,100,100,100,100,100,0,0,0,0,0,0,0,0,0,0,0,0,0,0,0,0,0,0,0,0,0,0,0,0,0,0,0,0,,,,0,0,0,0,0,0,0,0,0,,0,0,0,0,0,0,0,0,0,0,0,0,0,0,0,0,0,0,0,0,0,0,0,0,0,0,0,0,0,0,,,,0,0,0,0,0,0,0,0,0,0,0,0,0,0,0,0,0,0,0,0,0,0,0,0,0,0,0,,,,0,0,0,0,0,0,0,0,0,uuid:c9df5b70-d2bb-42f6-9388-49de39c119a2,6-105-488-FA,2685538,uuid:c9df5b70-d2bb-42f6-9388-49de39c119a2
2 sept. 2026 15:48:53,2 sept. 2026 09:58:15,2 sept. 2026 10:14:57,809572aecdc2701f,,,,posaf2026,1001,16.683333333333334,,,https://posaf.surveycto.com/view/submission-attachment/?uuid=uuid%3A6812e8c0-3b41-41e1-a10c-e4624d2e7243&file=TA_6812e8c0-3b41-41e1-a10c-e4624d2e7243.csv,2 sept. 2026,09:58:18,4,David ngandu,6,lm Lomami,105,lm Kalambayi Kabanga,488,lm Tshilewu Centre de Santé,6-105-488,6-105-488-FA,-6.4982547,23.9959008,633.5,4.5,mois_7,an2026,0,0,0,0,2,3,2,3,5,2,3,5,100,4,4,1,2,1,1,6,7,13,4,4,0,1,0,1,4,6,10,100,100,0,50,0,100,66.66666666666666,85.71428571428571,76.92307692307693,0,0,0,0,0,0,0,0,0,0,0,0,0,0,0,0,0,0,0,0,0,0,0,0,0,0,0,0,,,,0,0,0,0,0,0,0,0,0,0,0,0,0,0,0,0,0,0,0,0,0,0,4,4,0,0,0,0,4,4,8,4,4,0,0,0,0,4,4,8,100,100,100,0,0,0,0,0,0,0,0,0,2,2,0,0,0,0,2,2,4,2,2,0,0,0,0,2,2,4,100,100,100,0,0,0,0,0,0,0,0,0,uuid:6812e8c0-3b41-41e1-a10c-e4624d2e7243,6-105-488-FA,2685538,uuid:6812e8c0-3b41-41e1-a10c-e4624d2e7243
2 sept. 2026 16:31:53,2 sept. 2026 15:50:00,2 sept. 2026 16:11:34,5865ccea4e3e3b29,,,,posaf2026,1294,21.566666666666666,,,https://posaf.surveycto.com/view/submission-attachment/?uuid=uuid%3Abf995b05-a30a-43c8-85c3-5c9e86def9e5&file=TA_bf995b05-a30a-43c8-85c3-5c9e86def9e5.csv,2 sept. 2026,15:50:09,1,KIABU LOSHI BIENVENU,6,lm Lomami,118,lm Tshofa,567,lm Kibulu Centre de Santé,6-118-567,6-118-567-FA,,,,,mois_7,an2026,0,0,0,0,2,3,2,3,5,2,3,5,100,3,4,1,2,1,0,5,6,11,3,4,1,2,1,0,5,6,11,100,100,100,100,100,,100,100,100,0,0,0,0,0,0,0,3,4,1,2,1,0,5,6,11,100,100,100,3,4,1,2,1,0,5,6,11,100,100,100,0,0,0,0,0,0,0,0,0,0,0,0,0,0,0,0,0,0,0,0,0,0,0,0,0,0,0,0,0,0,0,0,0,0,0,0,0,0,0,0,,,,0,0,0,0,0,0,0,0,0,0,0,0,0,0,0,0,0,0,0,0,0,0,0,0,0,0,0,,,,0,0,0,0,0,0,0,0,0,uuid:bf995b05-a30a-43c8-85c3-5c9e86def9e5,6-118-567-FA,2685538,uuid:bf995b05-a30a-43c8-85c3-5c9e86def9e5
2 sept. 2026 17:28:59,2 sept. 2026 16:17:45,2 sept. 2026 17:25:19,b90307744568f0ba,,,,posaf2026,1318,21.966666666666665,,,https://posaf.surveycto.com/view/submission-attachment/?uuid=uuid%3A82734c93-fbb1-4153-ba5e-a93f1e1d805b&file=TA_82734c93-fbb1-4153-ba5e-a93f1e1d805b.csv,2 sept. 2026,16:17:56,4,NGONGO KAPENGA JEAN PAUL,6,lm Lomami,118,lm Tshofa,566,lm Ebidjiri Centre de Santé,6-118-566,6-118-566-FA,,,,,mois_6,an2026,0,0,0,0,1,2,1,2,3,1,2,3,100,1,2,1,1,0,0,2,3,5,1,2,1,1,0,0,2,3,5,100,100,100,100,,,100,100,100,0,0,0,0,0,0,0,0,0,0,0,0,0,0,0,0,0,0,0,0,0,0,0,0,0,0,0,0,,,,0,0,0,0,0,0,0,0,0,0,0,0,0,0,0,0,0,0,0,0,0,0,1,2,1,1,0,0,2,3,5,1,2,1,1,0,0,2,3,5,100,100,100,0,0,0,0,0,0,0,0,0,1,2,1,1,0,0,2,3,5,0,0,0,0,0,0,0,0,0,0,0,0,0,0,0,0,0,0,0,0,0,uuid:82734c93-fbb1-4153-ba5e-a93f1e1d805b,6-118-566-FA,2685538,uuid:82734c93-fbb1-4153-ba5e-a93f1e1d805b
2 sept. 2026 17:29:00,2 sept. 2026 16:49:58,2 sept. 2026 17:26:39,b90307744568f0ba,,,,posaf2026,970,16.166666666666668,,,https://posaf.surveycto.com/view/submission-attachment/?uuid=uuid%3Abaacf99d-f4d8-45b1-9533-cfcd0d0ff5b7&file=TA_baacf99d-f4d8-45b1-9533-cfcd0d0ff5b7.csv,2 sept. 2026,16:50:07,4,NGONGO KAPENGA JEAN PAUL,6,lm Lomami,118,lm Tshofa,566,lm Ebidjiri Centre de Santé,6-118-566,6-118-566-FA,,,,,mois_7,an2026,0,0,0,0,0,2,0,2,2,0,2,2,100,3,4,0,1,3,4,6,9,15,3,4,0,1,3,4,6,9,15,100,100,,100,100,100,100,100,100,0,0,0,0,0,0,0,0,0,0,0,0,0,0,0,0,0,0,0,0,0,0,0,0,0,0,0,0,,,,0,0,0,0,0,0,0,0,0,0,0,0,0,0,0,0,0,0,0,0,0,0,3,4,0,1,3,4,6,9,15,3,4,0,1,3,4,6,9,15,100,100,100,0,0,0,0,0,0,0,0,0,0,0,0,0,0,0,0,0,0,0,0,0,0,0,0,0,0,0,,,,0,0,0,0,0,0,0,0,0,uuid:baacf99d-f4d8-45b1-9533-cfcd0d0ff5b7,6-118-566-FA,2685538,uuid:baacf99d-f4d8-45b1-9533-cfcd0d0ff5b7
2 sept. 2026 17:29:00,2 sept. 2026 15:44:42,2 sept. 2026 17:23:11,b90307744568f0ba,,,,posaf2026,1630,27.166666666666668,,,https://posaf.surveycto.com/view/submission-attachment/?uuid=uuid%3Ae1148567-edcd-4c09-8f2a-86f9b448c7a0&file=TA_e1148567-edcd-4c09-8f2a-86f9b448c7a0.csv,2 sept. 2026,15:44:18,4,NGONGO KAPENGA JEAN PAUL,6,lm Lomami,118,lm Tshofa,567,lm Kibulu Centre de Santé,6-118-567,6-118-567-FA,,,,,mois_6,an2026,0,0,0,0,3,4,3,4,7,3,4,7,100,4,2,3,3,0,0,7,5,12,4,2,3,3,0,0,7,5,12,100,100,100,100,,,100,100,100,0,0,0,0,0,0,0,4,2,3,3,0,0,7,5,12,100,100,100,4,2,3,3,0,0,7,5,12,100,100,100,0,0,0,0,0,0,0,0,0,0,0,0,0,0,0,0,0,0,0,0,0,0,0,0,0,0,0,0,0,0,0,0,0,0,0,0,0,0,0,0,,,,0,0,0,0,0,0,0,0,0,0,0,0,0,0,0,0,0,0,0,0,0,0,0,0,0,0,0,,,,0,0,0,0,0,0,0,0,0,uuid:e1148567-edcd-4c09-8f2a-86f9b448c7a0,6-118-567-FA,2685538,uuid:e1148567-edcd-4c09-8f2a-86f9b448c7a0
2 sept. 2026 18:07:59,2 sept. 2026 17:46:10,2 sept. 2026 18:06:58,5865ccea4e3e3b29,,,,posaf2026,1210,20.166666666666668,,,https://posaf.surveycto.com/view/submission-attachment/?uuid=uuid%3Aeb53a9cb-7542-4da0-92b9-77c83ae11709&file=TA_eb53a9cb-7542-4da0-92b9-77c83ae11709.csv,2 sept. 2026,17:46:20,1,KIABU LOSHI BIENVENU,6,lm Lomami,118,lm Tshofa,567,lm Kibulu Centre de Santé,6-118-567,6-118-567-FA,,,,,mois_8,an2026,0,0,0,0,1,2,1,2,3,1,2,3,100,4,6,2,3,0,0,6,9,15,4,6,2,3,0,0,6,9,15,100,100,100,100,,,100,100,100,0,0,0,0,0,0,0,4,6,2,3,0,0,6,9,15,100,100,100,4,6,2,3,0,0,6,9,15,100,100,100,0,0,0,0,0,0,0,0,0,0,0,0,0,0,0,0,0,0,0,0,0,0,4,6,2,3,0,0,6,9,15,4,6,2,3,0,0,6,9,15,100,100,100,0,0,0,0,0,0,0,0,0,0,0,0,0,0,0,0,0,0,2,3,0,0,0,0,2,3,5,Infinity,Infinity,Infinity,0,0,0,0,0,0,0,0,0,uuid:eb53a9cb-7542-4da0-92b9-77c83ae11709,6-118-567-FA,2685538,uuid:eb53a9cb-7542-4da0-92b9-77c83ae11709
2 sept. 2026 19:03:41,2 sept. 2026 18:54:13,2 sept. 2026 19:03:28,a437cb25dd949337,,,,posaf2026,554,9.233333333333333,,,https://posaf.surveycto.com/view/submission-attachment/?uuid=uuid%3Ad06ec41c-287b-4cb7-af1d-1f137e6194fb&file=TA_d06ec41c-287b-4cb7-af1d-1f137e6194fb.csv,2 juil. 2026,11:29:48,1,Papy KALALA,6,lm Lomami,116,lm Mweneditu,555,lm Katabaie Centre de Santé,6-116-555,6-116-555-FA,,,,,mois_6,an2026,0,0,0,0,1,1,1,1,2,1,1,2,100,8,4,2,4,2,2,12,10,22,2,1,2,0,2,2,6,3,9,25,25,100,0,100,100,50,30,40.909090909090914,0,0,0,0,0,0,0,0,0,1,0,0,1,1,1,2,8.333333333333332,10,9.090909090909092,0,0,1,0,0,1,1,1,2,100,100,100,0,0,0,0,0,0,0,0,0,0,0,0,0,0,0,0,0,0,0,0,0,0,0,1,0,0,0,0,0,1,1,0,1,0,0,0,0,0,1,1,,100,100,0,0,0,0,0,0,0,0,0,0,0,0,0,0,0,0,0,0,0,0,0,0,0,0,0,0,0,,,,0,0,0,0,0,0,0,0,0,uuid:d06ec41c-287b-4cb7-af1d-1f137e6194fb,6-116-555-FA,2685538,uuid:d06ec41c-287b-4cb7-af1d-1f137e6194fb
2 sept. 2026 19:50:23,2 sept. 2026 19:41:29,2 sept. 2026 19:50:12,a437cb25dd949337,,,,posaf2026,523,8.716666666666667,,,https://posaf.surveycto.com/view/submission-attachment/?uuid=uuid%3Afb1043ab-8125-402c-8b96-d20d575872b4&file=TA_fb1043ab-8125-402c-8b96-d20d575872b4.csv,3 août 2026,10:41:58,1,Papy KALALA,6,lm Lomami,116,lm Mweneditu,555,lm Katabaie Centre de Santé,6-116-555,6-116-555-FA,,,,,mois_7,an2026,2,2,3,3,1,2,6,7,13,3,1,4,30.76923076923077,2,2,1,2,1,2,4,6,10,2,1,0,2,1,0,3,3,6,100,50,0,100,100,0,75,50,60,0,0,0,0,0,0,0,0,0,0,2,1,0,1,2,3,25,33.33333333333333,30,0,0,0,2,1,0,1,2,3,100,100,100,0,0,0,0,0,0,0,0,0,0,0,0,0,0,0,0,0,0,0,0,0,0,0,0,0,0,0,0,0,0,0,0,0,0,0,0,0,0,0,0,,,,0,0,0,0,0,0,0,0,0,0,0,0,0,0,0,0,0,0,0,0,0,0,0,0,0,0,0,,,,0,0,0,0,0,0,0,0,0,uuid:fb1043ab-8125-402c-8b96-d20d575872b4,6-116-555-FA,2685538,uuid:fb1043ab-8125-402c-8b96-d20d575872b4
3 sept. 2026 06:33:16,3 sept. 2026 05:56:48,3 sept. 2026 06:32:57,19d13d8c0e5c6e9f,,,,posaf2026,2169,36.15,,,https://posaf.surveycto.com/view/submission-attachment/?uuid=uuid%3Ab551f9e2-8fb3-4c46-bb64-aa0a59865b2c&file=TA_b551f9e2-8fb3-4c46-bb64-aa0a59865b2c.csv,2 sept. 2026,14:54:22,2,KAMBELENGE KABAKOLA AUGUSTIN,4,kr Kasai Central,66,kr Bena Tshadi,319,kr Kabwenge Centre de Santé de Référence,4-66-319,4-66-319-FA,,,,,mois_8,an2026,0,0,0,0,1,3,1,3,4,1,3,4,100,0,1,7,9,5,8,12,18,30,0,1,7,9,5,8,12,18,30,,100,100,100,100,100,100,100,100,0,0,0,0,0,0,0,0,1,7,9,5,8,12,18,30,100,100,100,0,1,5,8,5,8,10,17,27,83.33333333333334,94.44444444444444,90,0,0,0,0,1,3,1,3,4,,8.333333333333332,16.666666666666664,13.333333333333334,0,0,0,0,1,3,1,3,4,0,1,5,9,2,4,7,14,21,0,1,5,9,2,4,7,14,21,100,100,100,0,0,0,0,1,3,1,3,4,0,1,5,8,2,4,7,13,20,0,0,0,0,0,0,0,0,0,0,0,0,0,0,0,0,0,0,0,0,0,uuid:b551f9e2-8fb3-4c46-bb64-aa0a59865b2c,4-66-319-FA,2685538,uuid:b551f9e2-8fb3-4c46-bb64-aa0a59865b2c
3 sept. 2026 08:31:54,3 sept. 2026 07:19:27,3 sept. 2026 08:31:33,9fda552b5373c415,,,,posaf2026,1407,23.45,,,https://posaf.surveycto.com/view/submission-attachment/?uuid=uuid%3A109b6cc3-4b00-4cf2-9b6c-be36def78bc6&file=TA_109b6cc3-4b00-4cf2-9b6c-be36def78bc6.csv,2 sept. 2026,07:27:43,1,Mutombo mukendi venance,6,lm Lomami,116,lm Mweneditu,557,lm NDG Centre Hospitalier,6-116-557,6-116-557-FA,,,,,mois_6,an2026,0,0,0,0,7,5,7,5,12,7,5,12,100,1,3,2,2,0,0,3,5,8,1,3,2,2,0,0,3,5,8,100,100,100,100,,,100,100,100,0,0,0,0,0,0,0,1,3,2,2,0,0,3,5,8,100,100,100,1,2,2,2,0,0,3,4,7,100,80,87.5,0,0,0,0,0,0,0,0,0,0,0,0,0,0,0,0,0,0,0,0,0,0,1,2,2,2,0,0,3,4,7,1,2,2,2,0,0,3,4,7,100,100,100,0,0,0,0,0,0,0,0,0,0,0,0,0,0,0,0,0,0,6,9,3,3,0,0,9,12,21,Infinity,Infinity,Infinity,0,0,2,2,6,9,8,11,19,uuid:109b6cc3-4b00-4cf2-9b6c-be36def78bc6,6-116-557-FA,2685538,uuid:109b6cc3-4b00-4cf2-9b6c-be36def78bc6
3 sept. 2026 12:15:03,3 sept. 2026 11:46:41,3 sept. 2026 12:14:40,ab35c75ca7d24690,,,,posaf2026,1639,27.316666666666666,,,https://posaf.surveycto.com/view/submission-attachment/?uuid=uuid%3A8c5f3562-6e0c-4698-9856-e8a205d1da96&file=TA_8c5f3562-6e0c-4698-9856-e8a205d1da96.csv,3 sept. 2026,11:46:20,4,MUTEGI DELPHIN,7,sk Sud Kivu,145,sk Mwenga,657,sk Mwenga Hôpital Général de Référence,7-145-657,7-145-657-FA,-3.037735,28.4174167,1385.0,5.0,mois_8,an2026,11,0,1,0,6,5,18,5,23,6,5,11,47.82608695652174,7,9,7,10,4,4,18,23,41,6,7,7,9,4,4,17,20,37,85.71428571428571,77.77777777777779,100,90,100,100,94.44444444444444,86.95652173913044,90.2439024390244,0,0,0,0,0,0,0,4,4,6,9,4,4,14,17,31,77.77777777777779,73.91304347826086,75.60975609756098,4,3,6,9,4,4,14,16,30,100,94.11764705882352,96.7741935483871,0,0,0,0,1,0,1,0,1,0,5.88235294117647,0,2.7027027027027026,0,0,0,0,0,0,0,0,0,6,5,0,0,0,0,6,5,11,4,3,0,0,0,0,4,3,7,66.66666666666666,60,63.63636363636363,0,0,0,0,1,0,1,0,1,5,4,0,0,0,0,5,4,9,3,0,0,0,0,0,3,0,3,60,0,33.33333333333333,3,0,0,0,0,0,3,0,3,uuid:8c5f3562-6e0c-4698-9856-e8a205d1da96,7-145-657-FA,2685538,uuid:8c5f3562-6e0c-4698-9856-e8a205d1da96
3 sept. 2026 12:31:58,3 sept. 2026 11:58:25,3 sept. 2026 12:17:42,5865ccea4e3e3b29,,,,posaf2026,1157,19.283333333333335,,,https://posaf.surveycto.com/view/submission-attachment/?uuid=uuid%3A4b5efd6f-682a-413b-9961-2dd85f40dfa5&file=TA_4b5efd6f-682a-413b-9961-2dd85f40dfa5.csv,3 sept. 2026,11:58:35,1,KIABU NGONGO Benoît,6,lm Lomami,118,lm Tshofa,569,lm Ngandu Centre de Santé,6-118-569,6-118-569-FA,,,,,mois_6,an2026,1,0,0,1,2,2,3,3,6,3,3,6,100,1,0,0,0,0,1,1,1,2,1,0,0,0,0,1,1,1,2,100,,,,,100,100,100,100,0,0,0,0,0,0,0,1,0,0,0,0,1,1,1,2,100,100,100,1,0,0,0,0,1,1,1,2,100,100,100,0,0,0,0,0,0,0,0,0,0,0,0,0,0,0,0,0,0,0,0,0,0,0,0,0,0,0,0,0,0,0,0,0,0,0,0,0,0,0,0,,,,0,0,0,0,0,0,0,0,0,0,0,0,0,0,0,0,0,0,0,0,0,0,0,0,0,0,0,,,,0,0,0,0,0,0,0,0,0,uuid:4b5efd6f-682a-413b-9961-2dd85f40dfa5,6-118-569-FA,2685538,uuid:4b5efd6f-682a-413b-9961-2dd85f40dfa5
3 sept. 2026 12:31:59,3 sept. 2026 12:18:33,3 sept. 2026 12:31:24,5865ccea4e3e3b29,,,,posaf2026,650,10.833333333333334,,,https://posaf.surveycto.com/view/submission-attachment/?uuid=uuid%3Aa850443c-2efd-44c6-ae3e-5f044abfb9ea&file=TA_a850443c-2efd-44c6-ae3e-5f044abfb9ea.csv,3 sept. 2026,12:18:40,1,KIABU NGONGO Benoît,6,lm Lomami,118,lm Tshofa,569,lm Ngandu Centre de Santé,6-118-569,6-118-569-FA,,,,,mois_7,an2026,1,0,0,2,1,1,2,3,5,2,3,5,100,1,0,0,2,1,1,2,3,5,1,0,0,2,1,1,2,3,5,100,,,100,100,100,100,100,100,0,0,0,0,0,0,0,0,0,0,0,0,0,0,0,0,0,0,0,0,0,0,0,0,0,0,0,0,,,,0,0,0,0,0,0,0,0,0,0,0,0,0,0,0,0,0,0,0,0,0,0,0,0,0,0,0,0,0,0,0,0,0,0,0,0,0,0,0,0,,,,0,0,0,0,0,0,0,0,0,0,0,0,0,0,0,0,0,0,0,0,0,0,0,0,0,0,0,,,,0,0,0,0,0,0,0,0,0,uuid:a850443c-2efd-44c6-ae3e-5f044abfb9ea,6-118-569-FA,2685538,uuid:a850443c-2efd-44c6-ae3e-5f044abfb9ea
3 sept. 2026 12:57:16,3 sept. 2026 12:20:33,3 sept. 2026 12:35:24,642274e73b7ba88a,,,,posaf2026,891,14.85,,,https://posaf.surveycto.com/view/submission-attachment/?uuid=uuid%3A55bd4ff9-6b28-4221-ae9e-1b1f4030490e&file=TA_55bd4ff9-6b28-4221-ae9e-1b1f4030490e.csv,3 sept. 2026,12:20:39,1,Kadiata Mbaya,6,lm Lomami,110,lm Kanda Kanda,518,lm Matamba Centre de Santé,6-110-518,6-110-518-FA,,,,,mois_8,an2026,0,1,1,0,4,7,5,8,13,5,8,13,100,9,19,6,9,7,12,22,40,62,9,19,6,9,7,12,22,40,62,100,100,100,100,100,100,100,100,100,0,0,0,0,0,0,0,9,19,6,9,7,12,22,40,62,100,100,100,9,19,6,9,7,12,22,40,62,100,100,100,0,0,0,0,0,0,0,0,0,0,0,0,0,0,0,0,0,0,0,0,0,0,9,19,0,0,0,0,9,19,28,9,19,0,0,0,0,9,19,28,100,100,100,0,0,0,0,0,0,0,0,0,1,1,0,0,0,0,1,1,2,1,1,0,0,0,0,1,1,2,100,100,100,0,0,0,0,3,3,3,3,6,uuid:55bd4ff9-6b28-4221-ae9e-1b1f4030490e,6-110-518-FA,2685538,uuid:55bd4ff9-6b28-4221-ae9e-1b1f4030490e
3 sept. 2026 13:30:38,3 sept. 2026 12:13:58,3 sept. 2026 12:35:22,b90307744568f0ba,,,,posaf2026,1122,18.7,,,https://posaf.surveycto.com/view/submission-attachment/?uuid=uuid%3Aa5e749cb-8897-44ea-bb6c-5bcc3ea367d8&file=TA_a5e749cb-8897-44ea-bb6c-5bcc3ea367d8.csv,3 sept. 2026,12:14:12,1,Bernard NTAMBUE YASANKIA,6,lm Lomami,118,lm Tshofa,570,lm Tshofa Hôpital Général de Référence,6-118-570,6-118-570-FA,,,,,mois_6,an2026,0,0,1,0,2,5,3,5,8,3,5,8,100,0,1,11,2,15,8,26,11,37,0,1,11,2,15,8,26,11,37,,100,100,100,100,100,100,100,100,26,11,26,11,52,22,74,0,0,2,0,1,1,3,1,4,11.538461538461538,9.090909090909092,10.81081081081081,0,0,2,0,1,1,3,1,4,100,100,100,0,1,0,1,0,0,0,2,2,,0,18.181818181818183,5.405405405405405,0,1,0,1,0,0,0,2,2,0,0,11,1,15,8,26,9,35,0,0,11,1,15,8,26,9,35,100,100,100,0,1,0,1,0,0,0,2,2,0,0,11,1,15,8,26,9,35,2,1,0,1,0,0,2,2,4,7.6923076923076925,22.22222222222222,11.428571428571429,0,12,0,1,0,0,0,13,13,uuid:a5e749cb-8897-44ea-bb6c-5bcc3ea367d8,6-118-570-FA,2685538,uuid:a5e749cb-8897-44ea-bb6c-5bcc3ea367d8
3 sept. 2026 13:30:38,3 sept. 2026 13:00:54,3 sept. 2026 13:27:56,b90307744568f0ba,,,,posaf2026,784,13.066666666666666,,,https://posaf.surveycto.com/view/submission-attachment/?uuid=uuid%3Ae1fb4ea2-8eb1-4b4c-9127-b6a61ba9a682&file=TA_e1fb4ea2-8eb1-4b4c-9127-b6a61ba9a682.csv,3 sept. 2026,13:00:59,1,Bernard NTAMBUE YASANKIA,6,lm Lomami,118,lm Tshofa,570,lm Tshofa Hôpital Général de Référence,6-118-570,6-118-570-FA,,,,,mois_7,an2026,0,0,0,0,1,6,1,6,7,1,6,7,100,2,0,4,2,12,17,18,19,37,2,0,4,2,12,17,18,19,37,100,,100,100,100,100,100,100,100,0,0,0,0,0,0,0,0,0,1,1,2,0,3,1,4,16.666666666666664,5.263157894736842,10.81081081081081,0,0,1,1,2,0,3,1,4,100,100,100,0,0,1,0,2,0,3,0,3,0,16.666666666666664,0,8.108108108108109,0,0,1,0,2,0,3,0,3,2,0,3,2,12,17,17,19,36,0,0,3,2,12,17,15,19,34,88.23529411764706,100,94.44444444444444,0,0,1,0,0,0,1,0,1,2,0,3,2,12,17,17,19,36,0,0,1,0,0,0,1,0,1,5.88235294117647,0,2.7777777777777777,0,0,0,0,0,0,0,0,0,uuid:e1fb4ea2-8eb1-4b4c-9127-b6a61ba9a682,6-118-570-FA,2685538,uuid:e1fb4ea2-8eb1-4b4c-9127-b6a61ba9a682
3 sept. 2026 13:40:04,3 sept. 2026 13:01:25,3 sept. 2026 13:27:13,5865ccea4e3e3b29,,,,posaf2026,875,14.583333333333334,,,https://posaf.surveycto.com/view/submission-attachment/?uuid=uuid%3A770ad64a-2291-402c-9d6d-5181bfa2dee3&file=TA_770ad64a-2291-402c-9d6d-5181bfa2dee3.csv,3 sept. 2026,13:01:34,1,DIBUE KITENGIE André,6,lm Lomami,118,lm Tshofa,565,lm Baunga Centre de Santé,6-118-565,6-118-565-FA,,,,,mois_6,an2026,0,0,0,0,1,1,1,1,2,1,1,2,100,1,2,1,0,0,0,2,2,4,1,2,1,0,0,0,2,2,4,100,100,100,,,,100,100,100,0,0,0,0,0,0,0,0,0,0,0,0,0,0,0,0,0,0,0,0,0,0,0,0,0,0,0,0,,,,0,0,0,0,0,0,0,0,0,0,0,0,0,0,0,0,0,0,0,0,0,0,0,0,0,0,0,0,0,0,0,0,0,0,0,0,0,0,0,0,,,,0,0,0,0,0,0,0,0,0,0,0,0,0,0,0,0,0,0,0,0,0,0,0,0,0,0,0,,,,0,0,0,0,0,0,0,0,0,uuid:770ad64a-2291-402c-9d6d-5181bfa2dee3,6-118-565-FA,2685538,uuid:770ad64a-2291-402c-9d6d-5181bfa2dee3
3 sept. 2026 13:40:05,3 sept. 2026 13:31:03,3 sept. 2026 13:38:21,5865ccea4e3e3b29,,,,posaf2026,438,7.3,,,https://posaf.surveycto.com/view/submission-attachment/?uuid=uuid%3Aece1b48c-ce34-4480-8f3d-9bdf55ad8a26&file=TA_ece1b48c-ce34-4480-8f3d-9bdf55ad8a26.csv,3 sept. 2026,13:31:09,1,DIBUE KITENGIE André,6,lm Lomami,118,lm Tshofa,565,lm Baunga Centre de Santé,6-118-565,6-118-565-FA,,,,,mois_7,an2026,0,0,0,1,1,0,1,1,2,1,0,1,50,1,1,0,1,0,0,1,2,3,1,1,0,1,0,0,1,2,3,100,100,,100,,,100,100,100,0,0,0,0,0,0,0,0,0,0,0,0,0,0,0,0,0,0,0,0,0,0,0,0,0,0,0,0,,,,0,0,0,0,0,0,0,0,0,0,0,0,0,0,0,0,0,0,0,0,0,0,1,1,0,1,0,0,1,2,3,1,1,0,1,0,0,1,2,3,100,100,100,0,0,0,0,0,0,0,0,0,0,0,0,0,0,0,0,0,0,0,0,0,0,0,0,0,0,0,,,,0,0,0,0,0,0,0,0,0,uuid:ece1b48c-ce34-4480-8f3d-9bdf55ad8a26,6-118-565-FA,2685538,uuid:ece1b48c-ce34-4480-8f3d-9bdf55ad8a26
3 sept. 2026 13:55:31,3 sept. 2026 13:44:50,3 sept. 2026 13:55:17,5865ccea4e3e3b29,,,,posaf2026,627,10.45,,,https://posaf.surveycto.com/view/submission-attachment/?uuid=uuid%3A4e41cab1-7585-4cdd-833c-3906e2fa8c91&file=TA_4e41cab1-7585-4cdd-833c-3906e2fa8c91.csv,3 sept. 2026,13:44:56,1,NGOYI KATAMBUE Justin,6,lm Lomami,118,lm Tshofa,568,lm Kolobeyi Centre de Santé,6-118-568,6-118-568-FA,,,,,mois_6,an2026,0,0,1,1,2,2,3,3,6,2,2,4,66.66666666666666,0,0,2,4,0,0,2,4,6,0,0,1,2,0,0,1,2,3,,,50,50,,,50,50,50,0,0,0,0,0,0,0,0,0,0,0,0,0,0,0,0,0,0,0,0,0,0,0,0,0,0,0,0,,,,0,0,0,0,0,0,0,0,0,,0,0,0,0,0,0,0,0,0,0,0,0,0,0,0,0,0,0,0,0,0,0,0,0,0,0,0,0,0,0,,,,0,0,0,0,0,0,0,0,0,0,0,0,0,0,0,0,0,0,0,1,1,0,0,0,1,1,2,Infinity,Infinity,Infinity,0,0,0,0,0,0,0,0,0,uuid:4e41cab1-7585-4cdd-833c-3906e2fa8c91,6-118-568-FA,2685538,uuid:4e41cab1-7585-4cdd-833c-3906e2fa8c91
3 sept. 2026 14:10:18,3 sept. 2026 14:04:32,3 sept. 2026 14:10:07,5865ccea4e3e3b29,,,,posaf2026,335,5.583333333333333,,,https://posaf.surveycto.com/view/submission-attachment/?uuid=uuid%3Abceb007c-f46a-43f3-b14a-f04562fb980a&file=TA_bceb007c-f46a-43f3-b14a-f04562fb980a.csv,3 sept. 2026,14:04:39,1,KIABU NGONGO Benoît,6,lm Lomami,118,lm Tshofa,569,lm Ngandu Centre de Santé,6-118-569,6-118-569-FA,,,,,mois_8,an2026,0,0,1,1,2,2,3,3,6,3,3,6,100,0,0,1,1,2,2,3,3,6,0,0,1,1,2,2,3,3,6,,,100,100,100,100,100,100,100,0,0,0,0,0,0,0,0,0,0,0,0,0,0,0,0,0,0,0,0,0,0,0,0,0,0,0,0,,,,0,0,0,0,0,0,0,0,0,,0,0,0,0,0,0,0,0,0,0,0,0,0,0,0,0,0,0,0,0,0,0,0,0,0,0,0,0,0,0,,,,0,0,0,0,0,0,0,0,0,0,0,0,0,0,0,0,0,0,0,0,0,0,0,0,0,0,0,,,,0,0,0,0,0,0,0,0,0,uuid:bceb007c-f46a-43f3-b14a-f04562fb980a,6-118-569-FA,2685538,uuid:bceb007c-f46a-43f3-b14a-f04562fb980a
3 sept. 2026 15:10:40,3 sept. 2026 12:39:37,3 sept. 2026 13:05:22,ee30e763a5a08130,,,,posaf2026,1544,25.733333333333334,,,https://posaf.surveycto.com/view/submission-attachment/?uuid=uuid%3Ad14cdd04-dffb-4a6d-82c8-8e1483bdcead&file=TA_d14cdd04-dffb-4a6d-82c8-8e1483bdcead.csv,3 sept. 2026,12:39:55,1,Jean Claude mutombo mukendi,6,lm Lomami,116,lm Mweneditu,554,lm Emmaüs Centre Hospitalier,6-116-554,6-116-554-FA,-7.0154374,23.4711619,933.2,2.0,mois_8,an2026,1,1,0,2,5,0,6,3,9,6,3,9,100,3,2,0,14,29,0,32,16,48,3,2,0,14,29,0,32,16,48,100,100,,100,100,,100,100,100,0,0,7,11,7,11,18,1,1,0,7,22,0,23,8,31,71.875,50,64.58333333333334,1,1,0,7,22,0,23,8,31,100,100,100,0,0,0,2,2,0,2,2,4,0,6.25,12.5,8.333333333333332,0,0,0,2,2,0,2,2,4,2,2,0,5,0,0,2,7,9,2,2,0,5,0,0,2,7,9,100,100,100,0,0,0,2,2,0,2,2,4,2,2,0,5,0,0,2,7,9,2,2,0,5,0,0,2,7,9,100,100,100,0,0,0,0,1,1,1,1,2,uuid:d14cdd04-dffb-4a6d-82c8-8e1483bdcead,6-116-554-FA,2685538,uuid:d14cdd04-dffb-4a6d-82c8-8e1483bdcead